[{"path":"src/main/java/Deadline.java","fileType":"java","lines":[{"lineNumber":1,"author":{"gitId":"goosekite"},"content":"public class Deadline extends Task{","lastModifiedDate":"2024-02-27"},{"lineNumber":2,"author":{"gitId":"goosekite"},"content":"    protected String by;","lastModifiedDate":"2024-02-27"},{"lineNumber":3,"author":{"gitId":"goosekite"},"content":"","lastModifiedDate":"2024-02-27"},{"lineNumber":4,"author":{"gitId":"goosekite"},"content":"    public Deadline() {","lastModifiedDate":"2024-02-27"},{"lineNumber":5,"author":{"gitId":"goosekite"},"content":"","lastModifiedDate":"2024-02-27"},{"lineNumber":6,"author":{"gitId":"goosekite"},"content":"    }","lastModifiedDate":"2024-02-27"},{"lineNumber":7,"author":{"gitId":"goosekite"},"content":"","lastModifiedDate":"2024-02-27"},{"lineNumber":8,"author":{"gitId":"goosekite"},"content":"    public Deadline(String description, String by) {","lastModifiedDate":"2024-02-27"},{"lineNumber":9,"author":{"gitId":"goosekite"},"content":"        super(description);","lastModifiedDate":"2024-02-27"},{"lineNumber":10,"author":{"gitId":"goosekite"},"content":"        this.by \u003d by;","lastModifiedDate":"2024-02-27"},{"lineNumber":11,"author":{"gitId":"goosekite"},"content":"    }","lastModifiedDate":"2024-02-27"},{"lineNumber":12,"author":{"gitId":"goosekite"},"content":"","lastModifiedDate":"2024-02-27"},{"lineNumber":13,"author":{"gitId":"goosekite"},"content":"    public Deadline(String userInput) {","lastModifiedDate":"2024-02-27"},{"lineNumber":14,"author":{"gitId":"goosekite"},"content":"        this.by \u003d \"tomorrow for sure\";","lastModifiedDate":"2024-02-27"},{"lineNumber":15,"author":{"gitId":"goosekite"},"content":"    }","lastModifiedDate":"2024-02-27"},{"lineNumber":16,"author":{"gitId":"goosekite"},"content":"","lastModifiedDate":"2024-02-27"},{"lineNumber":17,"author":{"gitId":"goosekite"},"content":"","lastModifiedDate":"2024-02-27"},{"lineNumber":18,"author":{"gitId":"goosekite"},"content":"    @Override","lastModifiedDate":"2024-02-27"},{"lineNumber":19,"author":{"gitId":"goosekite"},"content":"    public String toString() {","lastModifiedDate":"2024-02-27"},{"lineNumber":20,"author":{"gitId":"goosekite"},"content":"        return \"[D]\" + super.toString() + \" (by: \" + by + \")\";","lastModifiedDate":"2024-02-27"},{"lineNumber":21,"author":{"gitId":"goosekite"},"content":"    }","lastModifiedDate":"2024-02-27"},{"lineNumber":22,"author":{"gitId":"goosekite"},"content":"}","lastModifiedDate":"2024-02-27"}],"authorContributionMap":{"goosekite":22}},{"path":"src/main/java/Duke.java","fileType":"java","lines":[{"lineNumber":1,"author":{"gitId":"goosekite"},"content":"import java.lang.System;","lastModifiedDate":"2024-01-26"},{"lineNumber":2,"author":{"gitId":"goosekite"},"content":"import java.util.Scanner;","lastModifiedDate":"2024-01-26"},{"lineNumber":3,"author":{"gitId":"goosekite"},"content":"import java.util.regex.Matcher;","lastModifiedDate":"2024-03-07"},{"lineNumber":4,"author":{"gitId":"goosekite"},"content":"import java.util.regex.Pattern;","lastModifiedDate":"2024-03-07"},{"lineNumber":5,"author":{"gitId":"goosekite"},"content":"","lastModifiedDate":"2024-01-29"},{"lineNumber":6,"author":{"gitId":"goosekite"},"content":"","lastModifiedDate":"2024-01-26"},{"lineNumber":7,"author":{"gitId":"goosekite"},"content":"public class Duke{","lastModifiedDate":"2024-02-27"},{"lineNumber":8,"author":{"gitId":"goosekite"},"content":"    private static Task task;","lastModifiedDate":"2024-02-27"},{"lineNumber":9,"author":{"gitId":"goosekite"},"content":"","lastModifiedDate":"2024-02-27"},{"lineNumber":10,"author":{"gitId":"goosekite"},"content":"    private String chatBotName \u003d \"Jenkins\";","lastModifiedDate":"2024-01-26"},{"lineNumber":11,"author":{"gitId":"goosekite"},"content":"    public static String userInput \u003d \"\";","lastModifiedDate":"2024-01-29"},{"lineNumber":12,"author":{"gitId":"goosekite"},"content":"    public static Boolean chatBotOnline \u003d true;","lastModifiedDate":"2024-01-29"},{"lineNumber":13,"author":{"gitId":"goosekite"},"content":"    public static byte blankUserInput \u003d 0;","lastModifiedDate":"2024-01-30"},{"lineNumber":14,"author":{"gitId":"goosekite"},"content":"","lastModifiedDate":"2024-01-29"},{"lineNumber":15,"author":{"gitId":"goosekite"},"content":"","lastModifiedDate":"2024-02-16"},{"lineNumber":16,"author":{"gitId":"goosekite"},"content":"","lastModifiedDate":"2024-01-26"},{"lineNumber":17,"author":{"gitId":"goosekite"},"content":"    public Duke(){","lastModifiedDate":"2024-01-26"},{"lineNumber":18,"author":{"gitId":"goosekite"},"content":"        chatBotGreetings();","lastModifiedDate":"2024-01-29"},{"lineNumber":19,"author":{"gitId":"goosekite"},"content":"        task \u003d new Task();","lastModifiedDate":"2024-02-27"},{"lineNumber":20,"author":{"gitId":"goosekite"},"content":"        listenForInput();","lastModifiedDate":"2024-01-26"},{"lineNumber":21,"author":{"gitId":"goosekite"},"content":"    }","lastModifiedDate":"2024-01-26"},{"lineNumber":22,"author":{"gitId":"goosekite"},"content":"","lastModifiedDate":"2024-01-26"},{"lineNumber":23,"author":{"gitId":"goosekite"},"content":"    public String getChatBotName(){","lastModifiedDate":"2024-01-26"},{"lineNumber":24,"author":{"gitId":"goosekite"},"content":"        return this.chatBotName;","lastModifiedDate":"2024-01-26"},{"lineNumber":25,"author":{"gitId":"goosekite"},"content":"    }","lastModifiedDate":"2024-01-26"},{"lineNumber":26,"author":{"gitId":"goosekite"},"content":"","lastModifiedDate":"2024-01-26"},{"lineNumber":27,"author":{"gitId":"goosekite"},"content":"    //Level 0-1 Rename","lastModifiedDate":"2024-03-07"},{"lineNumber":28,"author":{"gitId":"goosekite"},"content":"    public void setChatBotName(String userInput){","lastModifiedDate":"2024-01-29"},{"lineNumber":29,"author":{"gitId":"goosekite"},"content":"        this.chatBotName \u003d userInput;","lastModifiedDate":"2024-01-29"},{"lineNumber":30,"author":{"gitId":"goosekite"},"content":"    }","lastModifiedDate":"2024-01-29"},{"lineNumber":31,"author":{"gitId":"goosekite"},"content":"","lastModifiedDate":"2024-01-29"},{"lineNumber":32,"author":{"gitId":"goosekite"},"content":"    //Level 0-2 Greet","lastModifiedDate":"2024-03-07"},{"lineNumber":33,"author":{"gitId":"goosekite"},"content":"    public void chatBotGreetings(){","lastModifiedDate":"2024-01-29"},{"lineNumber":34,"author":{"gitId":"goosekite"},"content":"        System.out.println(getChatBotName() + \": Hello! you may call me \" + getChatBotName() + \". I remember it, so you don\u0027t have to!\");","lastModifiedDate":"2024-03-07"},{"lineNumber":35,"author":{"gitId":"goosekite"},"content":"        System.out.println(\"What can I do for you?\");","lastModifiedDate":"2024-03-07"},{"lineNumber":36,"author":{"gitId":"goosekite"},"content":"    }","lastModifiedDate":"2024-03-07"},{"lineNumber":37,"author":{"gitId":"goosekite"},"content":"","lastModifiedDate":"2024-03-07"},{"lineNumber":38,"author":{"gitId":"goosekite"},"content":"    //Exhaustive list for user, easy reference for programmers","lastModifiedDate":"2024-03-07"},{"lineNumber":39,"author":{"gitId":"goosekite"},"content":"    public void help(){","lastModifiedDate":"2024-03-07"},{"lineNumber":40,"author":{"gitId":"goosekite"},"content":"        System.out.println(getChatBotName() + \": Certainly! Here are all commands that I can understand:\");","lastModifiedDate":"2024-03-07"},{"lineNumber":41,"author":{"gitId":"goosekite"},"content":"        System.out.println(\"help or {.} - prints this help list to help recall\");","lastModifiedDate":"2024-03-07"},{"lineNumber":42,"author":{"gitId":"goosekite"},"content":"        System.out.println(\"bye - exits program --- tap {ENTER} 3 times)\");","lastModifiedDate":"2024-03-07"},{"lineNumber":43,"author":{"gitId":"goosekite"},"content":"        System.out.println(\"tap {ENTER} 3 times to exit program quickly\");","lastModifiedDate":"2024-03-07"},{"lineNumber":44,"author":{"gitId":"goosekite"},"content":"        drawLine();","lastModifiedDate":"2024-03-07"},{"lineNumber":45,"author":{"gitId":"goosekite"},"content":"","lastModifiedDate":"2024-03-07"},{"lineNumber":46,"author":{"gitId":"goosekite"},"content":"        System.out.println(\"[Task] - records Tasks\");","lastModifiedDate":"2024-03-07"},{"lineNumber":47,"author":{"gitId":"goosekite"},"content":"        System.out.println(\"[Task] by [timing] - records Deadlines\");","lastModifiedDate":"2024-03-07"},{"lineNumber":48,"author":{"gitId":"goosekite"},"content":"        System.out.println(\"[Task] from [time] to [time] - records Events\");","lastModifiedDate":"2024-03-07"},{"lineNumber":49,"author":{"gitId":"goosekite"},"content":"        System.out.println(\"list - prints all recorded events\");","lastModifiedDate":"2024-03-07"},{"lineNumber":50,"author":{"gitId":"goosekite"},"content":"    }","lastModifiedDate":"2024-01-29"},{"lineNumber":51,"author":{"gitId":"goosekite"},"content":"","lastModifiedDate":"2024-01-29"},{"lineNumber":52,"author":{"gitId":"goosekite"},"content":"    public void stopProgram(){","lastModifiedDate":"2024-01-26"},{"lineNumber":53,"author":{"gitId":"goosekite"},"content":"        chatBotOnline \u003d false;","lastModifiedDate":"2024-01-29"},{"lineNumber":54,"author":{"gitId":"goosekite"},"content":"        System.out.print(getChatBotName() + \": Bye. Hope to see you again soon!\\n\");","lastModifiedDate":"2024-01-26"},{"lineNumber":55,"author":{"gitId":"goosekite"},"content":"    }","lastModifiedDate":"2024-01-26"},{"lineNumber":56,"author":{"gitId":"goosekite"},"content":"","lastModifiedDate":"2024-01-26"},{"lineNumber":57,"author":{"gitId":"goosekite"},"content":"//Can\u0027t terminate early, else program stops prematurely","lastModifiedDate":"2024-01-30"},{"lineNumber":58,"author":{"gitId":"goosekite"},"content":"    public void scanKeyword(String userInput){","lastModifiedDate":"2024-01-29"},{"lineNumber":59,"author":{"gitId":"goosekite"},"content":"        blankUserInput \u003d 0;","lastModifiedDate":"2024-01-30"},{"lineNumber":60,"author":{"gitId":"goosekite"},"content":"","lastModifiedDate":"2024-01-30"},{"lineNumber":61,"author":{"gitId":"goosekite"},"content":"        //Level 0-3 Exit","lastModifiedDate":"2024-03-07"},{"lineNumber":62,"author":{"gitId":"goosekite"},"content":"        if (userInput.equalsIgnoreCase(\"bye\")) {","lastModifiedDate":"2024-02-27"},{"lineNumber":63,"author":{"gitId":"goosekite"},"content":"            stopProgram();","lastModifiedDate":"2024-01-26"},{"lineNumber":64,"author":{"gitId":"goosekite"},"content":"            return;","lastModifiedDate":"2024-01-26"},{"lineNumber":65,"author":{"gitId":"goosekite"},"content":"        }","lastModifiedDate":"2024-01-26"},{"lineNumber":66,"author":{"gitId":"goosekite"},"content":"","lastModifiedDate":"2024-01-26"},{"lineNumber":67,"author":{"gitId":"goosekite"},"content":"        //Extra","lastModifiedDate":"2024-03-07"},{"lineNumber":68,"author":{"gitId":"goosekite"},"content":"        if (userInput.equalsIgnoreCase(\"help\")) {","lastModifiedDate":"2024-03-07"},{"lineNumber":69,"author":{"gitId":"goosekite"},"content":"            help();","lastModifiedDate":"2024-03-07"},{"lineNumber":70,"author":{"gitId":"goosekite"},"content":"        }","lastModifiedDate":"2024-03-07"},{"lineNumber":71,"author":{"gitId":"goosekite"},"content":"","lastModifiedDate":"2024-03-07"},{"lineNumber":72,"author":{"gitId":"goosekite"},"content":"        if (userInput.equalsIgnoreCase(\"change bot name\")){","lastModifiedDate":"2024-02-27"},{"lineNumber":73,"author":{"gitId":"goosekite"},"content":"            System.out.println(getChatBotName() + \": Sure! Please key in my new name\");","lastModifiedDate":"2024-01-29"},{"lineNumber":74,"author":{"gitId":"goosekite"},"content":"            Scanner sc \u003d new Scanner(System.in); //open scanner!","lastModifiedDate":"2024-01-29"},{"lineNumber":75,"author":{"gitId":"goosekite"},"content":"            userInput \u003d sc.nextLine();","lastModifiedDate":"2024-01-29"},{"lineNumber":76,"author":{"gitId":"goosekite"},"content":"","lastModifiedDate":"2024-01-29"},{"lineNumber":77,"author":{"gitId":"goosekite"},"content":"            String name \u003d userInput.trim();","lastModifiedDate":"2024-01-29"},{"lineNumber":78,"author":{"gitId":"goosekite"},"content":"            setChatBotName(name);","lastModifiedDate":"2024-01-29"},{"lineNumber":79,"author":{"gitId":"goosekite"},"content":"","lastModifiedDate":"2024-01-29"},{"lineNumber":80,"author":{"gitId":"goosekite"},"content":"            System.out.println(getChatBotName() + \": Right away!\");","lastModifiedDate":"2024-01-29"},{"lineNumber":81,"author":{"gitId":"goosekite"},"content":"            chatBotGreetings();","lastModifiedDate":"2024-01-29"},{"lineNumber":82,"author":{"gitId":"goosekite"},"content":"        }","lastModifiedDate":"2024-01-26"},{"lineNumber":83,"author":{"gitId":"goosekite"},"content":"","lastModifiedDate":"2024-01-26"},{"lineNumber":84,"author":{"gitId":"goosekite"},"content":"        //Level 2-2 List","lastModifiedDate":"2024-03-07"},{"lineNumber":85,"author":{"gitId":"goosekite"},"content":"        else if (userInput.equalsIgnoreCase(\"list\")){","lastModifiedDate":"2024-03-07"},{"lineNumber":86,"author":{"gitId":"goosekite"},"content":"            task.printWordDiary();","lastModifiedDate":"2024-03-07"},{"lineNumber":87,"author":{"gitId":"goosekite"},"content":"        }","lastModifiedDate":"2024-02-18"},{"lineNumber":88,"author":{"gitId":"goosekite"},"content":"","lastModifiedDate":"2024-02-18"},{"lineNumber":89,"author":{"gitId":"goosekite"},"content":"        else if (userInput.contains(\"mark \") || userInput.contains(\"unmark \")){","lastModifiedDate":"2024-02-18"},{"lineNumber":90,"author":{"gitId":"goosekite"},"content":"            task.markAsDone(userInput);","lastModifiedDate":"2024-02-27"},{"lineNumber":91,"author":{"gitId":"goosekite"},"content":"        }","lastModifiedDate":"2024-02-27"},{"lineNumber":92,"author":{"gitId":"goosekite"},"content":"","lastModifiedDate":"2024-02-27"},{"lineNumber":93,"author":{"gitId":"goosekite"},"content":"        // Level 4-3 Events","lastModifiedDate":"2024-03-07"},{"lineNumber":94,"author":{"gitId":"goosekite"},"content":"        else if (userInput.contains(\"from \") \u0026\u0026 userInput.contains(\"to \")){","lastModifiedDate":"2024-03-07"},{"lineNumber":95,"author":{"gitId":"goosekite"},"content":"            Pattern pattern \u003d Pattern.compile(\"(.+) from (.+) to (.+)\");","lastModifiedDate":"2024-03-07"},{"lineNumber":96,"author":{"gitId":"goosekite"},"content":"            Matcher matcher \u003d pattern.matcher(userInput);","lastModifiedDate":"2024-03-07"},{"lineNumber":97,"author":{"gitId":"goosekite"},"content":"","lastModifiedDate":"2024-02-18"},{"lineNumber":98,"author":{"gitId":"goosekite"},"content":"            if (matcher.find()) {","lastModifiedDate":"2024-03-07"},{"lineNumber":99,"author":{"gitId":"goosekite"},"content":"","lastModifiedDate":"2024-03-07"},{"lineNumber":100,"author":{"gitId":"goosekite"},"content":"                String eventDescription \u003d matcher.group(1);","lastModifiedDate":"2024-03-07"},{"lineNumber":101,"author":{"gitId":"goosekite"},"content":"                String start \u003d matcher.group(2);","lastModifiedDate":"2024-03-07"},{"lineNumber":102,"author":{"gitId":"goosekite"},"content":"                String end \u003d matcher.group(3);","lastModifiedDate":"2024-03-07"},{"lineNumber":103,"author":{"gitId":"goosekite"},"content":"","lastModifiedDate":"2024-03-07"},{"lineNumber":104,"author":{"gitId":"goosekite"},"content":"                Event event \u003d new Event(eventDescription, start, end);","lastModifiedDate":"2024-03-07"},{"lineNumber":105,"author":{"gitId":"goosekite"},"content":"                task.createTask(event);","lastModifiedDate":"2024-02-27"},{"lineNumber":106,"author":{"gitId":"goosekite"},"content":"","lastModifiedDate":"2024-03-07"},{"lineNumber":107,"author":{"gitId":"goosekite"},"content":"                System.out.print(\"Event \");","lastModifiedDate":"2024-03-07"},{"lineNumber":108,"author":{"gitId":"goosekite"},"content":"                echoUserInput(userInput);","lastModifiedDate":"2024-02-27"},{"lineNumber":109,"author":{"gitId":"goosekite"},"content":"            }","lastModifiedDate":"2024-02-27"},{"lineNumber":110,"author":{"gitId":"goosekite"},"content":"","lastModifiedDate":"2024-02-27"},{"lineNumber":111,"author":{"gitId":"goosekite"},"content":"            else {","lastModifiedDate":"2024-03-07"},{"lineNumber":112,"author":{"gitId":"goosekite"},"content":"                System.out.println(\"Invalid input format for event\");","lastModifiedDate":"2024-03-07"},{"lineNumber":113,"author":{"gitId":"goosekite"},"content":"            }","lastModifiedDate":"2024-03-07"},{"lineNumber":114,"author":{"gitId":"goosekite"},"content":"","lastModifiedDate":"2024-02-28"},{"lineNumber":115,"author":{"gitId":"goosekite"},"content":"        }","lastModifiedDate":"2024-03-07"},{"lineNumber":116,"author":{"gitId":"goosekite"},"content":"","lastModifiedDate":"2024-03-07"},{"lineNumber":117,"author":{"gitId":"goosekite"},"content":"        // Level 4-2 Deadlines","lastModifiedDate":"2024-03-07"},{"lineNumber":118,"author":{"gitId":"goosekite"},"content":"        else if (userInput.contains(\"deadline \") || userInput.contains(\"by \")){","lastModifiedDate":"2024-03-07"},{"lineNumber":119,"author":{"gitId":"goosekite"},"content":"","lastModifiedDate":"2024-03-07"},{"lineNumber":120,"author":{"gitId":"goosekite"},"content":"            Pattern pattern \u003d Pattern.compile(\"(.+) by (.+)\");","lastModifiedDate":"2024-03-07"},{"lineNumber":121,"author":{"gitId":"goosekite"},"content":"            Matcher matcher \u003d pattern.matcher(userInput);","lastModifiedDate":"2024-03-07"},{"lineNumber":122,"author":{"gitId":"goosekite"},"content":"","lastModifiedDate":"2024-03-07"},{"lineNumber":123,"author":{"gitId":"goosekite"},"content":"            if (matcher.find()) {","lastModifiedDate":"2024-03-07"},{"lineNumber":124,"author":{"gitId":"goosekite"},"content":"","lastModifiedDate":"2024-03-07"},{"lineNumber":125,"author":{"gitId":"goosekite"},"content":"                String eventDescription \u003d matcher.group(1);","lastModifiedDate":"2024-03-07"},{"lineNumber":126,"author":{"gitId":"goosekite"},"content":"                String deadline \u003d matcher.group(2);","lastModifiedDate":"2024-03-07"},{"lineNumber":127,"author":{"gitId":"goosekite"},"content":"","lastModifiedDate":"2024-02-28"},{"lineNumber":128,"author":{"gitId":"goosekite"},"content":"                Deadline d \u003d new Deadline(eventDescription, deadline);","lastModifiedDate":"2024-03-07"},{"lineNumber":129,"author":{"gitId":"goosekite"},"content":"                task.createTask(d);","lastModifiedDate":"2024-02-27"},{"lineNumber":130,"author":{"gitId":"goosekite"},"content":"            }","lastModifiedDate":"2024-03-07"},{"lineNumber":131,"author":{"gitId":"goosekite"},"content":"","lastModifiedDate":"2024-03-07"},{"lineNumber":132,"author":{"gitId":"goosekite"},"content":"            else {","lastModifiedDate":"2024-03-07"},{"lineNumber":133,"author":{"gitId":"goosekite"},"content":"                System.out.println(\"Invalid input format\");","lastModifiedDate":"2024-03-07"},{"lineNumber":134,"author":{"gitId":"goosekite"},"content":"            }","lastModifiedDate":"2024-03-07"},{"lineNumber":135,"author":{"gitId":"goosekite"},"content":"","lastModifiedDate":"2024-03-07"},{"lineNumber":136,"author":{"gitId":"goosekite"},"content":"            System.out.print(\"Deadline \");","lastModifiedDate":"2024-03-07"},{"lineNumber":137,"author":{"gitId":"goosekite"},"content":"            echoUserInput(userInput);","lastModifiedDate":"2024-03-07"},{"lineNumber":138,"author":{"gitId":"goosekite"},"content":"        }","lastModifiedDate":"2024-02-27"},{"lineNumber":139,"author":{"gitId":"goosekite"},"content":"","lastModifiedDate":"2024-02-18"},{"lineNumber":140,"author":{"gitId":"goosekite"},"content":"        //        //case: future implementations","lastModifiedDate":"2024-01-29"},{"lineNumber":141,"author":{"gitId":"goosekite"},"content":"        //        else if (true){","lastModifiedDate":"2024-01-29"},{"lineNumber":142,"author":{"gitId":"goosekite"},"content":"        //            //future implementations do something","lastModifiedDate":"2024-01-29"},{"lineNumber":143,"author":{"gitId":"goosekite"},"content":"        //        }","lastModifiedDate":"2024-01-29"},{"lineNumber":144,"author":{"gitId":"goosekite"},"content":"","lastModifiedDate":"2024-01-29"},{"lineNumber":145,"author":{"gitId":"goosekite"},"content":"","lastModifiedDate":"2024-01-29"},{"lineNumber":146,"author":{"gitId":"goosekite"},"content":"","lastModifiedDate":"2024-02-28"},{"lineNumber":147,"author":{"gitId":"goosekite"},"content":"        //","lastModifiedDate":"2024-03-07"},{"lineNumber":148,"author":{"gitId":"goosekite"},"content":"        else if (!userInput.equals(\"help\")){ // Level 4-1 Task To do","lastModifiedDate":"2024-03-07"},{"lineNumber":149,"author":{"gitId":"goosekite"},"content":"            ToDo todo \u003d new ToDo(userInput);","lastModifiedDate":"2024-03-07"},{"lineNumber":150,"author":{"gitId":"goosekite"},"content":"            task.createTask(todo);","lastModifiedDate":"2024-03-07"},{"lineNumber":151,"author":{"gitId":"goosekite"},"content":"            System.out.print(\"Task to do \");","lastModifiedDate":"2024-03-07"},{"lineNumber":152,"author":{"gitId":"goosekite"},"content":"            echoUserInput(userInput);","lastModifiedDate":"2024-01-29"},{"lineNumber":153,"author":{"gitId":"goosekite"},"content":"        }","lastModifiedDate":"2024-01-29"},{"lineNumber":154,"author":{"gitId":"goosekite"},"content":"","lastModifiedDate":"2024-01-30"},{"lineNumber":155,"author":{"gitId":"goosekite"},"content":"        listenForInput(); //important function to keep program alive. After you scan, Listen again","lastModifiedDate":"2024-01-29"},{"lineNumber":156,"author":{"gitId":"goosekite"},"content":"    }","lastModifiedDate":"2024-01-29"},{"lineNumber":157,"author":{"gitId":"goosekite"},"content":"","lastModifiedDate":"2024-01-29"},{"lineNumber":158,"author":{"gitId":"goosekite"},"content":"    public void listenForInput() {","lastModifiedDate":"2024-01-29"},{"lineNumber":159,"author":{"gitId":"goosekite"},"content":"","lastModifiedDate":"2024-01-30"},{"lineNumber":160,"author":{"gitId":"goosekite"},"content":"        if (chatBotOnline) {","lastModifiedDate":"2024-01-29"},{"lineNumber":161,"author":{"gitId":"goosekite"},"content":"            drawLine();","lastModifiedDate":"2024-01-26"},{"lineNumber":162,"author":{"gitId":"goosekite"},"content":"            Scanner sc \u003d new Scanner(System.in);","lastModifiedDate":"2024-01-29"},{"lineNumber":163,"author":{"gitId":"goosekite"},"content":"","lastModifiedDate":"2024-01-29"},{"lineNumber":164,"author":{"gitId":"goosekite"},"content":"            userInput \u003d sc.nextLine();","lastModifiedDate":"2024-01-29"},{"lineNumber":165,"author":{"gitId":"goosekite"},"content":"","lastModifiedDate":"2024-01-29"},{"lineNumber":166,"author":{"gitId":"goosekite"},"content":"            if (userInput.isBlank()) {","lastModifiedDate":"2024-01-30"},{"lineNumber":167,"author":{"gitId":"goosekite"},"content":"                botGetsImpatient(blankUserInput++);","lastModifiedDate":"2024-01-30"},{"lineNumber":168,"author":{"gitId":"goosekite"},"content":"            }","lastModifiedDate":"2024-01-29"},{"lineNumber":169,"author":{"gitId":"goosekite"},"content":"","lastModifiedDate":"2024-01-29"},{"lineNumber":170,"author":{"gitId":"goosekite"},"content":"            else{","lastModifiedDate":"2024-01-29"},{"lineNumber":171,"author":{"gitId":"goosekite"},"content":"                String cleanText \u003d userInput.trim();","lastModifiedDate":"2024-02-28"},{"lineNumber":172,"author":{"gitId":"goosekite"},"content":"                scanKeyword(cleanText);","lastModifiedDate":"2024-02-28"},{"lineNumber":173,"author":{"gitId":"goosekite"},"content":"            }","lastModifiedDate":"2024-01-29"},{"lineNumber":174,"author":{"gitId":"goosekite"},"content":"","lastModifiedDate":"2024-01-30"},{"lineNumber":175,"author":{"gitId":"goosekite"},"content":"        }","lastModifiedDate":"2024-01-29"},{"lineNumber":176,"author":{"gitId":"goosekite"},"content":"","lastModifiedDate":"2024-01-30"},{"lineNumber":177,"author":{"gitId":"goosekite"},"content":"        //chatBot Offline, program will return until it closes itself","lastModifiedDate":"2024-01-30"},{"lineNumber":178,"author":{"gitId":"goosekite"},"content":"    }","lastModifiedDate":"2024-01-29"},{"lineNumber":179,"author":{"gitId":"goosekite"},"content":"","lastModifiedDate":"2024-01-29"},{"lineNumber":180,"author":{"gitId":"goosekite"},"content":"    //Extra 1 - Impatience Meter","lastModifiedDate":"2024-03-07"},{"lineNumber":181,"author":{"gitId":"goosekite"},"content":"    public void botGetsImpatient(int blankUserInput){","lastModifiedDate":"2024-02-18"},{"lineNumber":182,"author":{"gitId":"goosekite"},"content":"        final int botMaxPatience \u003d 2; //Feel free to change, I think 2 is good enough","lastModifiedDate":"2024-02-18"},{"lineNumber":183,"author":{"gitId":"goosekite"},"content":"        int botPatience \u003d botMaxPatience - blankUserInput;","lastModifiedDate":"2024-02-18"},{"lineNumber":184,"author":{"gitId":"goosekite"},"content":"","lastModifiedDate":"2024-01-29"},{"lineNumber":185,"author":{"gitId":"goosekite"},"content":"        if (botPatience \u003e 1) {","lastModifiedDate":"2024-02-18"},{"lineNumber":186,"author":{"gitId":"goosekite"},"content":"            System.out.println(\"Sorry, I did not receive any commands\");","lastModifiedDate":"2024-02-18"},{"lineNumber":187,"author":{"gitId":"goosekite"},"content":"            System.out.println(\"I will leave if there\u0027s no one around. \" + botPatience + \" more chance\");","lastModifiedDate":"2024-02-18"},{"lineNumber":188,"author":{"gitId":"goosekite"},"content":"            listenForInput();","lastModifiedDate":"2024-02-18"},{"lineNumber":189,"author":{"gitId":"goosekite"},"content":"        }","lastModifiedDate":"2024-01-29"},{"lineNumber":190,"author":{"gitId":"goosekite"},"content":"","lastModifiedDate":"2024-01-29"},{"lineNumber":191,"author":{"gitId":"goosekite"},"content":"        else if (botPatience \u003d\u003d 1) {","lastModifiedDate":"2024-02-18"},{"lineNumber":192,"author":{"gitId":"goosekite"},"content":"            System.out.println(\"Last Chance! Please issue a command or I will leave!\");","lastModifiedDate":"2024-02-18"},{"lineNumber":193,"author":{"gitId":"goosekite"},"content":"            listenForInput();","lastModifiedDate":"2024-02-18"},{"lineNumber":194,"author":{"gitId":"goosekite"},"content":"        }","lastModifiedDate":"2024-01-30"},{"lineNumber":195,"author":{"gitId":"goosekite"},"content":"","lastModifiedDate":"2024-01-30"},{"lineNumber":196,"author":{"gitId":"goosekite"},"content":"        else {","lastModifiedDate":"2024-02-18"},{"lineNumber":197,"author":{"gitId":"goosekite"},"content":"            System.out.println(\"Looks like no one\u0027s here. Good bye\");","lastModifiedDate":"2024-02-18"},{"lineNumber":198,"author":{"gitId":"goosekite"},"content":"            stopProgram();","lastModifiedDate":"2024-02-18"},{"lineNumber":199,"author":{"gitId":"goosekite"},"content":"        }","lastModifiedDate":"2024-01-29"},{"lineNumber":200,"author":{"gitId":"goosekite"},"content":"    }","lastModifiedDate":"2024-01-29"},{"lineNumber":201,"author":{"gitId":"goosekite"},"content":"","lastModifiedDate":"2024-01-29"},{"lineNumber":202,"author":{"gitId":"goosekite"},"content":"    //Level 1 Echo","lastModifiedDate":"2024-03-07"},{"lineNumber":203,"author":{"gitId":"goosekite"},"content":"    public void echoUserInput(String s){","lastModifiedDate":"2024-01-29"},{"lineNumber":204,"author":{"gitId":"goosekite"},"content":"        System.out.println(\"added: \" + s);","lastModifiedDate":"2024-01-29"},{"lineNumber":205,"author":{"gitId":"goosekite"},"content":"        listenForInput();","lastModifiedDate":"2024-01-26"},{"lineNumber":206,"author":{"gitId":"goosekite"},"content":"    }","lastModifiedDate":"2024-01-26"},{"lineNumber":207,"author":{"gitId":"goosekite"},"content":"","lastModifiedDate":"2024-01-26"},{"lineNumber":208,"author":{"gitId":"goosekite"},"content":"    //Extra 2 - just a drawing a line","lastModifiedDate":"2024-03-07"},{"lineNumber":209,"author":{"gitId":"goosekite"},"content":"    public void drawLine() {","lastModifiedDate":"2024-01-26"},{"lineNumber":210,"author":{"gitId":"goosekite"},"content":"        System.out.println(\"____________________________________________________________\");","lastModifiedDate":"2024-01-26"},{"lineNumber":211,"author":{"gitId":"goosekite"},"content":"    }","lastModifiedDate":"2024-01-26"},{"lineNumber":212,"author":{"gitId":"goosekite"},"content":"","lastModifiedDate":"2024-01-26"},{"lineNumber":213,"author":{"gitId":"-"},"content":"    public static void main(String[] args) {","lastModifiedDate":"2019-07-29"},{"lineNumber":214,"author":{"gitId":"goosekite"},"content":"        Duke Jenkins \u003d new Duke();","lastModifiedDate":"2024-01-26"},{"lineNumber":215,"author":{"gitId":"goosekite"},"content":"","lastModifiedDate":"2024-02-27"},{"lineNumber":216,"author":{"gitId":"goosekite"},"content":"    }","lastModifiedDate":"2024-01-26"},{"lineNumber":217,"author":{"gitId":"goosekite"},"content":"","lastModifiedDate":"2024-01-29"},{"lineNumber":218,"author":{"gitId":"goosekite"},"content":"}","lastModifiedDate":"2024-01-26"}],"authorContributionMap":{"goosekite":217,"-":1}},{"path":"src/main/java/Event.java","fileType":"java","lines":[{"lineNumber":1,"author":{"gitId":"goosekite"},"content":"public class Event extends Task{","lastModifiedDate":"2024-02-27"},{"lineNumber":2,"author":{"gitId":"goosekite"},"content":"    protected String start;","lastModifiedDate":"2024-02-27"},{"lineNumber":3,"author":{"gitId":"goosekite"},"content":"    protected String end;","lastModifiedDate":"2024-02-27"},{"lineNumber":4,"author":{"gitId":"goosekite"},"content":"","lastModifiedDate":"2024-02-27"},{"lineNumber":5,"author":{"gitId":"goosekite"},"content":"    public Event(String description, String start, String end) {","lastModifiedDate":"2024-02-27"},{"lineNumber":6,"author":{"gitId":"goosekite"},"content":"        super(description);","lastModifiedDate":"2024-02-27"},{"lineNumber":7,"author":{"gitId":"goosekite"},"content":"        this.start \u003d start;","lastModifiedDate":"2024-03-07"},{"lineNumber":8,"author":{"gitId":"goosekite"},"content":"        this.end \u003d end;","lastModifiedDate":"2024-03-07"},{"lineNumber":9,"author":{"gitId":"goosekite"},"content":"    }","lastModifiedDate":"2024-02-27"},{"lineNumber":10,"author":{"gitId":"goosekite"},"content":"","lastModifiedDate":"2024-02-27"},{"lineNumber":11,"author":{"gitId":"goosekite"},"content":"    @Override","lastModifiedDate":"2024-02-27"},{"lineNumber":12,"author":{"gitId":"goosekite"},"content":"    public String toString() {","lastModifiedDate":"2024-02-27"},{"lineNumber":13,"author":{"gitId":"goosekite"},"content":"        return \"[E]\" + super.toString() + \" (from: \" + start + \" to: \" + end + \" )\";","lastModifiedDate":"2024-02-27"},{"lineNumber":14,"author":{"gitId":"goosekite"},"content":"    }","lastModifiedDate":"2024-02-27"},{"lineNumber":15,"author":{"gitId":"goosekite"},"content":"}","lastModifiedDate":"2024-02-27"},{"lineNumber":16,"author":{"gitId":"goosekite"},"content":"","lastModifiedDate":"2024-02-27"}],"authorContributionMap":{"goosekite":16}},{"path":"src/main/java/Task.java","fileType":"java","lines":[{"lineNumber":1,"author":{"gitId":"goosekite"},"content":"import java.util.ArrayList;","lastModifiedDate":"2024-02-18"},{"lineNumber":2,"author":{"gitId":"goosekite"},"content":"import java.util.regex.Matcher;","lastModifiedDate":"2024-02-18"},{"lineNumber":3,"author":{"gitId":"goosekite"},"content":"import java.util.regex.Pattern;","lastModifiedDate":"2024-02-18"},{"lineNumber":4,"author":{"gitId":"goosekite"},"content":"","lastModifiedDate":"2024-02-18"},{"lineNumber":5,"author":{"gitId":"goosekite"},"content":"public class Task {","lastModifiedDate":"2024-02-18"},{"lineNumber":6,"author":{"gitId":"goosekite"},"content":"    private ArrayList\u003cTask\u003e tasksStorage;","lastModifiedDate":"2024-02-27"},{"lineNumber":7,"author":{"gitId":"goosekite"},"content":"","lastModifiedDate":"2024-02-18"},{"lineNumber":8,"author":{"gitId":"goosekite"},"content":"    protected String description;","lastModifiedDate":"2024-02-27"},{"lineNumber":9,"author":{"gitId":"goosekite"},"content":"    protected boolean isDone;","lastModifiedDate":"2024-02-27"},{"lineNumber":10,"author":{"gitId":"goosekite"},"content":"","lastModifiedDate":"2024-02-18"},{"lineNumber":11,"author":{"gitId":"goosekite"},"content":"    private static int taskSize \u003d 0;","lastModifiedDate":"2024-02-18"},{"lineNumber":12,"author":{"gitId":"goosekite"},"content":"","lastModifiedDate":"2024-02-18"},{"lineNumber":13,"author":{"gitId":"goosekite"},"content":"    //Constructors","lastModifiedDate":"2024-02-18"},{"lineNumber":14,"author":{"gitId":"goosekite"},"content":"    public Task(){","lastModifiedDate":"2024-02-18"},{"lineNumber":15,"author":{"gitId":"goosekite"},"content":"        this.tasksStorage \u003d new ArrayList\u003c\u003e();","lastModifiedDate":"2024-02-27"},{"lineNumber":16,"author":{"gitId":"goosekite"},"content":"    }","lastModifiedDate":"2024-02-27"},{"lineNumber":17,"author":{"gitId":"goosekite"},"content":"","lastModifiedDate":"2024-02-27"},{"lineNumber":18,"author":{"gitId":"goosekite"},"content":"    public String toString(){","lastModifiedDate":"2024-02-27"},{"lineNumber":19,"author":{"gitId":"goosekite"},"content":"        return \"[\" + getStatusIcon() + \"] \" + this.description;","lastModifiedDate":"2024-02-27"},{"lineNumber":20,"author":{"gitId":"goosekite"},"content":"    }","lastModifiedDate":"2024-02-18"},{"lineNumber":21,"author":{"gitId":"goosekite"},"content":"","lastModifiedDate":"2024-02-18"},{"lineNumber":22,"author":{"gitId":"goosekite"},"content":"    public Task(String dukeUserInput) {","lastModifiedDate":"2024-02-18"},{"lineNumber":23,"author":{"gitId":"goosekite"},"content":"        this.description \u003d dukeUserInput;","lastModifiedDate":"2024-02-18"},{"lineNumber":24,"author":{"gitId":"goosekite"},"content":"        this.isDone \u003d false;","lastModifiedDate":"2024-02-18"},{"lineNumber":25,"author":{"gitId":"goosekite"},"content":"    }","lastModifiedDate":"2024-02-18"},{"lineNumber":26,"author":{"gitId":"goosekite"},"content":"","lastModifiedDate":"2024-02-18"},{"lineNumber":27,"author":{"gitId":"goosekite"},"content":"    public void createTask(Task t){","lastModifiedDate":"2024-02-27"},{"lineNumber":28,"author":{"gitId":"goosekite"},"content":"        this.tasksStorage.add(t);","lastModifiedDate":"2024-02-27"},{"lineNumber":29,"author":{"gitId":"goosekite"},"content":"        taskSize++;","lastModifiedDate":"2024-02-18"},{"lineNumber":30,"author":{"gitId":"goosekite"},"content":"    }","lastModifiedDate":"2024-02-18"},{"lineNumber":31,"author":{"gitId":"goosekite"},"content":"","lastModifiedDate":"2024-02-18"},{"lineNumber":32,"author":{"gitId":"goosekite"},"content":"//    public void removeTask(Task t){","lastModifiedDate":"2024-02-27"},{"lineNumber":33,"author":{"gitId":"goosekite"},"content":"//        //please continue here for Level 6","lastModifiedDate":"2024-03-07"},{"lineNumber":34,"author":{"gitId":"goosekite"},"content":"//    }","lastModifiedDate":"2024-02-27"},{"lineNumber":35,"author":{"gitId":"goosekite"},"content":"","lastModifiedDate":"2024-02-18"},{"lineNumber":36,"author":{"gitId":"goosekite"},"content":"    //Methods to filter Information","lastModifiedDate":"2024-02-18"},{"lineNumber":37,"author":{"gitId":"goosekite"},"content":"    public String getStatusIcon() {","lastModifiedDate":"2024-02-18"},{"lineNumber":38,"author":{"gitId":"goosekite"},"content":"        return (getIsDone() ? \"X\" : \" \"); // mark done task with X","lastModifiedDate":"2024-02-18"},{"lineNumber":39,"author":{"gitId":"goosekite"},"content":"    }","lastModifiedDate":"2024-02-18"},{"lineNumber":40,"author":{"gitId":"goosekite"},"content":"","lastModifiedDate":"2024-02-18"},{"lineNumber":41,"author":{"gitId":"goosekite"},"content":"    public static int getTaskSize(){","lastModifiedDate":"2024-02-18"},{"lineNumber":42,"author":{"gitId":"goosekite"},"content":"        return taskSize;","lastModifiedDate":"2024-02-18"},{"lineNumber":43,"author":{"gitId":"goosekite"},"content":"    }","lastModifiedDate":"2024-02-18"},{"lineNumber":44,"author":{"gitId":"goosekite"},"content":"","lastModifiedDate":"2024-02-18"},{"lineNumber":45,"author":{"gitId":"goosekite"},"content":"    public void printWordDiary(){","lastModifiedDate":"2024-02-27"},{"lineNumber":46,"author":{"gitId":"goosekite"},"content":"        if (taskSize \u003d\u003d 0){","lastModifiedDate":"2024-02-18"},{"lineNumber":47,"author":{"gitId":"goosekite"},"content":"            System.out.println(\"Sorry, I found no task :(\");","lastModifiedDate":"2024-03-07"},{"lineNumber":48,"author":{"gitId":"goosekite"},"content":"            return;","lastModifiedDate":"2024-02-18"},{"lineNumber":49,"author":{"gitId":"goosekite"},"content":"        }","lastModifiedDate":"2024-02-18"},{"lineNumber":50,"author":{"gitId":"goosekite"},"content":"","lastModifiedDate":"2024-02-18"},{"lineNumber":51,"author":{"gitId":"goosekite"},"content":"        //1 way to improve is having an enum to store high medium low amount of task.","lastModifiedDate":"2024-03-07"},{"lineNumber":52,"author":{"gitId":"goosekite"},"content":"        if (getTaskSize() \u003d\u003d 1){","lastModifiedDate":"2024-03-07"},{"lineNumber":53,"author":{"gitId":"goosekite"},"content":"            System.out.println(\"Marvelous, There\u0027s only 1 outstanding task left to complete!\");","lastModifiedDate":"2024-03-07"},{"lineNumber":54,"author":{"gitId":"goosekite"},"content":"        }","lastModifiedDate":"2024-03-07"},{"lineNumber":55,"author":{"gitId":"goosekite"},"content":"","lastModifiedDate":"2024-02-27"},{"lineNumber":56,"author":{"gitId":"goosekite"},"content":"        else {","lastModifiedDate":"2024-03-07"},{"lineNumber":57,"author":{"gitId":"goosekite"},"content":"            System.out.println(\"Right away! I found \" + getTaskSize() + \" tasks!\");","lastModifiedDate":"2024-03-07"},{"lineNumber":58,"author":{"gitId":"goosekite"},"content":"            for (int i \u003d 0; i \u003c this.tasksStorage.size(); i++) {","lastModifiedDate":"2024-03-07"},{"lineNumber":59,"author":{"gitId":"goosekite"},"content":"                Task t \u003d this.tasksStorage.get(i);","lastModifiedDate":"2024-02-27"},{"lineNumber":60,"author":{"gitId":"goosekite"},"content":"                System.out.print(i + 1 + \" \" + t.toString() + \"\\n\");","lastModifiedDate":"2024-02-27"},{"lineNumber":61,"author":{"gitId":"goosekite"},"content":"            }","lastModifiedDate":"2024-02-18"},{"lineNumber":62,"author":{"gitId":"goosekite"},"content":"        }","lastModifiedDate":"2024-02-18"},{"lineNumber":63,"author":{"gitId":"goosekite"},"content":"    }","lastModifiedDate":"2024-03-07"},{"lineNumber":64,"author":{"gitId":"goosekite"},"content":"","lastModifiedDate":"2024-02-18"},{"lineNumber":65,"author":{"gitId":"goosekite"},"content":"    //Retrieve String description","lastModifiedDate":"2024-02-18"},{"lineNumber":66,"author":{"gitId":"goosekite"},"content":"    public String getTaskDescription(){","lastModifiedDate":"2024-02-18"},{"lineNumber":67,"author":{"gitId":"goosekite"},"content":"        return description;","lastModifiedDate":"2024-02-18"},{"lineNumber":68,"author":{"gitId":"goosekite"},"content":"    }","lastModifiedDate":"2024-02-18"},{"lineNumber":69,"author":{"gitId":"goosekite"},"content":"","lastModifiedDate":"2024-02-18"},{"lineNumber":70,"author":{"gitId":"goosekite"},"content":"","lastModifiedDate":"2024-02-18"},{"lineNumber":71,"author":{"gitId":"goosekite"},"content":"    //Retrieve \u0026 Update Boolean isDone","lastModifiedDate":"2024-02-18"},{"lineNumber":72,"author":{"gitId":"goosekite"},"content":"    public boolean getIsDone(){","lastModifiedDate":"2024-02-18"},{"lineNumber":73,"author":{"gitId":"goosekite"},"content":"        return isDone;","lastModifiedDate":"2024-02-18"},{"lineNumber":74,"author":{"gitId":"goosekite"},"content":"    }","lastModifiedDate":"2024-02-18"},{"lineNumber":75,"author":{"gitId":"goosekite"},"content":"    public void markAsDone(String s){","lastModifiedDate":"2024-02-18"},{"lineNumber":76,"author":{"gitId":"goosekite"},"content":"","lastModifiedDate":"2024-02-18"},{"lineNumber":77,"author":{"gitId":"goosekite"},"content":"        // Define a regular expression pattern to match numbers","lastModifiedDate":"2024-02-18"},{"lineNumber":78,"author":{"gitId":"goosekite"},"content":"        Pattern pattern \u003d Pattern.compile(\"\\\\d+\");","lastModifiedDate":"2024-02-18"},{"lineNumber":79,"author":{"gitId":"goosekite"},"content":"","lastModifiedDate":"2024-02-18"},{"lineNumber":80,"author":{"gitId":"goosekite"},"content":"        // Create a Matcher object to find matches of the pattern in the input string","lastModifiedDate":"2024-02-18"},{"lineNumber":81,"author":{"gitId":"goosekite"},"content":"        Matcher matcher \u003d pattern.matcher(s);","lastModifiedDate":"2024-02-18"},{"lineNumber":82,"author":{"gitId":"goosekite"},"content":"","lastModifiedDate":"2024-02-18"},{"lineNumber":83,"author":{"gitId":"goosekite"},"content":"        // Check if any matches are found","lastModifiedDate":"2024-02-18"},{"lineNumber":84,"author":{"gitId":"goosekite"},"content":"        if (matcher.find()) {","lastModifiedDate":"2024-02-18"},{"lineNumber":85,"author":{"gitId":"goosekite"},"content":"            // Extract the matched number","lastModifiedDate":"2024-02-18"},{"lineNumber":86,"author":{"gitId":"goosekite"},"content":"            String numberStr \u003d matcher.group();","lastModifiedDate":"2024-02-18"},{"lineNumber":87,"author":{"gitId":"goosekite"},"content":"            int index \u003d Integer.parseInt(numberStr);","lastModifiedDate":"2024-02-18"},{"lineNumber":88,"author":{"gitId":"goosekite"},"content":"            int counter \u003d index--;","lastModifiedDate":"2024-02-27"},{"lineNumber":89,"author":{"gitId":"goosekite"},"content":"","lastModifiedDate":"2024-02-27"},{"lineNumber":90,"author":{"gitId":"goosekite"},"content":"            System.out.println(\"Searching for task \" + counter + \"...\");","lastModifiedDate":"2024-02-27"},{"lineNumber":91,"author":{"gitId":"goosekite"},"content":"","lastModifiedDate":"2024-02-18"},{"lineNumber":92,"author":{"gitId":"goosekite"},"content":"            // Check if the index is valid","lastModifiedDate":"2024-02-18"},{"lineNumber":93,"author":{"gitId":"goosekite"},"content":"            if (index \u003e\u003d 0 \u0026\u0026 index \u003c tasksStorage.size()) {","lastModifiedDate":"2024-02-18"},{"lineNumber":94,"author":{"gitId":"goosekite"},"content":"                // Toggle the isDone flag of the specified task","lastModifiedDate":"2024-02-18"},{"lineNumber":95,"author":{"gitId":"goosekite"},"content":"                Task task \u003d tasksStorage.get(index);","lastModifiedDate":"2024-02-18"},{"lineNumber":96,"author":{"gitId":"goosekite"},"content":"                task.isDone \u003d !task.isDone;","lastModifiedDate":"2024-02-18"},{"lineNumber":97,"author":{"gitId":"goosekite"},"content":"","lastModifiedDate":"2024-02-27"},{"lineNumber":98,"author":{"gitId":"goosekite"},"content":"                System.out.println(\"Task \" + counter + \" marked as \" + (task.isDone ? \"done!\" : \"undone!\"));","lastModifiedDate":"2024-02-27"},{"lineNumber":99,"author":{"gitId":"goosekite"},"content":"","lastModifiedDate":"2024-02-18"},{"lineNumber":100,"author":{"gitId":"goosekite"},"content":"                System.out.print(counter + \".\");","lastModifiedDate":"2024-02-27"},{"lineNumber":101,"author":{"gitId":"goosekite"},"content":"                System.out.print(\"[\" + task.getStatusIcon() + \"] \");","lastModifiedDate":"2024-02-18"},{"lineNumber":102,"author":{"gitId":"goosekite"},"content":"                System.out.println(task.getTaskDescription());","lastModifiedDate":"2024-02-18"},{"lineNumber":103,"author":{"gitId":"goosekite"},"content":"","lastModifiedDate":"2024-02-18"},{"lineNumber":104,"author":{"gitId":"goosekite"},"content":"            } else {","lastModifiedDate":"2024-02-18"},{"lineNumber":105,"author":{"gitId":"goosekite"},"content":"                System.out.println(\"We don\u0027t have that task yet!\");","lastModifiedDate":"2024-02-18"},{"lineNumber":106,"author":{"gitId":"goosekite"},"content":"            }","lastModifiedDate":"2024-02-18"},{"lineNumber":107,"author":{"gitId":"goosekite"},"content":"        } else {","lastModifiedDate":"2024-02-18"},{"lineNumber":108,"author":{"gitId":"goosekite"},"content":"            System.out.println(\"I found nothing to mark :(\");","lastModifiedDate":"2024-02-18"},{"lineNumber":109,"author":{"gitId":"goosekite"},"content":"        }","lastModifiedDate":"2024-02-18"},{"lineNumber":110,"author":{"gitId":"goosekite"},"content":"","lastModifiedDate":"2024-02-18"},{"lineNumber":111,"author":{"gitId":"goosekite"},"content":"","lastModifiedDate":"2024-02-18"},{"lineNumber":112,"author":{"gitId":"goosekite"},"content":"    }","lastModifiedDate":"2024-02-18"},{"lineNumber":113,"author":{"gitId":"goosekite"},"content":"","lastModifiedDate":"2024-02-18"},{"lineNumber":114,"author":{"gitId":"goosekite"},"content":"","lastModifiedDate":"2024-02-18"},{"lineNumber":115,"author":{"gitId":"goosekite"},"content":"}","lastModifiedDate":"2024-02-18"}],"authorContributionMap":{"goosekite":115}},{"path":"src/main/java/ToDo.java","fileType":"java","lines":[{"lineNumber":1,"author":{"gitId":"goosekite"},"content":"public class ToDo extends Task {","lastModifiedDate":"2024-02-27"},{"lineNumber":2,"author":{"gitId":"goosekite"},"content":"    public ToDo(String description) {","lastModifiedDate":"2024-02-27"},{"lineNumber":3,"author":{"gitId":"goosekite"},"content":"        super(description);","lastModifiedDate":"2024-02-27"},{"lineNumber":4,"author":{"gitId":"goosekite"},"content":"    }","lastModifiedDate":"2024-02-27"},{"lineNumber":5,"author":{"gitId":"goosekite"},"content":"","lastModifiedDate":"2024-02-27"},{"lineNumber":6,"author":{"gitId":"goosekite"},"content":"    @Override","lastModifiedDate":"2024-02-27"},{"lineNumber":7,"author":{"gitId":"goosekite"},"content":"    public String toString() {","lastModifiedDate":"2024-02-27"},{"lineNumber":8,"author":{"gitId":"goosekite"},"content":"        return \"[T]\" + super.toString();","lastModifiedDate":"2024-02-27"},{"lineNumber":9,"author":{"gitId":"goosekite"},"content":"    }","lastModifiedDate":"2024-02-27"},{"lineNumber":10,"author":{"gitId":"goosekite"},"content":"}","lastModifiedDate":"2024-02-27"}],"authorContributionMap":{"goosekite":10}}]
