[{"path":"src/main/java/Duke.java","fileType":"java","lines":[{"lineNumber":1,"author":{"gitId":"goosekite"},"content":"import java.lang.System;","lastModifiedDate":"2024-01-26"},{"lineNumber":2,"author":{"gitId":"goosekite"},"content":"import java.util.Scanner;","lastModifiedDate":"2024-01-26"},{"lineNumber":3,"author":{"gitId":"goosekite"},"content":"","lastModifiedDate":"2024-01-29"},{"lineNumber":4,"author":{"gitId":"goosekite"},"content":"","lastModifiedDate":"2024-01-26"},{"lineNumber":5,"author":{"gitId":"goosekite"},"content":"public class Duke extends Task{","lastModifiedDate":"2024-02-18"},{"lineNumber":6,"author":{"gitId":"goosekite"},"content":"    private String chatBotName \u003d \"Jenkins\";","lastModifiedDate":"2024-01-26"},{"lineNumber":7,"author":{"gitId":"goosekite"},"content":"    public static String userInput \u003d \"\";","lastModifiedDate":"2024-01-29"},{"lineNumber":8,"author":{"gitId":"goosekite"},"content":"    public static Boolean chatBotOnline \u003d true;","lastModifiedDate":"2024-01-29"},{"lineNumber":9,"author":{"gitId":"goosekite"},"content":"    public static byte blankUserInput \u003d 0;","lastModifiedDate":"2024-01-30"},{"lineNumber":10,"author":{"gitId":"goosekite"},"content":"","lastModifiedDate":"2024-01-29"},{"lineNumber":11,"author":{"gitId":"goosekite"},"content":"","lastModifiedDate":"2024-02-16"},{"lineNumber":12,"author":{"gitId":"goosekite"},"content":"","lastModifiedDate":"2024-01-26"},{"lineNumber":13,"author":{"gitId":"goosekite"},"content":"    public Duke(){","lastModifiedDate":"2024-01-26"},{"lineNumber":14,"author":{"gitId":"goosekite"},"content":"        chatBotGreetings();","lastModifiedDate":"2024-01-29"},{"lineNumber":15,"author":{"gitId":"goosekite"},"content":"        listenForInput();","lastModifiedDate":"2024-01-26"},{"lineNumber":16,"author":{"gitId":"goosekite"},"content":"    }","lastModifiedDate":"2024-01-26"},{"lineNumber":17,"author":{"gitId":"goosekite"},"content":"","lastModifiedDate":"2024-01-26"},{"lineNumber":18,"author":{"gitId":"goosekite"},"content":"    public String getChatBotName(){","lastModifiedDate":"2024-01-26"},{"lineNumber":19,"author":{"gitId":"goosekite"},"content":"        return this.chatBotName;","lastModifiedDate":"2024-01-26"},{"lineNumber":20,"author":{"gitId":"goosekite"},"content":"    }","lastModifiedDate":"2024-01-26"},{"lineNumber":21,"author":{"gitId":"goosekite"},"content":"","lastModifiedDate":"2024-01-26"},{"lineNumber":22,"author":{"gitId":"goosekite"},"content":"    public void setChatBotName(String userInput){","lastModifiedDate":"2024-01-29"},{"lineNumber":23,"author":{"gitId":"goosekite"},"content":"        this.chatBotName \u003d userInput;","lastModifiedDate":"2024-01-29"},{"lineNumber":24,"author":{"gitId":"goosekite"},"content":"    }","lastModifiedDate":"2024-01-29"},{"lineNumber":25,"author":{"gitId":"goosekite"},"content":"","lastModifiedDate":"2024-01-29"},{"lineNumber":26,"author":{"gitId":"goosekite"},"content":"    public void chatBotGreetings(){","lastModifiedDate":"2024-01-29"},{"lineNumber":27,"author":{"gitId":"goosekite"},"content":"        System.out.println(getChatBotName() + \": Hello! you may call me \" + getChatBotName() + \". What can I do for you?\");","lastModifiedDate":"2024-01-29"},{"lineNumber":28,"author":{"gitId":"goosekite"},"content":"    }","lastModifiedDate":"2024-01-29"},{"lineNumber":29,"author":{"gitId":"goosekite"},"content":"","lastModifiedDate":"2024-01-29"},{"lineNumber":30,"author":{"gitId":"goosekite"},"content":"    public void stopProgram(){","lastModifiedDate":"2024-01-26"},{"lineNumber":31,"author":{"gitId":"goosekite"},"content":"        chatBotOnline \u003d false;","lastModifiedDate":"2024-01-29"},{"lineNumber":32,"author":{"gitId":"goosekite"},"content":"        System.out.print(getChatBotName() + \": Bye. Hope to see you again soon!\\n\");","lastModifiedDate":"2024-01-26"},{"lineNumber":33,"author":{"gitId":"goosekite"},"content":"    }","lastModifiedDate":"2024-01-26"},{"lineNumber":34,"author":{"gitId":"goosekite"},"content":"","lastModifiedDate":"2024-01-26"},{"lineNumber":35,"author":{"gitId":"goosekite"},"content":"","lastModifiedDate":"2024-01-30"},{"lineNumber":36,"author":{"gitId":"goosekite"},"content":"","lastModifiedDate":"2024-01-30"},{"lineNumber":37,"author":{"gitId":"goosekite"},"content":"","lastModifiedDate":"2024-01-30"},{"lineNumber":38,"author":{"gitId":"goosekite"},"content":"//Can\u0027t terminate early, else program stops prematurely","lastModifiedDate":"2024-01-30"},{"lineNumber":39,"author":{"gitId":"goosekite"},"content":"    public void scanKeyword(String userInput){","lastModifiedDate":"2024-01-29"},{"lineNumber":40,"author":{"gitId":"goosekite"},"content":"        blankUserInput \u003d 0;","lastModifiedDate":"2024-01-30"},{"lineNumber":41,"author":{"gitId":"goosekite"},"content":"","lastModifiedDate":"2024-01-30"},{"lineNumber":42,"author":{"gitId":"goosekite"},"content":"        if (userInput.equals(\"bye\")) {","lastModifiedDate":"2024-01-29"},{"lineNumber":43,"author":{"gitId":"goosekite"},"content":"            stopProgram();","lastModifiedDate":"2024-01-26"},{"lineNumber":44,"author":{"gitId":"goosekite"},"content":"            return;","lastModifiedDate":"2024-01-26"},{"lineNumber":45,"author":{"gitId":"goosekite"},"content":"        }","lastModifiedDate":"2024-01-26"},{"lineNumber":46,"author":{"gitId":"goosekite"},"content":"","lastModifiedDate":"2024-01-26"},{"lineNumber":47,"author":{"gitId":"goosekite"},"content":"        if (userInput.equals(\"change bot name\")){","lastModifiedDate":"2024-01-29"},{"lineNumber":48,"author":{"gitId":"goosekite"},"content":"            System.out.println(getChatBotName() + \": Sure! Please key in my new name\");","lastModifiedDate":"2024-01-29"},{"lineNumber":49,"author":{"gitId":"goosekite"},"content":"            Scanner sc \u003d new Scanner(System.in); //open scanner!","lastModifiedDate":"2024-01-29"},{"lineNumber":50,"author":{"gitId":"goosekite"},"content":"            userInput \u003d sc.nextLine();","lastModifiedDate":"2024-01-29"},{"lineNumber":51,"author":{"gitId":"goosekite"},"content":"","lastModifiedDate":"2024-01-29"},{"lineNumber":52,"author":{"gitId":"goosekite"},"content":"            String name \u003d userInput.trim();","lastModifiedDate":"2024-01-29"},{"lineNumber":53,"author":{"gitId":"goosekite"},"content":"            setChatBotName(name);","lastModifiedDate":"2024-01-29"},{"lineNumber":54,"author":{"gitId":"goosekite"},"content":"","lastModifiedDate":"2024-01-29"},{"lineNumber":55,"author":{"gitId":"goosekite"},"content":"            System.out.println(getChatBotName() + \": Right away!\");","lastModifiedDate":"2024-01-29"},{"lineNumber":56,"author":{"gitId":"goosekite"},"content":"            chatBotGreetings();","lastModifiedDate":"2024-01-29"},{"lineNumber":57,"author":{"gitId":"goosekite"},"content":"","lastModifiedDate":"2024-01-30"},{"lineNumber":58,"author":{"gitId":"goosekite"},"content":"        }","lastModifiedDate":"2024-01-26"},{"lineNumber":59,"author":{"gitId":"goosekite"},"content":"","lastModifiedDate":"2024-01-26"},{"lineNumber":60,"author":{"gitId":"goosekite"},"content":"        //obsolete test case","lastModifiedDate":"2024-02-18"},{"lineNumber":61,"author":{"gitId":"goosekite"},"content":"        if (userInput.equals(\"a\")){","lastModifiedDate":"2024-02-18"},{"lineNumber":62,"author":{"gitId":"goosekite"},"content":"            System.out.println(getTaskSize());","lastModifiedDate":"2024-02-18"},{"lineNumber":63,"author":{"gitId":"goosekite"},"content":"        }","lastModifiedDate":"2024-02-18"},{"lineNumber":64,"author":{"gitId":"goosekite"},"content":"","lastModifiedDate":"2024-02-18"},{"lineNumber":65,"author":{"gitId":"goosekite"},"content":"        else if (userInput.contains(\"mark \") || userInput.contains(\"unmark \")) {","lastModifiedDate":"2024-02-18"},{"lineNumber":66,"author":{"gitId":"goosekite"},"content":"            markAsDone(userInput);","lastModifiedDate":"2024-02-18"},{"lineNumber":67,"author":{"gitId":"goosekite"},"content":"        }","lastModifiedDate":"2024-02-18"},{"lineNumber":68,"author":{"gitId":"goosekite"},"content":"","lastModifiedDate":"2024-02-18"},{"lineNumber":69,"author":{"gitId":"goosekite"},"content":"","lastModifiedDate":"2024-02-18"},{"lineNumber":70,"author":{"gitId":"goosekite"},"content":"        //        //case: future implementations","lastModifiedDate":"2024-01-29"},{"lineNumber":71,"author":{"gitId":"goosekite"},"content":"        //        else if (true){","lastModifiedDate":"2024-01-29"},{"lineNumber":72,"author":{"gitId":"goosekite"},"content":"        //            //future implementations do something","lastModifiedDate":"2024-01-29"},{"lineNumber":73,"author":{"gitId":"goosekite"},"content":"        //        }","lastModifiedDate":"2024-01-29"},{"lineNumber":74,"author":{"gitId":"goosekite"},"content":"","lastModifiedDate":"2024-01-29"},{"lineNumber":75,"author":{"gitId":"goosekite"},"content":"        else if (userInput.equals(\"list\")){","lastModifiedDate":"2024-01-29"},{"lineNumber":76,"author":{"gitId":"goosekite"},"content":"            printWordDiary();","lastModifiedDate":"2024-01-29"},{"lineNumber":77,"author":{"gitId":"goosekite"},"content":"        }","lastModifiedDate":"2024-01-29"},{"lineNumber":78,"author":{"gitId":"goosekite"},"content":"","lastModifiedDate":"2024-01-29"},{"lineNumber":79,"author":{"gitId":"goosekite"},"content":"        //","lastModifiedDate":"2024-01-29"},{"lineNumber":80,"author":{"gitId":"goosekite"},"content":"        else {","lastModifiedDate":"2024-01-29"},{"lineNumber":81,"author":{"gitId":"goosekite"},"content":"            createTask(userInput);","lastModifiedDate":"2024-02-18"},{"lineNumber":82,"author":{"gitId":"goosekite"},"content":"            echoUserInput(userInput);","lastModifiedDate":"2024-01-29"},{"lineNumber":83,"author":{"gitId":"goosekite"},"content":"        }","lastModifiedDate":"2024-01-29"},{"lineNumber":84,"author":{"gitId":"goosekite"},"content":"","lastModifiedDate":"2024-01-30"},{"lineNumber":85,"author":{"gitId":"goosekite"},"content":"        listenForInput(); //important function to keep program alive. After you scan, Listen again","lastModifiedDate":"2024-01-29"},{"lineNumber":86,"author":{"gitId":"goosekite"},"content":"    }","lastModifiedDate":"2024-01-29"},{"lineNumber":87,"author":{"gitId":"goosekite"},"content":"","lastModifiedDate":"2024-01-29"},{"lineNumber":88,"author":{"gitId":"goosekite"},"content":"    public void listenForInput() {","lastModifiedDate":"2024-01-29"},{"lineNumber":89,"author":{"gitId":"goosekite"},"content":"","lastModifiedDate":"2024-01-30"},{"lineNumber":90,"author":{"gitId":"goosekite"},"content":"        if (chatBotOnline) {","lastModifiedDate":"2024-01-29"},{"lineNumber":91,"author":{"gitId":"goosekite"},"content":"            drawLine();","lastModifiedDate":"2024-01-26"},{"lineNumber":92,"author":{"gitId":"goosekite"},"content":"            Scanner sc \u003d new Scanner(System.in);","lastModifiedDate":"2024-01-29"},{"lineNumber":93,"author":{"gitId":"goosekite"},"content":"","lastModifiedDate":"2024-01-29"},{"lineNumber":94,"author":{"gitId":"goosekite"},"content":"            userInput \u003d sc.nextLine();","lastModifiedDate":"2024-01-29"},{"lineNumber":95,"author":{"gitId":"goosekite"},"content":"","lastModifiedDate":"2024-01-29"},{"lineNumber":96,"author":{"gitId":"goosekite"},"content":"            if (userInput.isBlank()) {","lastModifiedDate":"2024-01-30"},{"lineNumber":97,"author":{"gitId":"goosekite"},"content":"                botGetsImpatient(blankUserInput++);","lastModifiedDate":"2024-01-30"},{"lineNumber":98,"author":{"gitId":"goosekite"},"content":"            }","lastModifiedDate":"2024-01-29"},{"lineNumber":99,"author":{"gitId":"goosekite"},"content":"","lastModifiedDate":"2024-01-29"},{"lineNumber":100,"author":{"gitId":"goosekite"},"content":"            else{","lastModifiedDate":"2024-01-29"},{"lineNumber":101,"author":{"gitId":"goosekite"},"content":"                scanKeyword(userInput);","lastModifiedDate":"2024-01-29"},{"lineNumber":102,"author":{"gitId":"goosekite"},"content":"            }","lastModifiedDate":"2024-01-29"},{"lineNumber":103,"author":{"gitId":"goosekite"},"content":"","lastModifiedDate":"2024-01-30"},{"lineNumber":104,"author":{"gitId":"goosekite"},"content":"        }","lastModifiedDate":"2024-01-29"},{"lineNumber":105,"author":{"gitId":"goosekite"},"content":"","lastModifiedDate":"2024-01-30"},{"lineNumber":106,"author":{"gitId":"goosekite"},"content":"        //chatBot Offline, program will return until it closes itself","lastModifiedDate":"2024-01-30"},{"lineNumber":107,"author":{"gitId":"goosekite"},"content":"    }","lastModifiedDate":"2024-01-29"},{"lineNumber":108,"author":{"gitId":"goosekite"},"content":"","lastModifiedDate":"2024-01-29"},{"lineNumber":109,"author":{"gitId":"goosekite"},"content":"    public void botGetsImpatient(int blankUserInput){","lastModifiedDate":"2024-02-18"},{"lineNumber":110,"author":{"gitId":"goosekite"},"content":"        final int botMaxPatience \u003d 2; //Feel free to change, I think 2 is good enough","lastModifiedDate":"2024-02-18"},{"lineNumber":111,"author":{"gitId":"goosekite"},"content":"        int botPatience \u003d botMaxPatience - blankUserInput;","lastModifiedDate":"2024-02-18"},{"lineNumber":112,"author":{"gitId":"goosekite"},"content":"","lastModifiedDate":"2024-01-29"},{"lineNumber":113,"author":{"gitId":"goosekite"},"content":"        if (botPatience \u003e 1) {","lastModifiedDate":"2024-02-18"},{"lineNumber":114,"author":{"gitId":"goosekite"},"content":"            System.out.println(\"Sorry, I did not receive any commands\");","lastModifiedDate":"2024-02-18"},{"lineNumber":115,"author":{"gitId":"goosekite"},"content":"            System.out.println(\"I will leave if there\u0027s no one around. \" + botPatience + \" more chance\");","lastModifiedDate":"2024-02-18"},{"lineNumber":116,"author":{"gitId":"goosekite"},"content":"            listenForInput();","lastModifiedDate":"2024-02-18"},{"lineNumber":117,"author":{"gitId":"goosekite"},"content":"        }","lastModifiedDate":"2024-01-29"},{"lineNumber":118,"author":{"gitId":"goosekite"},"content":"","lastModifiedDate":"2024-01-29"},{"lineNumber":119,"author":{"gitId":"goosekite"},"content":"        else if (botPatience \u003d\u003d 1) {","lastModifiedDate":"2024-02-18"},{"lineNumber":120,"author":{"gitId":"goosekite"},"content":"            System.out.println(\"Last Chance! Please issue a command or I will leave!\");","lastModifiedDate":"2024-02-18"},{"lineNumber":121,"author":{"gitId":"goosekite"},"content":"            listenForInput();","lastModifiedDate":"2024-02-18"},{"lineNumber":122,"author":{"gitId":"goosekite"},"content":"        }","lastModifiedDate":"2024-01-30"},{"lineNumber":123,"author":{"gitId":"goosekite"},"content":"","lastModifiedDate":"2024-01-30"},{"lineNumber":124,"author":{"gitId":"goosekite"},"content":"        else {","lastModifiedDate":"2024-02-18"},{"lineNumber":125,"author":{"gitId":"goosekite"},"content":"            System.out.println(\"Looks like no one\u0027s here. Good bye\");","lastModifiedDate":"2024-02-18"},{"lineNumber":126,"author":{"gitId":"goosekite"},"content":"            stopProgram();","lastModifiedDate":"2024-02-18"},{"lineNumber":127,"author":{"gitId":"goosekite"},"content":"        }","lastModifiedDate":"2024-01-29"},{"lineNumber":128,"author":{"gitId":"goosekite"},"content":"    }","lastModifiedDate":"2024-01-29"},{"lineNumber":129,"author":{"gitId":"goosekite"},"content":"","lastModifiedDate":"2024-01-29"},{"lineNumber":130,"author":{"gitId":"goosekite"},"content":"","lastModifiedDate":"2024-02-16"},{"lineNumber":131,"author":{"gitId":"goosekite"},"content":"    public void echoUserInput(String s){","lastModifiedDate":"2024-01-29"},{"lineNumber":132,"author":{"gitId":"goosekite"},"content":"        System.out.println(\"added: \" + s);","lastModifiedDate":"2024-01-29"},{"lineNumber":133,"author":{"gitId":"goosekite"},"content":"        listenForInput();","lastModifiedDate":"2024-01-26"},{"lineNumber":134,"author":{"gitId":"goosekite"},"content":"    }","lastModifiedDate":"2024-01-26"},{"lineNumber":135,"author":{"gitId":"goosekite"},"content":"","lastModifiedDate":"2024-01-26"},{"lineNumber":136,"author":{"gitId":"goosekite"},"content":"    public void drawLine() {","lastModifiedDate":"2024-01-26"},{"lineNumber":137,"author":{"gitId":"goosekite"},"content":"        System.out.println(\"____________________________________________________________\");","lastModifiedDate":"2024-01-26"},{"lineNumber":138,"author":{"gitId":"goosekite"},"content":"    }","lastModifiedDate":"2024-01-26"},{"lineNumber":139,"author":{"gitId":"goosekite"},"content":"","lastModifiedDate":"2024-01-26"},{"lineNumber":140,"author":{"gitId":"-"},"content":"    public static void main(String[] args) {","lastModifiedDate":"2019-07-29"},{"lineNumber":141,"author":{"gitId":"goosekite"},"content":"        Duke Jenkins \u003d new Duke();","lastModifiedDate":"2024-01-26"},{"lineNumber":142,"author":{"gitId":"goosekite"},"content":"    }","lastModifiedDate":"2024-01-26"},{"lineNumber":143,"author":{"gitId":"goosekite"},"content":"","lastModifiedDate":"2024-01-29"},{"lineNumber":144,"author":{"gitId":"goosekite"},"content":"}","lastModifiedDate":"2024-01-26"}],"authorContributionMap":{"goosekite":143,"-":1}},{"path":"src/main/java/Task.java","fileType":"java","lines":[{"lineNumber":1,"author":{"gitId":"goosekite"},"content":"import java.util.ArrayList;","lastModifiedDate":"2024-02-18"},{"lineNumber":2,"author":{"gitId":"goosekite"},"content":"import java.util.List;","lastModifiedDate":"2024-02-18"},{"lineNumber":3,"author":{"gitId":"goosekite"},"content":"import java.util.regex.Matcher;","lastModifiedDate":"2024-02-18"},{"lineNumber":4,"author":{"gitId":"goosekite"},"content":"import java.util.regex.Pattern;","lastModifiedDate":"2024-02-18"},{"lineNumber":5,"author":{"gitId":"goosekite"},"content":"","lastModifiedDate":"2024-02-18"},{"lineNumber":6,"author":{"gitId":"goosekite"},"content":"public class Task {","lastModifiedDate":"2024-02-18"},{"lineNumber":7,"author":{"gitId":"goosekite"},"content":"","lastModifiedDate":"2024-02-18"},{"lineNumber":8,"author":{"gitId":"goosekite"},"content":"    private static List\u003cTask\u003e tasksStorage \u003d new ArrayList\u003c\u003e();","lastModifiedDate":"2024-02-18"},{"lineNumber":9,"author":{"gitId":"goosekite"},"content":"","lastModifiedDate":"2024-02-18"},{"lineNumber":10,"author":{"gitId":"goosekite"},"content":"    private String description;","lastModifiedDate":"2024-02-18"},{"lineNumber":11,"author":{"gitId":"goosekite"},"content":"    private boolean isDone;","lastModifiedDate":"2024-02-18"},{"lineNumber":12,"author":{"gitId":"goosekite"},"content":"","lastModifiedDate":"2024-02-18"},{"lineNumber":13,"author":{"gitId":"goosekite"},"content":"    private static int taskSize \u003d 0;","lastModifiedDate":"2024-02-18"},{"lineNumber":14,"author":{"gitId":"goosekite"},"content":"","lastModifiedDate":"2024-02-18"},{"lineNumber":15,"author":{"gitId":"goosekite"},"content":"    //Constructors","lastModifiedDate":"2024-02-18"},{"lineNumber":16,"author":{"gitId":"goosekite"},"content":"    public Task(){","lastModifiedDate":"2024-02-18"},{"lineNumber":17,"author":{"gitId":"goosekite"},"content":"    }","lastModifiedDate":"2024-02-18"},{"lineNumber":18,"author":{"gitId":"goosekite"},"content":"","lastModifiedDate":"2024-02-18"},{"lineNumber":19,"author":{"gitId":"goosekite"},"content":"    public Task(String dukeUserInput) {","lastModifiedDate":"2024-02-18"},{"lineNumber":20,"author":{"gitId":"goosekite"},"content":"        this.description \u003d dukeUserInput;","lastModifiedDate":"2024-02-18"},{"lineNumber":21,"author":{"gitId":"goosekite"},"content":"        this.isDone \u003d false;","lastModifiedDate":"2024-02-18"},{"lineNumber":22,"author":{"gitId":"goosekite"},"content":"    }","lastModifiedDate":"2024-02-18"},{"lineNumber":23,"author":{"gitId":"goosekite"},"content":"","lastModifiedDate":"2024-02-18"},{"lineNumber":24,"author":{"gitId":"goosekite"},"content":"","lastModifiedDate":"2024-02-18"},{"lineNumber":25,"author":{"gitId":"goosekite"},"content":"    public static void createTask(String s){","lastModifiedDate":"2024-02-18"},{"lineNumber":26,"author":{"gitId":"goosekite"},"content":"        Task t \u003d new Task(s);","lastModifiedDate":"2024-02-18"},{"lineNumber":27,"author":{"gitId":"goosekite"},"content":"        tasksStorage.add(t);","lastModifiedDate":"2024-02-18"},{"lineNumber":28,"author":{"gitId":"goosekite"},"content":"        taskSize++;","lastModifiedDate":"2024-02-18"},{"lineNumber":29,"author":{"gitId":"goosekite"},"content":"    }","lastModifiedDate":"2024-02-18"},{"lineNumber":30,"author":{"gitId":"goosekite"},"content":"","lastModifiedDate":"2024-02-18"},{"lineNumber":31,"author":{"gitId":"goosekite"},"content":"","lastModifiedDate":"2024-02-18"},{"lineNumber":32,"author":{"gitId":"goosekite"},"content":"    //Methods to filter Information","lastModifiedDate":"2024-02-18"},{"lineNumber":33,"author":{"gitId":"goosekite"},"content":"    public String getStatusIcon() {","lastModifiedDate":"2024-02-18"},{"lineNumber":34,"author":{"gitId":"goosekite"},"content":"        return (getIsDone() ? \"X\" : \" \"); // mark done task with X","lastModifiedDate":"2024-02-18"},{"lineNumber":35,"author":{"gitId":"goosekite"},"content":"    }","lastModifiedDate":"2024-02-18"},{"lineNumber":36,"author":{"gitId":"goosekite"},"content":"","lastModifiedDate":"2024-02-18"},{"lineNumber":37,"author":{"gitId":"goosekite"},"content":"    public static int getTaskSize(){","lastModifiedDate":"2024-02-18"},{"lineNumber":38,"author":{"gitId":"goosekite"},"content":"        return taskSize;","lastModifiedDate":"2024-02-18"},{"lineNumber":39,"author":{"gitId":"goosekite"},"content":"    }","lastModifiedDate":"2024-02-18"},{"lineNumber":40,"author":{"gitId":"goosekite"},"content":"","lastModifiedDate":"2024-02-18"},{"lineNumber":41,"author":{"gitId":"goosekite"},"content":"    public static void printWordDiary(){","lastModifiedDate":"2024-02-18"},{"lineNumber":42,"author":{"gitId":"goosekite"},"content":"        if (taskSize \u003d\u003d 0){","lastModifiedDate":"2024-02-18"},{"lineNumber":43,"author":{"gitId":"goosekite"},"content":"            System.out.println(\"List is empty!\");","lastModifiedDate":"2024-02-18"},{"lineNumber":44,"author":{"gitId":"goosekite"},"content":"            return;","lastModifiedDate":"2024-02-18"},{"lineNumber":45,"author":{"gitId":"goosekite"},"content":"        }","lastModifiedDate":"2024-02-18"},{"lineNumber":46,"author":{"gitId":"goosekite"},"content":"","lastModifiedDate":"2024-02-18"},{"lineNumber":47,"author":{"gitId":"goosekite"},"content":"        for (Task task : tasksStorage) {","lastModifiedDate":"2024-02-18"},{"lineNumber":48,"author":{"gitId":"goosekite"},"content":"            int runningNo \u003d 1;","lastModifiedDate":"2024-02-18"},{"lineNumber":49,"author":{"gitId":"goosekite"},"content":"            System.out.print(runningNo + \".\");","lastModifiedDate":"2024-02-18"},{"lineNumber":50,"author":{"gitId":"goosekite"},"content":"            System.out.print(\"[\" + task.getStatusIcon() + \"] \");","lastModifiedDate":"2024-02-18"},{"lineNumber":51,"author":{"gitId":"goosekite"},"content":"            System.out.println(task.getTaskDescription());","lastModifiedDate":"2024-02-18"},{"lineNumber":52,"author":{"gitId":"goosekite"},"content":"        }","lastModifiedDate":"2024-02-18"},{"lineNumber":53,"author":{"gitId":"goosekite"},"content":"    }","lastModifiedDate":"2024-02-18"},{"lineNumber":54,"author":{"gitId":"goosekite"},"content":"","lastModifiedDate":"2024-02-18"},{"lineNumber":55,"author":{"gitId":"goosekite"},"content":"","lastModifiedDate":"2024-02-18"},{"lineNumber":56,"author":{"gitId":"goosekite"},"content":"    //Retrieve String description","lastModifiedDate":"2024-02-18"},{"lineNumber":57,"author":{"gitId":"goosekite"},"content":"    public String getTaskDescription(){","lastModifiedDate":"2024-02-18"},{"lineNumber":58,"author":{"gitId":"goosekite"},"content":"        return description;","lastModifiedDate":"2024-02-18"},{"lineNumber":59,"author":{"gitId":"goosekite"},"content":"    }","lastModifiedDate":"2024-02-18"},{"lineNumber":60,"author":{"gitId":"goosekite"},"content":"","lastModifiedDate":"2024-02-18"},{"lineNumber":61,"author":{"gitId":"goosekite"},"content":"","lastModifiedDate":"2024-02-18"},{"lineNumber":62,"author":{"gitId":"goosekite"},"content":"    //Retrieve \u0026 Update Boolean isDone","lastModifiedDate":"2024-02-18"},{"lineNumber":63,"author":{"gitId":"goosekite"},"content":"    public boolean getIsDone(){","lastModifiedDate":"2024-02-18"},{"lineNumber":64,"author":{"gitId":"goosekite"},"content":"        return isDone;","lastModifiedDate":"2024-02-18"},{"lineNumber":65,"author":{"gitId":"goosekite"},"content":"    }","lastModifiedDate":"2024-02-18"},{"lineNumber":66,"author":{"gitId":"goosekite"},"content":"    public void markAsDone(String s){","lastModifiedDate":"2024-02-18"},{"lineNumber":67,"author":{"gitId":"goosekite"},"content":"","lastModifiedDate":"2024-02-18"},{"lineNumber":68,"author":{"gitId":"goosekite"},"content":"        // Define a regular expression pattern to match numbers","lastModifiedDate":"2024-02-18"},{"lineNumber":69,"author":{"gitId":"goosekite"},"content":"        Pattern pattern \u003d Pattern.compile(\"\\\\d+\");","lastModifiedDate":"2024-02-18"},{"lineNumber":70,"author":{"gitId":"goosekite"},"content":"","lastModifiedDate":"2024-02-18"},{"lineNumber":71,"author":{"gitId":"goosekite"},"content":"        // Create a Matcher object to find matches of the pattern in the input string","lastModifiedDate":"2024-02-18"},{"lineNumber":72,"author":{"gitId":"goosekite"},"content":"        Matcher matcher \u003d pattern.matcher(s);","lastModifiedDate":"2024-02-18"},{"lineNumber":73,"author":{"gitId":"goosekite"},"content":"","lastModifiedDate":"2024-02-18"},{"lineNumber":74,"author":{"gitId":"goosekite"},"content":"        // Check if any matches are found","lastModifiedDate":"2024-02-18"},{"lineNumber":75,"author":{"gitId":"goosekite"},"content":"        if (matcher.find()) {","lastModifiedDate":"2024-02-18"},{"lineNumber":76,"author":{"gitId":"goosekite"},"content":"            // Extract the matched number","lastModifiedDate":"2024-02-18"},{"lineNumber":77,"author":{"gitId":"goosekite"},"content":"            String numberStr \u003d matcher.group();","lastModifiedDate":"2024-02-18"},{"lineNumber":78,"author":{"gitId":"goosekite"},"content":"            int index \u003d Integer.parseInt(numberStr);","lastModifiedDate":"2024-02-18"},{"lineNumber":79,"author":{"gitId":"goosekite"},"content":"            index--;","lastModifiedDate":"2024-02-18"},{"lineNumber":80,"author":{"gitId":"goosekite"},"content":"            System.out.println(\"Searching for task \" + index + \"...\");","lastModifiedDate":"2024-02-18"},{"lineNumber":81,"author":{"gitId":"goosekite"},"content":"","lastModifiedDate":"2024-02-18"},{"lineNumber":82,"author":{"gitId":"goosekite"},"content":"            // Check if the index is valid","lastModifiedDate":"2024-02-18"},{"lineNumber":83,"author":{"gitId":"goosekite"},"content":"            if (index \u003e\u003d 0 \u0026\u0026 index \u003c tasksStorage.size()) {","lastModifiedDate":"2024-02-18"},{"lineNumber":84,"author":{"gitId":"goosekite"},"content":"                // Toggle the isDone flag of the specified task","lastModifiedDate":"2024-02-18"},{"lineNumber":85,"author":{"gitId":"goosekite"},"content":"                Task task \u003d tasksStorage.get(index);","lastModifiedDate":"2024-02-18"},{"lineNumber":86,"author":{"gitId":"goosekite"},"content":"                task.isDone \u003d !task.isDone;","lastModifiedDate":"2024-02-18"},{"lineNumber":87,"author":{"gitId":"goosekite"},"content":"                System.out.println(\"Task \" + index + \" marked as \" + (task.isDone ? \"done!\" : \"undone!\"));","lastModifiedDate":"2024-02-18"},{"lineNumber":88,"author":{"gitId":"goosekite"},"content":"","lastModifiedDate":"2024-02-18"},{"lineNumber":89,"author":{"gitId":"goosekite"},"content":"","lastModifiedDate":"2024-02-18"},{"lineNumber":90,"author":{"gitId":"goosekite"},"content":"                System.out.print(++index + \".\");","lastModifiedDate":"2024-02-18"},{"lineNumber":91,"author":{"gitId":"goosekite"},"content":"                System.out.print(\"[\" + task.getStatusIcon() + \"] \");","lastModifiedDate":"2024-02-18"},{"lineNumber":92,"author":{"gitId":"goosekite"},"content":"                System.out.println(task.getTaskDescription());","lastModifiedDate":"2024-02-18"},{"lineNumber":93,"author":{"gitId":"goosekite"},"content":"","lastModifiedDate":"2024-02-18"},{"lineNumber":94,"author":{"gitId":"goosekite"},"content":"            } else {","lastModifiedDate":"2024-02-18"},{"lineNumber":95,"author":{"gitId":"goosekite"},"content":"                System.out.println(\"We don\u0027t have that task yet!\");","lastModifiedDate":"2024-02-18"},{"lineNumber":96,"author":{"gitId":"goosekite"},"content":"            }","lastModifiedDate":"2024-02-18"},{"lineNumber":97,"author":{"gitId":"goosekite"},"content":"        } else {","lastModifiedDate":"2024-02-18"},{"lineNumber":98,"author":{"gitId":"goosekite"},"content":"            System.out.println(\"I found nothing to mark :(\");","lastModifiedDate":"2024-02-18"},{"lineNumber":99,"author":{"gitId":"goosekite"},"content":"        }","lastModifiedDate":"2024-02-18"},{"lineNumber":100,"author":{"gitId":"goosekite"},"content":"","lastModifiedDate":"2024-02-18"},{"lineNumber":101,"author":{"gitId":"goosekite"},"content":"","lastModifiedDate":"2024-02-18"},{"lineNumber":102,"author":{"gitId":"goosekite"},"content":"    }","lastModifiedDate":"2024-02-18"},{"lineNumber":103,"author":{"gitId":"goosekite"},"content":"","lastModifiedDate":"2024-02-18"},{"lineNumber":104,"author":{"gitId":"goosekite"},"content":"","lastModifiedDate":"2024-02-18"},{"lineNumber":105,"author":{"gitId":"goosekite"},"content":"","lastModifiedDate":"2024-02-18"},{"lineNumber":106,"author":{"gitId":"goosekite"},"content":"","lastModifiedDate":"2024-02-18"},{"lineNumber":107,"author":{"gitId":"goosekite"},"content":"","lastModifiedDate":"2024-02-18"},{"lineNumber":108,"author":{"gitId":"goosekite"},"content":"","lastModifiedDate":"2024-02-18"},{"lineNumber":109,"author":{"gitId":"goosekite"},"content":"","lastModifiedDate":"2024-02-18"},{"lineNumber":110,"author":{"gitId":"goosekite"},"content":"","lastModifiedDate":"2024-02-18"},{"lineNumber":111,"author":{"gitId":"goosekite"},"content":"}","lastModifiedDate":"2024-02-18"}],"authorContributionMap":{"goosekite":111}}]
