{"authorDailyContributionsMap":{"goosekite":[{"date":"2024-01-26","commitResults":[{"hash":"ef6af2a2cdc17c928009d37763961753977fcd0c","isMergeCommit":false,"messageTitle":"test","messageBody":"","fileTypesAndContributionMap":{"java":{"insertions":1,"deletions":1}}},{"hash":"f1cd3b11eaba5f6aa2845792769359c61092479e","isMergeCommit":false,"messageTitle":"Removed Duke, Greet, Exit. chatBotName may be editable in future, may or may not implement","messageBody":"","tags":["Level-1","Level-0"],"fileTypesAndContributionMap":{"java":{"insertions":49,"deletions":8}}}]},{"date":"2024-01-29","commitResults":[{"hash":"e0f714acfc05aa25fe0399913128c5b305983ba1","isMergeCommit":false,"messageTitle":"change name function works","messageBody":"","fileTypesAndContributionMap":{"java":{"insertions":64,"deletions":16}}},{"hash":"8689e0f7ae9b80ce63be825c40d8898096e369ae","isMergeCommit":false,"messageTitle":"Learning Points 1. Created chatBotAlive variable to track status 2. Added Return statement to NOT trigger the other if statements accidentally. Secondly, to stop program earlier for efficency 3. Achived level 2 Add, List.Referenced coursemology week 3 java exercises","messageBody":"","tags":["Level-2"],"fileTypesAndContributionMap":{"java":{"insertions":51,"deletions":25}}}]},{"date":"2024-01-30","commitResults":[{"hash":"09d86efff121dacd0e901e1e14f44e44126fb7b2","isMergeCommit":false,"messageTitle":"Fixed bug where Program closes after 2 empty inputs. Now has proper feedback","messageBody":"Tidied code; Partitioned code to other functions.\n2 warnings. 1 unused method, should be useful next time. 2nd warning is in main function, Don\u0027t worry about the unused object.\n","fileTypesAndContributionMap":{"java":{"insertions":40,"deletions":10}}}]},{"date":"2024-02-16","commitResults":[{"hash":"5883d03d28f00d76c19129dff7f13eac1dfae0cd","isMergeCommit":false,"messageTitle":"Tried to Refactor. Not enough time. Need to stop for work. Next Step: Super subclass properly before we Level 3 it","messageBody":"","fileTypesAndContributionMap":{"java":{"insertions":43,"deletions":7}}}]},{"date":"2024-02-18","commitResults":[{"hash":"5c04f03259b10fcf557f509915098b0ee24e8c62","isMergeCommit":false,"messageTitle":"Implemented Level 3 in OOP manner - [Marked as Done]","messageBody":"Next Step: create a randomised array of praises.\nFunctions as expected but doesn\u0027t follow the\n","tags":["Level-3"],"fileTypesAndContributionMap":{"java":{"insertions":139,"deletions":75}}}]}]},"authorFileTypeContributionMap":{"goosekite":{"java":254,"md":0,"fxml":0,"sh":0,"bat":0,"gradle":0,"txt":0}},"authorContributionVariance":{"goosekite":2017.6439},"authorDisplayNameMap":{"goosekite":"JEFF..N YU"}}
