{"authorDailyContributionsMap":{"goosekite":[{"date":"2024-01-26","commitResults":[{"hash":"ef6af2a2cdc17c928009d37763961753977fcd0c","isMergeCommit":false,"messageTitle":"test","messageBody":"","fileTypesAndContributionMap":{"java":{"insertions":1,"deletions":1}}},{"hash":"f1cd3b11eaba5f6aa2845792769359c61092479e","isMergeCommit":false,"messageTitle":"Removed Duke, Greet, Exit. chatBotName may be editable in future, may or may not implement","messageBody":"","tags":["Level-1","Level-0"],"fileTypesAndContributionMap":{"java":{"insertions":49,"deletions":8}}}]},{"date":"2024-01-29","commitResults":[{"hash":"e0f714acfc05aa25fe0399913128c5b305983ba1","isMergeCommit":false,"messageTitle":"change name function works","messageBody":"","fileTypesAndContributionMap":{"java":{"insertions":64,"deletions":16}}},{"hash":"8689e0f7ae9b80ce63be825c40d8898096e369ae","isMergeCommit":false,"messageTitle":"Learning Points 1. Created chatBotAlive variable to track status 2. Added Return statement to NOT trigger the other if statements accidentally. Secondly, to stop program earlier for efficency 3. Achived level 2 Add, List.Referenced coursemology week 3 java exercises","messageBody":"","tags":["Level-2"],"fileTypesAndContributionMap":{"java":{"insertions":51,"deletions":25}}}]},{"date":"2024-01-30","commitResults":[{"hash":"09d86efff121dacd0e901e1e14f44e44126fb7b2","isMergeCommit":false,"messageTitle":"Fixed bug where Program closes after 2 empty inputs. Now has proper feedback","messageBody":"Tidied code; Partitioned code to other functions.\n2 warnings. 1 unused method, should be useful next time. 2nd warning is in main function, Don\u0027t worry about the unused object.\n","fileTypesAndContributionMap":{"java":{"insertions":40,"deletions":10}}}]},{"date":"2024-02-16","commitResults":[{"hash":"5883d03d28f00d76c19129dff7f13eac1dfae0cd","isMergeCommit":false,"messageTitle":"Tried to Refactor. Not enough time. Need to stop for work. Next Step: Super subclass properly before we Level 3 it","messageBody":"","fileTypesAndContributionMap":{"java":{"insertions":43,"deletions":7}}}]},{"date":"2024-02-18","commitResults":[{"hash":"5c04f03259b10fcf557f509915098b0ee24e8c62","isMergeCommit":false,"messageTitle":"Implemented Level 3 in OOP manner - [Marked as Done]","messageBody":"Next Step: create a randomised array of praises.\nFunctions as expected but doesn\u0027t follow the\n","tags":["Level-3"],"fileTypesAndContributionMap":{"java":{"insertions":139,"deletions":75}}}]},{"date":"2024-02-27","commitResults":[{"hash":"51891b736c39f8e51a042db604d49b2603e366fc","isMergeCommit":false,"messageTitle":"Implemented level 4 partially: Can Create Todo Events Deadlines in OOP Manner. Currently using dummy data for Events \u0026 deadlines. Next step: revise how to sieve out the keywords. I technically have some error handling in the previous weeks where I manage how empty inputs will give feedback to user \u0026 in the 3rd empty input, the program will stop.","messageBody":"","tags":["Level-4"],"fileTypesAndContributionMap":{"java":{"insertions":130,"deletions":29}}}]},{"date":"2024-02-28","commitResults":[{"hash":"1dc22d54ca120178fbebb6da788a34b27aea534d","isMergeCommit":false,"messageTitle":"experimented with string. inputString. replaceAll(“\\\\s”, “”) is too hardcore. trim(); is still better. Next step: still need to work on spliting text to extract keywords. Probably introduce a new method for that","messageBody":"","tags":["Level-5"],"fileTypesAndContributionMap":{"java":{"insertions":15,"deletions":5}}}]},{"date":"2024-03-07","commitResults":[{"hash":"e034b0223fdfbc3d5b24161e4bbdfdc8f0747305","isMergeCommit":false,"messageTitle":"Added help function for users \u0026 comments for programmer\u0027s easy reference.","messageBody":"Achieved\n1. Do not need to explicitly list \"event\" \"deadline\" \"/from\" \"/to\"\n2. Enhanced Level 4 to search for keyword using contains() method\n3. Level 5 Error handling\n\nNext objective: Level 6, Delete \u0026 Enums\n","fileTypesAndContributionMap":{"java":{"insertions":92,"deletions":77}}}]},{"date":"2024-03-23","commitResults":[{"hash":"ca5de73bae62743be8ef5d7690ced83352f2e9e2","isMergeCommit":false,"messageTitle":"Refactored Duke class to manage keywords \u0026 stop strange loops. Tried using do while loop, which decayed in to barebones (check keywords) if else -\u003e (check bot online) if loop Next Step: Error handling - try catch throws","messageBody":"","fileTypesAndContributionMap":{"java":{"insertions":106,"deletions":79}}},{"hash":"e9911a8e7a0ae6a89f1b0db9bd9fbb5ba915fab6","isMergeCommit":false,"messageTitle":"Ironed out corner case of \"by from to\" and \"from from by by\" for deadlines and events respectively.","messageBody":"","fileTypesAndContributionMap":{"java":{"insertions":63,"deletions":40}}}]},{"date":"2024-03-24","commitResults":[{"hash":"6f01c3ae9398213a877b760e4fd101c59217172a","isMergeCommit":false,"messageTitle":"understanding a little bit more of exceptions. Achieved level 6 Next step: Level 7 Save, More OOP, Java packages. Alternate goal: Polish text for error handling","messageBody":"","tags":["Level-6"],"fileTypesAndContributionMap":{"java":{"insertions":51,"deletions":23}}},{"hash":"0c51b32dbc07c879a0017174ccb432f807a6147d","isMergeCommit":true,"messageTitle":"Merge branch \u0027lvl6WIP\u0027","messageBody":"","fileTypesAndContributionMap":{}}]}]},"authorFileTypeContributionMap":{"goosekite":{"java":458,"md":0,"fxml":0,"sh":0,"bat":0,"gradle":0,"txt":0}},"authorContributionVariance":{"goosekite":2847.7805},"authorDisplayNameMap":{"goosekite":"JEFF..N YU"}}
