{"authorDailyContributionsMap":{"goosekite":[{"date":"2024-01-26","commitResults":[{"hash":"ef6af2a2cdc17c928009d37763961753977fcd0c","isMergeCommit":false,"messageTitle":"test","messageBody":"","fileTypesAndContributionMap":{"java":{"insertions":1,"deletions":1}}},{"hash":"f1cd3b11eaba5f6aa2845792769359c61092479e","isMergeCommit":false,"messageTitle":"Removed Duke, Greet, Exit. chatBotName may be editable in future, may or may not implement","messageBody":"","tags":["Level-1","Level-0"],"fileTypesAndContributionMap":{"java":{"insertions":49,"deletions":8}}}]},{"date":"2024-01-29","commitResults":[{"hash":"e0f714acfc05aa25fe0399913128c5b305983ba1","isMergeCommit":false,"messageTitle":"change name function works","messageBody":"","fileTypesAndContributionMap":{"java":{"insertions":64,"deletions":16}}},{"hash":"8689e0f7ae9b80ce63be825c40d8898096e369ae","isMergeCommit":false,"messageTitle":"Learning Points 1. Created chatBotAlive variable to track status 2. Added Return statement to NOT trigger the other if statements accidentally. Secondly, to stop program earlier for efficency 3. Achived level 2 Add, List.Referenced coursemology week 3 java exercises","messageBody":"","tags":["Level-2"],"fileTypesAndContributionMap":{"java":{"insertions":51,"deletions":25}}}]},{"date":"2024-01-30","commitResults":[{"hash":"09d86efff121dacd0e901e1e14f44e44126fb7b2","isMergeCommit":false,"messageTitle":"Fixed bug where Program closes after 2 empty inputs. Now has proper feedback","messageBody":"Tidied code; Partitioned code to other functions.\n2 warnings. 1 unused method, should be useful next time. 2nd warning is in main function, Don\u0027t worry about the unused object.\n","fileTypesAndContributionMap":{"java":{"insertions":40,"deletions":10}}}]},{"date":"2024-02-16","commitResults":[{"hash":"5883d03d28f00d76c19129dff7f13eac1dfae0cd","isMergeCommit":false,"messageTitle":"Tried to Refactor. Not enough time. Need to stop for work. Next Step: Super subclass properly before we Level 3 it","messageBody":"","fileTypesAndContributionMap":{"java":{"insertions":43,"deletions":7}}}]},{"date":"2024-02-18","commitResults":[{"hash":"5c04f03259b10fcf557f509915098b0ee24e8c62","isMergeCommit":false,"messageTitle":"Implemented Level 3 in OOP manner - [Marked as Done]","messageBody":"Next Step: create a randomised array of praises.\nFunctions as expected but doesn\u0027t follow the\n","tags":["Level-3"],"fileTypesAndContributionMap":{"java":{"insertions":139,"deletions":75}}}]},{"date":"2024-02-27","commitResults":[{"hash":"51891b736c39f8e51a042db604d49b2603e366fc","isMergeCommit":false,"messageTitle":"Implemented level 4 partially: Can Create Todo Events Deadlines in OOP Manner. Currently using dummy data for Events \u0026 deadlines. Next step: revise how to sieve out the keywords. I technically have some error handling in the previous weeks where I manage how empty inputs will give feedback to user \u0026 in the 3rd empty input, the program will stop.","messageBody":"","tags":["Level-4"],"fileTypesAndContributionMap":{"java":{"insertions":130,"deletions":29}}}]},{"date":"2024-02-28","commitResults":[{"hash":"1dc22d54ca120178fbebb6da788a34b27aea534d","isMergeCommit":false,"messageTitle":"experimented with string. inputString. replaceAll(“\\\\s”, “”) is too hardcore. trim(); is still better. Next step: still need to work on spliting text to extract keywords. Probably introduce a new method for that","messageBody":"","tags":["Level-5"],"fileTypesAndContributionMap":{"java":{"insertions":15,"deletions":5}}}]},{"date":"2024-03-07","commitResults":[{"hash":"e034b0223fdfbc3d5b24161e4bbdfdc8f0747305","isMergeCommit":false,"messageTitle":"Added help function for users \u0026 comments for programmer\u0027s easy reference.","messageBody":"Achieved\n1. Do not need to explicitly list \"event\" \"deadline\" \"/from\" \"/to\"\n2. Enhanced Level 4 to search for keyword using contains() method\n3. Level 5 Error handling\n\nNext objective: Level 6, Delete \u0026 Enums\n","fileTypesAndContributionMap":{"java":{"insertions":92,"deletions":77}}}]},{"date":"2024-03-23","commitResults":[{"hash":"ca5de73bae62743be8ef5d7690ced83352f2e9e2","isMergeCommit":false,"messageTitle":"Refactored Duke class to manage keywords \u0026 stop strange loops. Tried using do while loop, which decayed in to barebones (check keywords) if else -\u003e (check bot online) if loop Next Step: Error handling - try catch throws","messageBody":"","fileTypesAndContributionMap":{"java":{"insertions":106,"deletions":79}}},{"hash":"e9911a8e7a0ae6a89f1b0db9bd9fbb5ba915fab6","isMergeCommit":false,"messageTitle":"Ironed out corner case of \"by from to\" and \"from from by by\" for deadlines and events respectively.","messageBody":"","fileTypesAndContributionMap":{"java":{"insertions":63,"deletions":40}}}]},{"date":"2024-03-24","commitResults":[{"hash":"6f01c3ae9398213a877b760e4fd101c59217172a","isMergeCommit":false,"messageTitle":"understanding a little bit more of exceptions. Achieved level 6 Next step: Level 7 Save, More OOP, Java packages. Alternate goal: Polish text for error handling","messageBody":"","tags":["Level-6"],"fileTypesAndContributionMap":{"java":{"insertions":51,"deletions":23}}},{"hash":"0c51b32dbc07c879a0017174ccb432f807a6147d","isMergeCommit":true,"messageTitle":"Merge branch \u0027lvl6WIP\u0027","messageBody":"","fileTypesAndContributionMap":{}}]},{"date":"2024-03-25","commitResults":[{"hash":"acb9bee819236dfc7f996259811d66caf96c9aad","isMergeCommit":false,"messageTitle":"Refactored. corner cases are handled properly for \"by from to\" and \"from from by by\" https://refactoring.com/catalog/extractFunction.html next Step Level 7 Save, More OOP, Java Packages","messageBody":"","fileTypesAndContributionMap":{"java":{"insertions":104,"deletions":101}}},{"hash":"91b97e358f8d127714b4a19c90c27b909d83e773","isMergeCommit":false,"messageTitle":"Sucessfully created text file with \"a\"","messageBody":"","fileTypesAndContributionMap":{"txt":{"insertions":1,"deletions":0},"java":{"insertions":52,"deletions":0}}}]},{"date":"2024-03-26","commitResults":[{"hash":"1995910e2d0db08d38d1760f344e43eae3a376b5","isMergeCommit":false,"messageTitle":"Managed to come up with basic storage. Managed to package some UI and Storage. Next Step: Refactor by putting classes into package","messageBody":"","fileTypesAndContributionMap":{"java":{"insertions":92,"deletions":67}}},{"hash":"4a86dd3c7a46129d0b11a83477abe00591b792ce","isMergeCommit":false,"messageTitle":"Made UI not initiallised as object","messageBody":"","fileTypesAndContributionMap":{"java":{"insertions":2,"deletions":0}}},{"hash":"aa5fecd52d771820e6301fa016b247b4248df3ec","isMergeCommit":false,"messageTitle":"Made Ui not initialised as object at main","messageBody":"","fileTypesAndContributionMap":{"java":{"insertions":44,"deletions":19}}}]},{"date":"2024-03-27","commitResults":[{"hash":"271dde3b5073aaa27d544e844568fb9ffc3962a9","isMergeCommit":false,"messageTitle":"Continued to OOP and package my work Next Step: Migrate [Task Todo Events] into Task package","messageBody":"","fileTypesAndContributionMap":{"java":{"insertions":210,"deletions":116}}},{"hash":"d2da8e9fbacebeabe27cda8732d86e9c91db8976","isMergeCommit":false,"messageTitle":"Placed all classes in packages. I think I\u0027ve achieved package. However I have yet to put together OOP Storage, Parser and TaskList","messageBody":"","fileTypesAndContributionMap":{"java":{"insertions":4,"deletions":2}}},{"hash":"d1a44aceae5e3cc077de41f7b7faa051f88fac8e","isMergeCommit":false,"messageTitle":"Placed all classes in packages. I think I\u0027ve achieved package. However I have yet to put together OOP Storage, Parser and TaskList","messageBody":"","fileTypesAndContributionMap":{"java":{"insertions":31,"deletions":19}}}]},{"date":"2024-03-28","commitResults":[{"hash":"261c9e971c9d334db7c7cc89dae4358c351d1401","isMergeCommit":false,"messageTitle":"Refactored. Completed OOP and Package. Next Step: L7 Save","messageBody":"","fileTypesAndContributionMap":{"java":{"insertions":157,"deletions":181}}},{"hash":"9ddaeb59d94086fc9256fe8893a32b5fbe29757d","isMergeCommit":false,"messageTitle":"Made progress for A-JavaDoc. There is an interesting bug. I can\u0027t use \"mark exam scripts\" nor \"delete database\" Next Step: Level 7 Save","messageBody":"","fileTypesAndContributionMap":{"java":{"insertions":79,"deletions":47}}},{"hash":"4cdd496a0279c7ddeeafedaa4bc50b6d130b2bee","isMergeCommit":false,"messageTitle":"refactored delete keyword","messageBody":"","fileTypesAndContributionMap":{"java":{"insertions":64,"deletions":48}}},{"hash":"4587e8fac49ddd5855c96fa9f8be2c6a69ed835e","isMergeCommit":false,"messageTitle":"fix bug \u0026 refactor for delete. Working on Parser","messageBody":"","fileTypesAndContributionMap":{"java":{"insertions":90,"deletions":61}}}]},{"date":"2024-03-29","commitResults":[{"hash":"aa5e96123f9cb6dfe3fc9380cc162fcd4e31d2a7","isMergeCommit":false,"messageTitle":"1 more step closer to achieve Save. I have the power to retrieve existing commands using System.out.print(t.convertToCommand() + \"\\n\");","messageBody":"","fileTypesAndContributionMap":{"java":{"insertions":53,"deletions":39}}}]},{"date":"2024-04-01","commitResults":[{"hash":"b9c79a68f4c343b5007832482af63ac0cbaf6ef2","isMergeCommit":false,"messageTitle":"Week 10 Achieved - Undo using Stack. Problem: My delete is based on index rather than string. I took a long time before I figured that out. I need to focus on Save function by Tuesday to meet Milestone Level 7","messageBody":"","fileTypesAndContributionMap":{"java":{"insertions":210,"deletions":106}}},{"hash":"ca31f496cb59ed8d4f71eaea7934432f785d271b","isMergeCommit":false,"messageTitle":"Achieved save to text when program ends. Next Step: load text function. Then commit the next level","messageBody":"","fileTypesAndContributionMap":{"txt":{"insertions":4,"deletions":1},"java":{"insertions":46,"deletions":18}}}]},{"date":"2024-04-02","commitResults":[{"hash":"bd72d2a3aa173f96f4b9b0d1861eaf64231b43fc","isMergeCommit":false,"messageTitle":"Achieved Level 7 Save, More OOP, Java Packages Progressed for Level 8 JavaDoc Level 9 Undo (needs work to undo delete)","messageBody":"Next Step: Date and Times, Undo, Gradle, More refactoring\n","fileTypesAndContributionMap":{"txt":{"insertions":0,"deletions":4}}},{"hash":"ab77a6d650580fd33c7284be63f6187cf25fe8dc","isMergeCommit":false,"messageTitle":"Achieved Level 7 Save, More OOP, Java Packages Progressed for Level 8 JavaDoc Level 9 Undo (needs work to undo delete)","messageBody":"Next Step: Date and Times, Undo, Gradle, More refactoring\n","fileTypesAndContributionMap":{"txt":{"insertions":2,"deletions":0},"java":{"insertions":67,"deletions":39}}},{"hash":"882a90d27f9cd5e0a104a9af0a2caf3d052a9aef","isMergeCommit":true,"messageTitle":"Merge branch \u0027lvl7WIP\u0027","messageBody":"","tags":["Level-7"],"fileTypesAndContributionMap":{}}]},{"date":"2024-04-03","commitResults":[{"hash":"4d2565abc3a06309d4d267b94f5f51b7d14794a8","isMergeCommit":true,"messageTitle":"Merge branch \u0027add-gradle-support\u0027","messageBody":"","fileTypesAndContributionMap":{}},{"hash":"7a9d2641cc2258b2ee3a4f5b9eeb032a17a671bf","isMergeCommit":false,"messageTitle":"Gradle implemented successfully","messageBody":"","fileTypesAndContributionMap":{"java":{"insertions":1,"deletions":0}}},{"hash":"ee0dc8af639c2017368db759ce003761279bfa7e","isMergeCommit":false,"messageTitle":"Placed Duke java class in Duke Folder and ran Gradle successfully Next Step Level 8 Time \u0026 JUnit Testing","messageBody":"","fileTypesAndContributionMap":{"gradle":{"insertions":1,"deletions":1},"txt":{"insertions":0,"deletions":1},"java":{"insertions":3,"deletions":1},"bat":{"insertions":1,"deletions":1},"md":{"insertions":3,"deletions":3}}}]}]},"authorFileTypeContributionMap":{"goosekite":{"java":904,"md":3,"fxml":0,"sh":0,"bat":1,"gradle":1,"txt":1}},"authorContributionVariance":{"goosekite":12930.831},"authorDisplayNameMap":{"goosekite":"JEFF..N YU"}}
