[{"path":"src/main/java/Deadline.java","fileType":"java","lines":[{"lineNumber":1,"author":{"gitId":"JoelEeWH"},"content":"public class Deadline extends Task {","lastModifiedDate":"2024-02-09"},{"lineNumber":2,"author":{"gitId":"JoelEeWH"},"content":"","lastModifiedDate":"2024-02-09"},{"lineNumber":3,"author":{"gitId":"JoelEeWH"},"content":"    protected String by;","lastModifiedDate":"2024-02-09"},{"lineNumber":4,"author":{"gitId":"JoelEeWH"},"content":"","lastModifiedDate":"2024-02-09"},{"lineNumber":5,"author":{"gitId":"JoelEeWH"},"content":"    /*","lastModifiedDate":"2024-02-11"},{"lineNumber":6,"author":{"gitId":"JoelEeWH"},"content":"    Constructor with exception handling to ensure user input 2 parameters for this command","lastModifiedDate":"2024-02-11"},{"lineNumber":7,"author":{"gitId":"JoelEeWH"},"content":"     */","lastModifiedDate":"2024-02-11"},{"lineNumber":8,"author":{"gitId":"JoelEeWH"},"content":"    public Deadline(String input) throws DukeException {","lastModifiedDate":"2024-02-11"},{"lineNumber":9,"author":{"gitId":"JoelEeWH"},"content":"        super(input.split(\"-\")[0].trim());","lastModifiedDate":"2024-02-11"},{"lineNumber":10,"author":{"gitId":"JoelEeWH"},"content":"        DukeException.checkNumParameters(input,2);","lastModifiedDate":"2024-02-11"},{"lineNumber":11,"author":{"gitId":"JoelEeWH"},"content":"","lastModifiedDate":"2024-02-11"},{"lineNumber":12,"author":{"gitId":"JoelEeWH"},"content":"        this.by \u003d input.split(\"-\")[1].trim();","lastModifiedDate":"2024-02-11"},{"lineNumber":13,"author":{"gitId":"JoelEeWH"},"content":"    }","lastModifiedDate":"2024-02-09"},{"lineNumber":14,"author":{"gitId":"JoelEeWH"},"content":"","lastModifiedDate":"2024-02-09"},{"lineNumber":15,"author":{"gitId":"JoelEeWH"},"content":"    @Override","lastModifiedDate":"2024-02-09"},{"lineNumber":16,"author":{"gitId":"JoelEeWH"},"content":"    public String toString() {","lastModifiedDate":"2024-02-09"},{"lineNumber":17,"author":{"gitId":"JoelEeWH"},"content":"        return \"[D]\" + super.toString() + \" (by: \" + by + \")\";","lastModifiedDate":"2024-02-09"},{"lineNumber":18,"author":{"gitId":"JoelEeWH"},"content":"    }","lastModifiedDate":"2024-02-09"},{"lineNumber":19,"author":{"gitId":"JoelEeWH"},"content":"}","lastModifiedDate":"2024-02-09"}],"authorContributionMap":{"JoelEeWH":19}},{"path":"src/main/java/Duke.java","fileType":"java","lines":[{"lineNumber":1,"author":{"gitId":"-"},"content":"public class Duke {","lastModifiedDate":"2019-07-29"},{"lineNumber":2,"author":{"gitId":"JoelEeWH"},"content":"    private static Gui gui;","lastModifiedDate":"2024-01-31"},{"lineNumber":3,"author":{"gitId":"JoelEeWH"},"content":"    private static TaskList tasklist;","lastModifiedDate":"2024-02-01"},{"lineNumber":4,"author":{"gitId":"JoelEeWH"},"content":"    private static Task task;","lastModifiedDate":"2024-02-01"},{"lineNumber":5,"author":{"gitId":"JoelEeWH"},"content":"    private static Deadline deadline;","lastModifiedDate":"2024-02-09"},{"lineNumber":6,"author":{"gitId":"JoelEeWH"},"content":"    private static ToDo todo;","lastModifiedDate":"2024-02-09"},{"lineNumber":7,"author":{"gitId":"JoelEeWH"},"content":"    private static Event event;","lastModifiedDate":"2024-02-09"},{"lineNumber":8,"author":{"gitId":"JoelEeWH"},"content":"","lastModifiedDate":"2024-01-31"},{"lineNumber":9,"author":{"gitId":"JoelEeWH"},"content":"    /**","lastModifiedDate":"2024-02-01"},{"lineNumber":10,"author":{"gitId":"JoelEeWH"},"content":"     * Constructor","lastModifiedDate":"2024-02-01"},{"lineNumber":11,"author":{"gitId":"JoelEeWH"},"content":"     * Initialise gui and tasklist object","lastModifiedDate":"2024-02-01"},{"lineNumber":12,"author":{"gitId":"JoelEeWH"},"content":"     */","lastModifiedDate":"2024-02-01"},{"lineNumber":13,"author":{"gitId":"JoelEeWH"},"content":"    public Duke(){","lastModifiedDate":"2024-02-01"},{"lineNumber":14,"author":{"gitId":"JoelEeWH"},"content":"        gui \u003d new Gui();","lastModifiedDate":"2024-01-31"},{"lineNumber":15,"author":{"gitId":"JoelEeWH"},"content":"        tasklist \u003d new TaskList();","lastModifiedDate":"2024-02-01"},{"lineNumber":16,"author":{"gitId":"JoelEeWH"},"content":"    }","lastModifiedDate":"2024-02-01"},{"lineNumber":17,"author":{"gitId":"JoelEeWH"},"content":"","lastModifiedDate":"2024-01-31"},{"lineNumber":18,"author":{"gitId":"JoelEeWH"},"content":"    /**","lastModifiedDate":"2024-02-01"},{"lineNumber":19,"author":{"gitId":"JoelEeWH"},"content":"     * Start the program","lastModifiedDate":"2024-02-01"},{"lineNumber":20,"author":{"gitId":"JoelEeWH"},"content":"     */","lastModifiedDate":"2024-02-01"},{"lineNumber":21,"author":{"gitId":"JoelEeWH"},"content":"    public void programExecution() throws DukeException {","lastModifiedDate":"2024-02-11"},{"lineNumber":22,"author":{"gitId":"JoelEeWH"},"content":"        gui.printCommands();","lastModifiedDate":"2024-02-01"},{"lineNumber":23,"author":{"gitId":"JoelEeWH"},"content":"","lastModifiedDate":"2024-02-01"},{"lineNumber":24,"author":{"gitId":"JoelEeWH"},"content":"        String userinput \u003d gui.userInput().trim(); //Takes in user input","lastModifiedDate":"2024-02-01"},{"lineNumber":25,"author":{"gitId":"JoelEeWH"},"content":"        String command;","lastModifiedDate":"2024-02-01"},{"lineNumber":26,"author":{"gitId":"JoelEeWH"},"content":"        String input \u003d \"\";","lastModifiedDate":"2024-02-11"},{"lineNumber":27,"author":{"gitId":"JoelEeWH"},"content":"","lastModifiedDate":"2024-02-01"},{"lineNumber":28,"author":{"gitId":"JoelEeWH"},"content":"        /*","lastModifiedDate":"2024-02-11"},{"lineNumber":29,"author":{"gitId":"JoelEeWH"},"content":"        Split the user input into the various sub parts (commands, inputs)","lastModifiedDate":"2024-02-11"},{"lineNumber":30,"author":{"gitId":"JoelEeWH"},"content":"        Check for exception (1) BYE/LIST should not contain other inputs","lastModifiedDate":"2024-02-11"},{"lineNumber":31,"author":{"gitId":"JoelEeWH"},"content":"                            (2) Other commands must contain inputs after :","lastModifiedDate":"2024-02-11"},{"lineNumber":32,"author":{"gitId":"JoelEeWH"},"content":"         */","lastModifiedDate":"2024-02-11"},{"lineNumber":33,"author":{"gitId":"JoelEeWH"},"content":"","lastModifiedDate":"2024-02-11"},{"lineNumber":34,"author":{"gitId":"JoelEeWH"},"content":"        if (userinput.contains(\":\")){","lastModifiedDate":"2024-02-01"},{"lineNumber":35,"author":{"gitId":"JoelEeWH"},"content":"            String[] userInputArray \u003d userinput.split(\":\");","lastModifiedDate":"2024-02-11"},{"lineNumber":36,"author":{"gitId":"JoelEeWH"},"content":"            if (userinput.contains(\"BYE\") || userinput.contains(\"LIST\")){","lastModifiedDate":"2024-02-11"},{"lineNumber":37,"author":{"gitId":"JoelEeWH"},"content":"                throw new DukeException(\"[SYNTAX ERROR] Input command has no \u0027:\u0027\");","lastModifiedDate":"2024-02-11"},{"lineNumber":38,"author":{"gitId":"JoelEeWH"},"content":"            }","lastModifiedDate":"2024-02-11"},{"lineNumber":39,"author":{"gitId":"JoelEeWH"},"content":"            if (userInputArray.length \u003c\u003d 1){","lastModifiedDate":"2024-02-11"},{"lineNumber":40,"author":{"gitId":"JoelEeWH"},"content":"                throw new DukeException(\"[SYNTAX ERROR] Please input task instructions after \u0027:\u0027\\n\");","lastModifiedDate":"2024-02-11"},{"lineNumber":41,"author":{"gitId":"JoelEeWH"},"content":"            }","lastModifiedDate":"2024-02-11"},{"lineNumber":42,"author":{"gitId":"JoelEeWH"},"content":"            command \u003d userinput.split(\":\")[0].trim();","lastModifiedDate":"2024-02-01"},{"lineNumber":43,"author":{"gitId":"JoelEeWH"},"content":"            input \u003d userinput.split(\":\")[1].trim();","lastModifiedDate":"2024-02-11"},{"lineNumber":44,"author":{"gitId":"JoelEeWH"},"content":"        }else{","lastModifiedDate":"2024-02-01"},{"lineNumber":45,"author":{"gitId":"JoelEeWH"},"content":"            command \u003d userinput.trim();","lastModifiedDate":"2024-02-01"},{"lineNumber":46,"author":{"gitId":"JoelEeWH"},"content":"        }","lastModifiedDate":"2024-02-01"},{"lineNumber":47,"author":{"gitId":"JoelEeWH"},"content":"","lastModifiedDate":"2024-01-31"},{"lineNumber":48,"author":{"gitId":"JoelEeWH"},"content":"        System.out.println(\"Command is:\" + command); //Prints out user input","lastModifiedDate":"2024-02-01"},{"lineNumber":49,"author":{"gitId":"JoelEeWH"},"content":"","lastModifiedDate":"2024-01-31"},{"lineNumber":50,"author":{"gitId":"JoelEeWH"},"content":"        /*","lastModifiedDate":"2024-02-11"},{"lineNumber":51,"author":{"gitId":"JoelEeWH"},"content":"        Switch case to execute the various commands","lastModifiedDate":"2024-02-11"},{"lineNumber":52,"author":{"gitId":"JoelEeWH"},"content":"         */","lastModifiedDate":"2024-02-11"},{"lineNumber":53,"author":{"gitId":"JoelEeWH"},"content":"        switch(command) {","lastModifiedDate":"2024-02-01"},{"lineNumber":54,"author":{"gitId":"JoelEeWH"},"content":"            case \"DELETE\":","lastModifiedDate":"2024-02-13"},{"lineNumber":55,"author":{"gitId":"JoelEeWH"},"content":"                tasklist.deleteTask(input);","lastModifiedDate":"2024-02-13"},{"lineNumber":56,"author":{"gitId":"JoelEeWH"},"content":"                break;","lastModifiedDate":"2024-02-13"},{"lineNumber":57,"author":{"gitId":"JoelEeWH"},"content":"            case \"EVENT\":","lastModifiedDate":"2024-02-09"},{"lineNumber":58,"author":{"gitId":"JoelEeWH"},"content":"                event \u003d new Event(input);","lastModifiedDate":"2024-02-11"},{"lineNumber":59,"author":{"gitId":"JoelEeWH"},"content":"                tasklist.insertTask(event);","lastModifiedDate":"2024-02-09"},{"lineNumber":60,"author":{"gitId":"JoelEeWH"},"content":"                break;","lastModifiedDate":"2024-02-09"},{"lineNumber":61,"author":{"gitId":"JoelEeWH"},"content":"            case \"DEADLINE\":","lastModifiedDate":"2024-02-09"},{"lineNumber":62,"author":{"gitId":"JoelEeWH"},"content":"                deadline \u003d new Deadline(input);","lastModifiedDate":"2024-02-11"},{"lineNumber":63,"author":{"gitId":"JoelEeWH"},"content":"                tasklist.insertTask(deadline);","lastModifiedDate":"2024-02-09"},{"lineNumber":64,"author":{"gitId":"JoelEeWH"},"content":"                break;","lastModifiedDate":"2024-02-09"},{"lineNumber":65,"author":{"gitId":"JoelEeWH"},"content":"            case \"STATUS\":","lastModifiedDate":"2024-02-01"},{"lineNumber":66,"author":{"gitId":"JoelEeWH"},"content":"                tasklist.updateTask(input);","lastModifiedDate":"2024-02-11"},{"lineNumber":67,"author":{"gitId":"JoelEeWH"},"content":"                break;","lastModifiedDate":"2024-02-01"},{"lineNumber":68,"author":{"gitId":"JoelEeWH"},"content":"            case \"TODO\":","lastModifiedDate":"2024-02-09"},{"lineNumber":69,"author":{"gitId":"JoelEeWH"},"content":"                todo \u003d new ToDo(input);","lastModifiedDate":"2024-02-11"},{"lineNumber":70,"author":{"gitId":"JoelEeWH"},"content":"                tasklist.insertTask(todo);","lastModifiedDate":"2024-02-09"},{"lineNumber":71,"author":{"gitId":"JoelEeWH"},"content":"                break;","lastModifiedDate":"2024-02-01"},{"lineNumber":72,"author":{"gitId":"JoelEeWH"},"content":"            case \"LIST\":","lastModifiedDate":"2024-01-31"},{"lineNumber":73,"author":{"gitId":"JoelEeWH"},"content":"                tasklist.printTaskList();","lastModifiedDate":"2024-02-01"},{"lineNumber":74,"author":{"gitId":"JoelEeWH"},"content":"                break;","lastModifiedDate":"2024-01-31"},{"lineNumber":75,"author":{"gitId":"JoelEeWH"},"content":"            case \"BYE\":","lastModifiedDate":"2024-01-31"},{"lineNumber":76,"author":{"gitId":"JoelEeWH"},"content":"                gui.bye();","lastModifiedDate":"2024-01-31"},{"lineNumber":77,"author":{"gitId":"JoelEeWH"},"content":"                break;","lastModifiedDate":"2024-01-31"},{"lineNumber":78,"author":{"gitId":"JoelEeWH"},"content":"            default:","lastModifiedDate":"2024-01-31"},{"lineNumber":79,"author":{"gitId":"JoelEeWH"},"content":"                throw new DukeException(\"Invalid Command! Please try again!\");","lastModifiedDate":"2024-02-11"},{"lineNumber":80,"author":{"gitId":"JoelEeWH"},"content":"        }","lastModifiedDate":"2024-01-31"},{"lineNumber":81,"author":{"gitId":"JoelEeWH"},"content":"    }","lastModifiedDate":"2024-02-01"},{"lineNumber":82,"author":{"gitId":"JoelEeWH"},"content":"","lastModifiedDate":"2024-02-01"},{"lineNumber":83,"author":{"gitId":"-"},"content":"    public static void main(String[] args) {","lastModifiedDate":"2024-02-01"},{"lineNumber":84,"author":{"gitId":"JoelEeWH"},"content":"        Duke program \u003d new Duke();","lastModifiedDate":"2024-02-01"},{"lineNumber":85,"author":{"gitId":"JoelEeWH"},"content":"        gui.welcome();","lastModifiedDate":"2024-02-01"},{"lineNumber":86,"author":{"gitId":"JoelEeWH"},"content":"        while(true){","lastModifiedDate":"2024-02-01"},{"lineNumber":87,"author":{"gitId":"JoelEeWH"},"content":"            try {","lastModifiedDate":"2024-02-11"},{"lineNumber":88,"author":{"gitId":"JoelEeWH"},"content":"                program.programExecution();","lastModifiedDate":"2024-02-01"},{"lineNumber":89,"author":{"gitId":"JoelEeWH"},"content":"            }catch (DukeException error){","lastModifiedDate":"2024-02-11"},{"lineNumber":90,"author":{"gitId":"JoelEeWH"},"content":"                System.out.println(error);","lastModifiedDate":"2024-02-11"},{"lineNumber":91,"author":{"gitId":"JoelEeWH"},"content":"            }","lastModifiedDate":"2024-02-11"},{"lineNumber":92,"author":{"gitId":"JoelEeWH"},"content":"        }","lastModifiedDate":"2024-02-01"},{"lineNumber":93,"author":{"gitId":"JoelEeWH"},"content":"","lastModifiedDate":"2024-01-31"},{"lineNumber":94,"author":{"gitId":"-"},"content":"    }","lastModifiedDate":"2019-07-29"},{"lineNumber":95,"author":{"gitId":"-"},"content":"}","lastModifiedDate":"2019-07-29"}],"authorContributionMap":{"JoelEeWH":91,"-":4}},{"path":"src/main/java/DukeException.java","fileType":"java","lines":[{"lineNumber":1,"author":{"gitId":"JoelEeWH"},"content":"public class DukeException  extends Exception{","lastModifiedDate":"2024-02-11"},{"lineNumber":2,"author":{"gitId":"JoelEeWH"},"content":"    public DukeException(String error){","lastModifiedDate":"2024-02-11"},{"lineNumber":3,"author":{"gitId":"JoelEeWH"},"content":"        super(error);","lastModifiedDate":"2024-02-11"},{"lineNumber":4,"author":{"gitId":"JoelEeWH"},"content":"    }","lastModifiedDate":"2024-02-11"},{"lineNumber":5,"author":{"gitId":"JoelEeWH"},"content":"","lastModifiedDate":"2024-02-11"},{"lineNumber":6,"author":{"gitId":"JoelEeWH"},"content":"    /*","lastModifiedDate":"2024-02-11"},{"lineNumber":7,"author":{"gitId":"JoelEeWH"},"content":"    Helper method to check if string input is number","lastModifiedDate":"2024-02-11"},{"lineNumber":8,"author":{"gitId":"JoelEeWH"},"content":"    isInteger() method will check input if it is an Integer","lastModifiedDate":"2024-02-11"},{"lineNumber":9,"author":{"gitId":"JoelEeWH"},"content":"    Reference: https://stackoverflow.com/questions/1102891/how-to-check-if-a-string-is-numeric-in-java","lastModifiedDate":"2024-02-11"},{"lineNumber":10,"author":{"gitId":"JoelEeWH"},"content":"     */","lastModifiedDate":"2024-02-11"},{"lineNumber":11,"author":{"gitId":"JoelEeWH"},"content":"","lastModifiedDate":"2024-02-11"},{"lineNumber":12,"author":{"gitId":"JoelEeWH"},"content":"    public static boolean isInteger(String input){","lastModifiedDate":"2024-02-11"},{"lineNumber":13,"author":{"gitId":"JoelEeWH"},"content":"        try{","lastModifiedDate":"2024-02-11"},{"lineNumber":14,"author":{"gitId":"JoelEeWH"},"content":"            Integer.parseInt(input);","lastModifiedDate":"2024-02-11"},{"lineNumber":15,"author":{"gitId":"JoelEeWH"},"content":"            return true;","lastModifiedDate":"2024-02-11"},{"lineNumber":16,"author":{"gitId":"JoelEeWH"},"content":"        }catch (NumberFormatException e){","lastModifiedDate":"2024-02-11"},{"lineNumber":17,"author":{"gitId":"JoelEeWH"},"content":"            return false;","lastModifiedDate":"2024-02-11"},{"lineNumber":18,"author":{"gitId":"JoelEeWH"},"content":"        }","lastModifiedDate":"2024-02-11"},{"lineNumber":19,"author":{"gitId":"JoelEeWH"},"content":"    }","lastModifiedDate":"2024-02-11"},{"lineNumber":20,"author":{"gitId":"JoelEeWH"},"content":"","lastModifiedDate":"2024-02-11"},{"lineNumber":21,"author":{"gitId":"JoelEeWH"},"content":"    /*","lastModifiedDate":"2024-02-11"},{"lineNumber":22,"author":{"gitId":"JoelEeWH"},"content":"    Helper method to check if string input is boolean","lastModifiedDate":"2024-02-11"},{"lineNumber":23,"author":{"gitId":"JoelEeWH"},"content":"    isBoolean() method will check input if it is a boolean","lastModifiedDate":"2024-02-11"},{"lineNumber":24,"author":{"gitId":"JoelEeWH"},"content":"    */","lastModifiedDate":"2024-02-11"},{"lineNumber":25,"author":{"gitId":"JoelEeWH"},"content":"","lastModifiedDate":"2024-02-11"},{"lineNumber":26,"author":{"gitId":"JoelEeWH"},"content":"    public static boolean isBoolean(String input) throws DukeException {","lastModifiedDate":"2024-02-11"},{"lineNumber":27,"author":{"gitId":"JoelEeWH"},"content":"        input \u003d input.toLowerCase();","lastModifiedDate":"2024-02-11"},{"lineNumber":28,"author":{"gitId":"JoelEeWH"},"content":"        if (input.contains(\"false\") || input.contains(\"true\")){","lastModifiedDate":"2024-02-11"},{"lineNumber":29,"author":{"gitId":"JoelEeWH"},"content":"            return input.equals(\"true\");","lastModifiedDate":"2024-02-11"},{"lineNumber":30,"author":{"gitId":"JoelEeWH"},"content":"        }else{","lastModifiedDate":"2024-02-11"},{"lineNumber":31,"author":{"gitId":"JoelEeWH"},"content":"            throw new DukeException(\"Enter either true or false values. True - Task completed.\");","lastModifiedDate":"2024-02-11"},{"lineNumber":32,"author":{"gitId":"JoelEeWH"},"content":"        }","lastModifiedDate":"2024-02-11"},{"lineNumber":33,"author":{"gitId":"JoelEeWH"},"content":"    }","lastModifiedDate":"2024-02-11"},{"lineNumber":34,"author":{"gitId":"JoelEeWH"},"content":"","lastModifiedDate":"2024-02-11"},{"lineNumber":35,"author":{"gitId":"JoelEeWH"},"content":"    /*","lastModifiedDate":"2024-02-11"},{"lineNumber":36,"author":{"gitId":"JoelEeWH"},"content":"    Helper method to check if the number of parameters in the command is correct","lastModifiedDate":"2024-02-11"},{"lineNumber":37,"author":{"gitId":"JoelEeWH"},"content":"     */","lastModifiedDate":"2024-02-11"},{"lineNumber":38,"author":{"gitId":"JoelEeWH"},"content":"    public static void checkNumParameters(String input, int num) throws DukeException {","lastModifiedDate":"2024-02-11"},{"lineNumber":39,"author":{"gitId":"JoelEeWH"},"content":"        if (input.split(\"-\").length !\u003d num){","lastModifiedDate":"2024-02-11"},{"lineNumber":40,"author":{"gitId":"JoelEeWH"},"content":"            throw new DukeException(String.format(\"Command expects \" + String.valueOf(num) + \" parameters\"));","lastModifiedDate":"2024-02-11"},{"lineNumber":41,"author":{"gitId":"JoelEeWH"},"content":"        }","lastModifiedDate":"2024-02-11"},{"lineNumber":42,"author":{"gitId":"JoelEeWH"},"content":"    }","lastModifiedDate":"2024-02-11"},{"lineNumber":43,"author":{"gitId":"JoelEeWH"},"content":"","lastModifiedDate":"2024-02-11"},{"lineNumber":44,"author":{"gitId":"JoelEeWH"},"content":"    /*","lastModifiedDate":"2024-02-11"},{"lineNumber":45,"author":{"gitId":"JoelEeWH"},"content":"    Helper method to check if the index to be updated is valid","lastModifiedDate":"2024-02-11"},{"lineNumber":46,"author":{"gitId":"JoelEeWH"},"content":"     */","lastModifiedDate":"2024-02-11"},{"lineNumber":47,"author":{"gitId":"JoelEeWH"},"content":"    public static int getIndex(String inputSplit, int maxIndex) throws DukeException {","lastModifiedDate":"2024-02-11"},{"lineNumber":48,"author":{"gitId":"JoelEeWH"},"content":"        int index;","lastModifiedDate":"2024-02-11"},{"lineNumber":49,"author":{"gitId":"JoelEeWH"},"content":"","lastModifiedDate":"2024-02-11"},{"lineNumber":50,"author":{"gitId":"JoelEeWH"},"content":"        if (!DukeException.isInteger(inputSplit.trim())){","lastModifiedDate":"2024-02-11"},{"lineNumber":51,"author":{"gitId":"JoelEeWH"},"content":"            throw new DukeException(\"Parameter must be an integer!\");","lastModifiedDate":"2024-02-13"},{"lineNumber":52,"author":{"gitId":"JoelEeWH"},"content":"        }","lastModifiedDate":"2024-02-11"},{"lineNumber":53,"author":{"gitId":"JoelEeWH"},"content":"","lastModifiedDate":"2024-02-11"},{"lineNumber":54,"author":{"gitId":"JoelEeWH"},"content":"        index \u003d Integer.parseInt(inputSplit.trim()) - 1;","lastModifiedDate":"2024-02-11"},{"lineNumber":55,"author":{"gitId":"JoelEeWH"},"content":"","lastModifiedDate":"2024-02-11"},{"lineNumber":56,"author":{"gitId":"JoelEeWH"},"content":"        if (maxIndex \u003c 0){","lastModifiedDate":"2024-02-11"},{"lineNumber":57,"author":{"gitId":"JoelEeWH"},"content":"            throw new DukeException(\"Error! There are no task in the list\");","lastModifiedDate":"2024-02-11"},{"lineNumber":58,"author":{"gitId":"JoelEeWH"},"content":"        }","lastModifiedDate":"2024-02-11"},{"lineNumber":59,"author":{"gitId":"JoelEeWH"},"content":"        if (index \u003e maxIndex){","lastModifiedDate":"2024-02-11"},{"lineNumber":60,"author":{"gitId":"JoelEeWH"},"content":"            throw new DukeException(\"Index not found! Choose a valid index!\");","lastModifiedDate":"2024-02-11"},{"lineNumber":61,"author":{"gitId":"JoelEeWH"},"content":"        }","lastModifiedDate":"2024-02-11"},{"lineNumber":62,"author":{"gitId":"JoelEeWH"},"content":"        return index;","lastModifiedDate":"2024-02-11"},{"lineNumber":63,"author":{"gitId":"JoelEeWH"},"content":"    }","lastModifiedDate":"2024-02-11"},{"lineNumber":64,"author":{"gitId":"JoelEeWH"},"content":"}","lastModifiedDate":"2024-02-11"}],"authorContributionMap":{"JoelEeWH":64}},{"path":"src/main/java/Event.java","fileType":"java","lines":[{"lineNumber":1,"author":{"gitId":"JoelEeWH"},"content":"public class Event extends Task {","lastModifiedDate":"2024-02-09"},{"lineNumber":2,"author":{"gitId":"JoelEeWH"},"content":"","lastModifiedDate":"2024-02-09"},{"lineNumber":3,"author":{"gitId":"JoelEeWH"},"content":"    protected String start;","lastModifiedDate":"2024-02-09"},{"lineNumber":4,"author":{"gitId":"JoelEeWH"},"content":"    protected String end;","lastModifiedDate":"2024-02-09"},{"lineNumber":5,"author":{"gitId":"JoelEeWH"},"content":"","lastModifiedDate":"2024-02-09"},{"lineNumber":6,"author":{"gitId":"JoelEeWH"},"content":"    /*","lastModifiedDate":"2024-02-11"},{"lineNumber":7,"author":{"gitId":"JoelEeWH"},"content":"    Constructor with exception handling to ensure user input 3 parameters for this command","lastModifiedDate":"2024-02-11"},{"lineNumber":8,"author":{"gitId":"JoelEeWH"},"content":"     */","lastModifiedDate":"2024-02-11"},{"lineNumber":9,"author":{"gitId":"JoelEeWH"},"content":"    public Event(String input) throws DukeException {","lastModifiedDate":"2024-02-11"},{"lineNumber":10,"author":{"gitId":"JoelEeWH"},"content":"        super(input.split(\"-\")[0].trim());","lastModifiedDate":"2024-02-11"},{"lineNumber":11,"author":{"gitId":"JoelEeWH"},"content":"        DukeException.checkNumParameters(input,3);","lastModifiedDate":"2024-02-11"},{"lineNumber":12,"author":{"gitId":"JoelEeWH"},"content":"        String start \u003d input.split(\"-\")[1].trim();","lastModifiedDate":"2024-02-11"},{"lineNumber":13,"author":{"gitId":"JoelEeWH"},"content":"        String end \u003d input.split(\"-\")[2].trim();","lastModifiedDate":"2024-02-11"},{"lineNumber":14,"author":{"gitId":"JoelEeWH"},"content":"","lastModifiedDate":"2024-02-11"},{"lineNumber":15,"author":{"gitId":"JoelEeWH"},"content":"        this.start \u003d start;","lastModifiedDate":"2024-02-09"},{"lineNumber":16,"author":{"gitId":"JoelEeWH"},"content":"        this.end \u003d end;","lastModifiedDate":"2024-02-09"},{"lineNumber":17,"author":{"gitId":"JoelEeWH"},"content":"    }","lastModifiedDate":"2024-02-09"},{"lineNumber":18,"author":{"gitId":"JoelEeWH"},"content":"","lastModifiedDate":"2024-02-09"},{"lineNumber":19,"author":{"gitId":"JoelEeWH"},"content":"    @Override","lastModifiedDate":"2024-02-09"},{"lineNumber":20,"author":{"gitId":"JoelEeWH"},"content":"    public String toString() {","lastModifiedDate":"2024-02-09"},{"lineNumber":21,"author":{"gitId":"JoelEeWH"},"content":"        return \"[E]\" + super.toString() + \" (from: \" + start + \" to: \" + end + \" )\";","lastModifiedDate":"2024-02-09"},{"lineNumber":22,"author":{"gitId":"JoelEeWH"},"content":"    }","lastModifiedDate":"2024-02-09"},{"lineNumber":23,"author":{"gitId":"JoelEeWH"},"content":"}","lastModifiedDate":"2024-02-09"}],"authorContributionMap":{"JoelEeWH":23}},{"path":"src/main/java/Gui.java","fileType":"java","lines":[{"lineNumber":1,"author":{"gitId":"JoelEeWH"},"content":"import java.util.Scanner;","lastModifiedDate":"2024-01-31"},{"lineNumber":2,"author":{"gitId":"JoelEeWH"},"content":"","lastModifiedDate":"2024-01-31"},{"lineNumber":3,"author":{"gitId":"JoelEeWH"},"content":"/**","lastModifiedDate":"2024-01-31"},{"lineNumber":4,"author":{"gitId":"JoelEeWH"},"content":" * This class is to provide \"GUI\" like features","lastModifiedDate":"2024-01-31"},{"lineNumber":5,"author":{"gitId":"JoelEeWH"},"content":" */","lastModifiedDate":"2024-01-31"},{"lineNumber":6,"author":{"gitId":"JoelEeWH"},"content":"public class Gui {","lastModifiedDate":"2024-01-31"},{"lineNumber":7,"author":{"gitId":"JoelEeWH"},"content":"    private static Scanner usrinput;","lastModifiedDate":"2024-01-31"},{"lineNumber":8,"author":{"gitId":"JoelEeWH"},"content":"","lastModifiedDate":"2024-01-31"},{"lineNumber":9,"author":{"gitId":"JoelEeWH"},"content":"    /**","lastModifiedDate":"2024-01-31"},{"lineNumber":10,"author":{"gitId":"JoelEeWH"},"content":"     * Constructor that will initialize a scanner object","lastModifiedDate":"2024-01-31"},{"lineNumber":11,"author":{"gitId":"JoelEeWH"},"content":"     */","lastModifiedDate":"2024-01-31"},{"lineNumber":12,"author":{"gitId":"JoelEeWH"},"content":"    public Gui(){","lastModifiedDate":"2024-01-31"},{"lineNumber":13,"author":{"gitId":"JoelEeWH"},"content":"        usrinput \u003d new Scanner(System.in);","lastModifiedDate":"2024-01-31"},{"lineNumber":14,"author":{"gitId":"JoelEeWH"},"content":"    }","lastModifiedDate":"2024-01-31"},{"lineNumber":15,"author":{"gitId":"JoelEeWH"},"content":"","lastModifiedDate":"2024-01-31"},{"lineNumber":16,"author":{"gitId":"JoelEeWH"},"content":"    /**","lastModifiedDate":"2024-01-31"},{"lineNumber":17,"author":{"gitId":"JoelEeWH"},"content":"     * This method will","lastModifiedDate":"2024-01-31"},{"lineNumber":18,"author":{"gitId":"JoelEeWH"},"content":"     * (1) Print initial message","lastModifiedDate":"2024-01-31"},{"lineNumber":19,"author":{"gitId":"JoelEeWH"},"content":"     */","lastModifiedDate":"2024-01-31"},{"lineNumber":20,"author":{"gitId":"JoelEeWH"},"content":"    public void welcome() {","lastModifiedDate":"2024-01-31"},{"lineNumber":21,"author":{"gitId":"JoelEeWH"},"content":"        String logo \u003d \" ____        _        \\n\"","lastModifiedDate":"2024-01-31"},{"lineNumber":22,"author":{"gitId":"JoelEeWH"},"content":"                + \"|  _ \\\\ _   _| | _____ \\n\"","lastModifiedDate":"2024-01-31"},{"lineNumber":23,"author":{"gitId":"JoelEeWH"},"content":"                + \"| | | | | | | |/ / _ \\\\\\n\"","lastModifiedDate":"2024-01-31"},{"lineNumber":24,"author":{"gitId":"JoelEeWH"},"content":"                + \"| |_| | |_| |   \u003c  __/\\n\"","lastModifiedDate":"2024-01-31"},{"lineNumber":25,"author":{"gitId":"JoelEeWH"},"content":"                + \"|____/ \\\\__,_|_|\\\\_\\\\___|\\n\";","lastModifiedDate":"2024-01-31"},{"lineNumber":26,"author":{"gitId":"JoelEeWH"},"content":"","lastModifiedDate":"2024-01-31"},{"lineNumber":27,"author":{"gitId":"JoelEeWH"},"content":"        System.out.println(\"Hello from\\n\" + logo);","lastModifiedDate":"2024-01-31"},{"lineNumber":28,"author":{"gitId":"JoelEeWH"},"content":"        System.out.println(\"Welcome! I\u0027m Sid \\nWhat can I do for you?\\n\");","lastModifiedDate":"2024-01-31"},{"lineNumber":29,"author":{"gitId":"JoelEeWH"},"content":"    }","lastModifiedDate":"2024-02-01"},{"lineNumber":30,"author":{"gitId":"JoelEeWH"},"content":"","lastModifiedDate":"2024-02-01"},{"lineNumber":31,"author":{"gitId":"JoelEeWH"},"content":"    /**","lastModifiedDate":"2024-02-01"},{"lineNumber":32,"author":{"gitId":"JoelEeWH"},"content":"     * (1) Provide a list of commands for user to input","lastModifiedDate":"2024-02-01"},{"lineNumber":33,"author":{"gitId":"JoelEeWH"},"content":"     */","lastModifiedDate":"2024-02-01"},{"lineNumber":34,"author":{"gitId":"JoelEeWH"},"content":"    public void printCommands(){","lastModifiedDate":"2024-02-01"},{"lineNumber":35,"author":{"gitId":"JoelEeWH"},"content":"        System.out.println(\"These are the possible commands you can input:\\n\" +","lastModifiedDate":"2024-02-09"},{"lineNumber":36,"author":{"gitId":"JoelEeWH"},"content":"                \"[COMMAND SYNTAX] | EXAMPLE | Description\\n\");","lastModifiedDate":"2024-02-09"},{"lineNumber":37,"author":{"gitId":"JoelEeWH"},"content":"        System.out.println(\"******Commands List******\");","lastModifiedDate":"2024-02-09"},{"lineNumber":38,"author":{"gitId":"JoelEeWH"},"content":"        System.out.println(\"[TODO:\u003cInput Task\u003e] | TODO:read a book | Task without date/time\");","lastModifiedDate":"2024-02-09"},{"lineNumber":39,"author":{"gitId":"JoelEeWH"},"content":"        System.out.println(\"[DEADLINE:\u003cInput Task\u003e-\u003cDeadline\u003e] | DEADLINE:return a book-Sunday | \" +","lastModifiedDate":"2024-02-09"},{"lineNumber":40,"author":{"gitId":"JoelEeWH"},"content":"                \"Task to be completed by\");","lastModifiedDate":"2024-02-09"},{"lineNumber":41,"author":{"gitId":"JoelEeWH"},"content":"        System.out.println(\"[Event:\u003cInput Task\u003e-\u003cStart Time\u003e-\u003cEnd Time] | Event:project meeting-Sunday-Wed | \" +","lastModifiedDate":"2024-02-09"},{"lineNumber":42,"author":{"gitId":"JoelEeWH"},"content":"                \"Task with a duration\");","lastModifiedDate":"2024-02-09"},{"lineNumber":43,"author":{"gitId":"JoelEeWH"},"content":"        System.out.println(\"[LIST] | LIST | Print out task list\");","lastModifiedDate":"2024-02-01"},{"lineNumber":44,"author":{"gitId":"JoelEeWH"},"content":"        System.out.println(\"[DELETE:\u003cIndex\u003e] | DELETE:2 | DELETE TASK 2\");","lastModifiedDate":"2024-02-13"},{"lineNumber":45,"author":{"gitId":"JoelEeWH"},"content":"        System.out.println(\"[STATUS:\u003cIndex\u003e-\u003ctrue/false\u003e] | STATUS:2-false | Indicate if task is done (true/false)\");","lastModifiedDate":"2024-02-01"},{"lineNumber":46,"author":{"gitId":"JoelEeWH"},"content":"        System.out.println(\"[BYE] | BYE | To exit \u003d(\");","lastModifiedDate":"2024-02-01"},{"lineNumber":47,"author":{"gitId":"JoelEeWH"},"content":"        System.out.println(\"******Commands List******\\n\");","lastModifiedDate":"2024-02-01"},{"lineNumber":48,"author":{"gitId":"JoelEeWH"},"content":"        System.out.println(\"Please input commands:\");","lastModifiedDate":"2024-02-01"},{"lineNumber":49,"author":{"gitId":"JoelEeWH"},"content":"    }","lastModifiedDate":"2024-01-31"},{"lineNumber":50,"author":{"gitId":"JoelEeWH"},"content":"","lastModifiedDate":"2024-01-31"},{"lineNumber":51,"author":{"gitId":"JoelEeWH"},"content":"    /**","lastModifiedDate":"2024-01-31"},{"lineNumber":52,"author":{"gitId":"JoelEeWH"},"content":"     * This method will wait for user input","lastModifiedDate":"2024-01-31"},{"lineNumber":53,"author":{"gitId":"JoelEeWH"},"content":"     * @return a string that contains user input","lastModifiedDate":"2024-01-31"},{"lineNumber":54,"author":{"gitId":"JoelEeWH"},"content":"     */","lastModifiedDate":"2024-01-31"},{"lineNumber":55,"author":{"gitId":"JoelEeWH"},"content":"    public String userInput(){","lastModifiedDate":"2024-01-31"},{"lineNumber":56,"author":{"gitId":"JoelEeWH"},"content":"        return usrinput.nextLine().toUpperCase();","lastModifiedDate":"2024-01-31"},{"lineNumber":57,"author":{"gitId":"JoelEeWH"},"content":"    }","lastModifiedDate":"2024-01-31"},{"lineNumber":58,"author":{"gitId":"JoelEeWH"},"content":"","lastModifiedDate":"2024-01-31"},{"lineNumber":59,"author":{"gitId":"JoelEeWH"},"content":"    /**","lastModifiedDate":"2024-01-31"},{"lineNumber":60,"author":{"gitId":"JoelEeWH"},"content":"     * This method will","lastModifiedDate":"2024-01-31"},{"lineNumber":61,"author":{"gitId":"JoelEeWH"},"content":"     * (1) Print an exit message","lastModifiedDate":"2024-02-01"},{"lineNumber":62,"author":{"gitId":"JoelEeWH"},"content":"     * (2) End the program","lastModifiedDate":"2024-01-31"},{"lineNumber":63,"author":{"gitId":"JoelEeWH"},"content":"     */","lastModifiedDate":"2024-01-31"},{"lineNumber":64,"author":{"gitId":"JoelEeWH"},"content":"    public void bye() {","lastModifiedDate":"2024-01-31"},{"lineNumber":65,"author":{"gitId":"JoelEeWH"},"content":"        System.out.println(\"Farewell!! Till we meet again.............\");","lastModifiedDate":"2024-01-31"},{"lineNumber":66,"author":{"gitId":"JoelEeWH"},"content":"        System.exit(0);","lastModifiedDate":"2024-01-31"},{"lineNumber":67,"author":{"gitId":"JoelEeWH"},"content":"    }","lastModifiedDate":"2024-01-31"},{"lineNumber":68,"author":{"gitId":"JoelEeWH"},"content":"}","lastModifiedDate":"2024-01-31"}],"authorContributionMap":{"JoelEeWH":68}},{"path":"src/main/java/Task.java","fileType":"java","lines":[{"lineNumber":1,"author":{"gitId":"JoelEeWH"},"content":"public class Task {","lastModifiedDate":"2024-02-01"},{"lineNumber":2,"author":{"gitId":"JoelEeWH"},"content":"    protected String description;","lastModifiedDate":"2024-02-01"},{"lineNumber":3,"author":{"gitId":"JoelEeWH"},"content":"    protected boolean isDone;","lastModifiedDate":"2024-02-01"},{"lineNumber":4,"author":{"gitId":"JoelEeWH"},"content":"","lastModifiedDate":"2024-02-01"},{"lineNumber":5,"author":{"gitId":"JoelEeWH"},"content":"    /*","lastModifiedDate":"2024-02-11"},{"lineNumber":6,"author":{"gitId":"JoelEeWH"},"content":"    Constructor with exception handling","lastModifiedDate":"2024-02-11"},{"lineNumber":7,"author":{"gitId":"JoelEeWH"},"content":"     */","lastModifiedDate":"2024-02-11"},{"lineNumber":8,"author":{"gitId":"JoelEeWH"},"content":"    public Task(String description) throws DukeException {","lastModifiedDate":"2024-02-11"},{"lineNumber":9,"author":{"gitId":"JoelEeWH"},"content":"        if (description.isEmpty()){","lastModifiedDate":"2024-02-11"},{"lineNumber":10,"author":{"gitId":"JoelEeWH"},"content":"            throw new DukeException(\"Please input task!\");","lastModifiedDate":"2024-02-11"},{"lineNumber":11,"author":{"gitId":"JoelEeWH"},"content":"        }","lastModifiedDate":"2024-02-11"},{"lineNumber":12,"author":{"gitId":"JoelEeWH"},"content":"        this.description \u003d description;","lastModifiedDate":"2024-02-01"},{"lineNumber":13,"author":{"gitId":"JoelEeWH"},"content":"        this.isDone \u003d false;","lastModifiedDate":"2024-02-01"},{"lineNumber":14,"author":{"gitId":"JoelEeWH"},"content":"    }","lastModifiedDate":"2024-02-01"},{"lineNumber":15,"author":{"gitId":"JoelEeWH"},"content":"","lastModifiedDate":"2024-02-01"},{"lineNumber":16,"author":{"gitId":"JoelEeWH"},"content":"    public String getStatusIcon() {","lastModifiedDate":"2024-02-01"},{"lineNumber":17,"author":{"gitId":"JoelEeWH"},"content":"        return (isDone ? \"Task Completed\" : \"Task in Progress\");","lastModifiedDate":"2024-02-01"},{"lineNumber":18,"author":{"gitId":"JoelEeWH"},"content":"    }","lastModifiedDate":"2024-02-01"},{"lineNumber":19,"author":{"gitId":"JoelEeWH"},"content":"","lastModifiedDate":"2024-02-01"},{"lineNumber":20,"author":{"gitId":"JoelEeWH"},"content":"    /**","lastModifiedDate":"2024-02-01"},{"lineNumber":21,"author":{"gitId":"JoelEeWH"},"content":"     * Update the task description","lastModifiedDate":"2024-02-01"},{"lineNumber":22,"author":{"gitId":"JoelEeWH"},"content":"     * @param string description of task","lastModifiedDate":"2024-02-01"},{"lineNumber":23,"author":{"gitId":"JoelEeWH"},"content":"     */","lastModifiedDate":"2024-02-01"},{"lineNumber":24,"author":{"gitId":"JoelEeWH"},"content":"    public void updateTaskDescription(String task) throws DukeException{","lastModifiedDate":"2024-02-11"},{"lineNumber":25,"author":{"gitId":"JoelEeWH"},"content":"        if (task.isEmpty()){","lastModifiedDate":"2024-02-11"},{"lineNumber":26,"author":{"gitId":"JoelEeWH"},"content":"            throw new DukeException(\"Description of task cannot be empty.Please input task!\\n\");","lastModifiedDate":"2024-02-11"},{"lineNumber":27,"author":{"gitId":"JoelEeWH"},"content":"        }","lastModifiedDate":"2024-02-11"},{"lineNumber":28,"author":{"gitId":"JoelEeWH"},"content":"        this.description \u003d task;","lastModifiedDate":"2024-02-01"},{"lineNumber":29,"author":{"gitId":"JoelEeWH"},"content":"        System.out.println(\"Updated task description: \" + task);","lastModifiedDate":"2024-02-01"},{"lineNumber":30,"author":{"gitId":"JoelEeWH"},"content":"    }","lastModifiedDate":"2024-02-01"},{"lineNumber":31,"author":{"gitId":"JoelEeWH"},"content":"","lastModifiedDate":"2024-02-01"},{"lineNumber":32,"author":{"gitId":"JoelEeWH"},"content":"    public String toString(){","lastModifiedDate":"2024-02-09"},{"lineNumber":33,"author":{"gitId":"JoelEeWH"},"content":"        return \" [ \" + getStatusIcon() + \" ] \" + this.description;","lastModifiedDate":"2024-02-09"},{"lineNumber":34,"author":{"gitId":"JoelEeWH"},"content":"    }","lastModifiedDate":"2024-02-09"},{"lineNumber":35,"author":{"gitId":"JoelEeWH"},"content":"","lastModifiedDate":"2024-02-09"},{"lineNumber":36,"author":{"gitId":"JoelEeWH"},"content":"    /**","lastModifiedDate":"2024-02-01"},{"lineNumber":37,"author":{"gitId":"JoelEeWH"},"content":"     * Mark task as done","lastModifiedDate":"2024-02-01"},{"lineNumber":38,"author":{"gitId":"JoelEeWH"},"content":"     */","lastModifiedDate":"2024-02-01"},{"lineNumber":39,"author":{"gitId":"JoelEeWH"},"content":"    public void markAsDone(){","lastModifiedDate":"2024-02-01"},{"lineNumber":40,"author":{"gitId":"JoelEeWH"},"content":"        this.isDone \u003d true;","lastModifiedDate":"2024-02-01"},{"lineNumber":41,"author":{"gitId":"JoelEeWH"},"content":"    }","lastModifiedDate":"2024-02-01"},{"lineNumber":42,"author":{"gitId":"JoelEeWH"},"content":"","lastModifiedDate":"2024-02-01"},{"lineNumber":43,"author":{"gitId":"JoelEeWH"},"content":"    /**","lastModifiedDate":"2024-02-01"},{"lineNumber":44,"author":{"gitId":"JoelEeWH"},"content":"     * Mark task as not done","lastModifiedDate":"2024-02-01"},{"lineNumber":45,"author":{"gitId":"JoelEeWH"},"content":"     */","lastModifiedDate":"2024-02-01"},{"lineNumber":46,"author":{"gitId":"JoelEeWH"},"content":"    public void markAsNotDone(){","lastModifiedDate":"2024-02-01"},{"lineNumber":47,"author":{"gitId":"JoelEeWH"},"content":"        this.isDone \u003d false;","lastModifiedDate":"2024-02-01"},{"lineNumber":48,"author":{"gitId":"JoelEeWH"},"content":"    }","lastModifiedDate":"2024-02-01"},{"lineNumber":49,"author":{"gitId":"JoelEeWH"},"content":"","lastModifiedDate":"2024-02-01"},{"lineNumber":50,"author":{"gitId":"JoelEeWH"},"content":"    /**","lastModifiedDate":"2024-02-01"},{"lineNumber":51,"author":{"gitId":"JoelEeWH"},"content":"     * Return status of task","lastModifiedDate":"2024-02-01"},{"lineNumber":52,"author":{"gitId":"JoelEeWH"},"content":"     */","lastModifiedDate":"2024-02-01"},{"lineNumber":53,"author":{"gitId":"JoelEeWH"},"content":"    public boolean statusCheck(){","lastModifiedDate":"2024-02-01"},{"lineNumber":54,"author":{"gitId":"JoelEeWH"},"content":"        return isDone;","lastModifiedDate":"2024-02-01"},{"lineNumber":55,"author":{"gitId":"JoelEeWH"},"content":"    }","lastModifiedDate":"2024-02-01"},{"lineNumber":56,"author":{"gitId":"JoelEeWH"},"content":"","lastModifiedDate":"2024-02-01"},{"lineNumber":57,"author":{"gitId":"JoelEeWH"},"content":"    /**","lastModifiedDate":"2024-02-01"},{"lineNumber":58,"author":{"gitId":"JoelEeWH"},"content":"     * Return description of task","lastModifiedDate":"2024-02-01"},{"lineNumber":59,"author":{"gitId":"JoelEeWH"},"content":"     */","lastModifiedDate":"2024-02-01"},{"lineNumber":60,"author":{"gitId":"JoelEeWH"},"content":"    public String taskDescription(){","lastModifiedDate":"2024-02-01"},{"lineNumber":61,"author":{"gitId":"JoelEeWH"},"content":"        return description;","lastModifiedDate":"2024-02-01"},{"lineNumber":62,"author":{"gitId":"JoelEeWH"},"content":"    }","lastModifiedDate":"2024-02-01"},{"lineNumber":63,"author":{"gitId":"JoelEeWH"},"content":"","lastModifiedDate":"2024-02-11"},{"lineNumber":64,"author":{"gitId":"JoelEeWH"},"content":"}","lastModifiedDate":"2024-02-01"}],"authorContributionMap":{"JoelEeWH":64}},{"path":"src/main/java/TaskList.java","fileType":"java","lines":[{"lineNumber":1,"author":{"gitId":"JoelEeWH"},"content":"import java.util.ArrayList;","lastModifiedDate":"2024-02-01"},{"lineNumber":2,"author":{"gitId":"JoelEeWH"},"content":"","lastModifiedDate":"2024-02-01"},{"lineNumber":3,"author":{"gitId":"JoelEeWH"},"content":"/**","lastModifiedDate":"2024-02-01"},{"lineNumber":4,"author":{"gitId":"JoelEeWH"},"content":" * This class manages the list of task","lastModifiedDate":"2024-02-01"},{"lineNumber":5,"author":{"gitId":"JoelEeWH"},"content":" */","lastModifiedDate":"2024-02-01"},{"lineNumber":6,"author":{"gitId":"JoelEeWH"},"content":"public class TaskList {","lastModifiedDate":"2024-02-01"},{"lineNumber":7,"author":{"gitId":"JoelEeWH"},"content":"    private ArrayList\u003cTask\u003e tasklist; //Create an attribute to hold a list of task","lastModifiedDate":"2024-02-01"},{"lineNumber":8,"author":{"gitId":"JoelEeWH"},"content":"","lastModifiedDate":"2024-02-01"},{"lineNumber":9,"author":{"gitId":"JoelEeWH"},"content":"    /**","lastModifiedDate":"2024-02-01"},{"lineNumber":10,"author":{"gitId":"JoelEeWH"},"content":"     * Constructor","lastModifiedDate":"2024-02-01"},{"lineNumber":11,"author":{"gitId":"JoelEeWH"},"content":"     */","lastModifiedDate":"2024-02-01"},{"lineNumber":12,"author":{"gitId":"JoelEeWH"},"content":"    public TaskList(){","lastModifiedDate":"2024-02-01"},{"lineNumber":13,"author":{"gitId":"JoelEeWH"},"content":"        this.tasklist \u003d new ArrayList\u003cTask\u003e();","lastModifiedDate":"2024-02-01"},{"lineNumber":14,"author":{"gitId":"JoelEeWH"},"content":"    }","lastModifiedDate":"2024-02-01"},{"lineNumber":15,"author":{"gitId":"JoelEeWH"},"content":"","lastModifiedDate":"2024-02-01"},{"lineNumber":16,"author":{"gitId":"JoelEeWH"},"content":"    /**","lastModifiedDate":"2024-02-01"},{"lineNumber":17,"author":{"gitId":"JoelEeWH"},"content":"     * Iterate through task list and print it out","lastModifiedDate":"2024-02-01"},{"lineNumber":18,"author":{"gitId":"JoelEeWH"},"content":"     */","lastModifiedDate":"2024-02-01"},{"lineNumber":19,"author":{"gitId":"JoelEeWH"},"content":"    public void printTaskList(){","lastModifiedDate":"2024-02-01"},{"lineNumber":20,"author":{"gitId":"JoelEeWH"},"content":"        System.out.println(\"*******************Task List******************\");","lastModifiedDate":"2024-02-09"},{"lineNumber":21,"author":{"gitId":"JoelEeWH"},"content":"        System.out.println(\"******[Index]-- [Task Type] [Status] [Task description]******\\n\");","lastModifiedDate":"2024-02-09"},{"lineNumber":22,"author":{"gitId":"JoelEeWH"},"content":"        for(int i \u003d 0; i \u003c this.tasklist.size(); i++){","lastModifiedDate":"2024-02-01"},{"lineNumber":23,"author":{"gitId":"JoelEeWH"},"content":"            Task task \u003d this.tasklist.get(i);","lastModifiedDate":"2024-02-09"},{"lineNumber":24,"author":{"gitId":"JoelEeWH"},"content":"            System.out.println(i+1 + \"--\" + task.toString() + \"\\n\" );","lastModifiedDate":"2024-02-09"},{"lineNumber":25,"author":{"gitId":"JoelEeWH"},"content":"        }","lastModifiedDate":"2024-02-01"},{"lineNumber":26,"author":{"gitId":"JoelEeWH"},"content":"        System.out.println(\"\\n*******************Task List******************\\n\");","lastModifiedDate":"2024-02-01"},{"lineNumber":27,"author":{"gitId":"JoelEeWH"},"content":"    }","lastModifiedDate":"2024-02-01"},{"lineNumber":28,"author":{"gitId":"JoelEeWH"},"content":"","lastModifiedDate":"2024-02-01"},{"lineNumber":29,"author":{"gitId":"JoelEeWH"},"content":"    /**","lastModifiedDate":"2024-02-01"},{"lineNumber":30,"author":{"gitId":"JoelEeWH"},"content":"     * Insert a task into the task list","lastModifiedDate":"2024-02-01"},{"lineNumber":31,"author":{"gitId":"JoelEeWH"},"content":"     */","lastModifiedDate":"2024-02-01"},{"lineNumber":32,"author":{"gitId":"JoelEeWH"},"content":"    public void insertTask(Task task){","lastModifiedDate":"2024-02-01"},{"lineNumber":33,"author":{"gitId":"JoelEeWH"},"content":"        this.tasklist.add(task);","lastModifiedDate":"2024-02-01"},{"lineNumber":34,"author":{"gitId":"JoelEeWH"},"content":"        System.out.println(\"Added task: \" + task.taskDescription() + \" to the task list.\\n\\n\");","lastModifiedDate":"2024-02-01"},{"lineNumber":35,"author":{"gitId":"JoelEeWH"},"content":"        this.printTaskList();","lastModifiedDate":"2024-02-01"},{"lineNumber":36,"author":{"gitId":"JoelEeWH"},"content":"    }","lastModifiedDate":"2024-02-01"},{"lineNumber":37,"author":{"gitId":"JoelEeWH"},"content":"","lastModifiedDate":"2024-02-01"},{"lineNumber":38,"author":{"gitId":"JoelEeWH"},"content":"    /**","lastModifiedDate":"2024-02-01"},{"lineNumber":39,"author":{"gitId":"JoelEeWH"},"content":"     * Update task object in array","lastModifiedDate":"2024-02-01"},{"lineNumber":40,"author":{"gitId":"JoelEeWH"},"content":"     * @param index of task object to be modified","lastModifiedDate":"2024-02-01"},{"lineNumber":41,"author":{"gitId":"JoelEeWH"},"content":"     * @param status - True \u003d done, False \u003d not done","lastModifiedDate":"2024-02-01"},{"lineNumber":42,"author":{"gitId":"JoelEeWH"},"content":"     * Error handling","lastModifiedDate":"2024-02-11"},{"lineNumber":43,"author":{"gitId":"JoelEeWH"},"content":"     * (1) Check if command have 2 parameters","lastModifiedDate":"2024-02-11"},{"lineNumber":44,"author":{"gitId":"JoelEeWH"},"content":"     * (2) Check if 1st parameter is a valid index in task list","lastModifiedDate":"2024-02-11"},{"lineNumber":45,"author":{"gitId":"JoelEeWH"},"content":"     *               -Check if parameter is an integer","lastModifiedDate":"2024-02-11"},{"lineNumber":46,"author":{"gitId":"JoelEeWH"},"content":"     *               -Check if that integer is a valid index","lastModifiedDate":"2024-02-11"},{"lineNumber":47,"author":{"gitId":"JoelEeWH"},"content":"     * (3) Check if 2nd parameter is a boolean","lastModifiedDate":"2024-02-11"},{"lineNumber":48,"author":{"gitId":"JoelEeWH"},"content":"     */","lastModifiedDate":"2024-02-01"},{"lineNumber":49,"author":{"gitId":"JoelEeWH"},"content":"    public void updateTask(String input) throws DukeException {","lastModifiedDate":"2024-02-11"},{"lineNumber":50,"author":{"gitId":"JoelEeWH"},"content":"        DukeException.checkNumParameters(input,2);","lastModifiedDate":"2024-02-11"},{"lineNumber":51,"author":{"gitId":"JoelEeWH"},"content":"        String[] inputSplit \u003d input.split(\"-\");","lastModifiedDate":"2024-02-11"},{"lineNumber":52,"author":{"gitId":"JoelEeWH"},"content":"        int maxIndex \u003d this.tasklist.size() -1;","lastModifiedDate":"2024-02-11"},{"lineNumber":53,"author":{"gitId":"JoelEeWH"},"content":"        int index \u003d DukeException.getIndex(inputSplit[0], maxIndex);","lastModifiedDate":"2024-02-11"},{"lineNumber":54,"author":{"gitId":"JoelEeWH"},"content":"        boolean status \u003d DukeException.isBoolean(inputSplit[1]);","lastModifiedDate":"2024-02-11"},{"lineNumber":55,"author":{"gitId":"JoelEeWH"},"content":"","lastModifiedDate":"2024-02-11"},{"lineNumber":56,"author":{"gitId":"JoelEeWH"},"content":"        if (status){","lastModifiedDate":"2024-02-01"},{"lineNumber":57,"author":{"gitId":"JoelEeWH"},"content":"            this.tasklist.get(index).markAsDone();","lastModifiedDate":"2024-02-01"},{"lineNumber":58,"author":{"gitId":"JoelEeWH"},"content":"        }else{","lastModifiedDate":"2024-02-01"},{"lineNumber":59,"author":{"gitId":"JoelEeWH"},"content":"            this.tasklist.get(index).markAsNotDone();","lastModifiedDate":"2024-02-01"},{"lineNumber":60,"author":{"gitId":"JoelEeWH"},"content":"        }","lastModifiedDate":"2024-02-01"},{"lineNumber":61,"author":{"gitId":"JoelEeWH"},"content":"        this.printTaskList();","lastModifiedDate":"2024-02-01"},{"lineNumber":62,"author":{"gitId":"JoelEeWH"},"content":"    }","lastModifiedDate":"2024-02-01"},{"lineNumber":63,"author":{"gitId":"JoelEeWH"},"content":"","lastModifiedDate":"2024-02-11"},{"lineNumber":64,"author":{"gitId":"JoelEeWH"},"content":"    /**","lastModifiedDate":"2024-02-13"},{"lineNumber":65,"author":{"gitId":"JoelEeWH"},"content":"     * Delete task based on index given","lastModifiedDate":"2024-02-13"},{"lineNumber":66,"author":{"gitId":"JoelEeWH"},"content":"     * @param input string","lastModifiedDate":"2024-02-13"},{"lineNumber":67,"author":{"gitId":"JoelEeWH"},"content":"     * @throws DukeException if input is not integer or not in task list","lastModifiedDate":"2024-02-13"},{"lineNumber":68,"author":{"gitId":"JoelEeWH"},"content":"     */","lastModifiedDate":"2024-02-13"},{"lineNumber":69,"author":{"gitId":"JoelEeWH"},"content":"    public void deleteTask(String input) throws DukeException {","lastModifiedDate":"2024-02-13"},{"lineNumber":70,"author":{"gitId":"JoelEeWH"},"content":"        int maxIndex \u003d this.tasklist.size() -1;","lastModifiedDate":"2024-02-13"},{"lineNumber":71,"author":{"gitId":"JoelEeWH"},"content":"        int index \u003d DukeException.getIndex(input, maxIndex);","lastModifiedDate":"2024-02-13"},{"lineNumber":72,"author":{"gitId":"JoelEeWH"},"content":"        System.out.println(\"Deleting task: \" + this.tasklist.get(index).taskDescription());","lastModifiedDate":"2024-02-13"},{"lineNumber":73,"author":{"gitId":"JoelEeWH"},"content":"        this.tasklist.remove(index);","lastModifiedDate":"2024-02-13"},{"lineNumber":74,"author":{"gitId":"JoelEeWH"},"content":"        System.out.println(\"Remaining task in the list: \" + this.tasklist.size() + \"\\n\");","lastModifiedDate":"2024-02-13"},{"lineNumber":75,"author":{"gitId":"JoelEeWH"},"content":"    }","lastModifiedDate":"2024-02-13"},{"lineNumber":76,"author":{"gitId":"JoelEeWH"},"content":"","lastModifiedDate":"2024-02-11"},{"lineNumber":77,"author":{"gitId":"JoelEeWH"},"content":"}","lastModifiedDate":"2024-02-01"}],"authorContributionMap":{"JoelEeWH":77}},{"path":"src/main/java/ToDo.java","fileType":"java","lines":[{"lineNumber":1,"author":{"gitId":"JoelEeWH"},"content":"public class ToDo extends Task {","lastModifiedDate":"2024-02-09"},{"lineNumber":2,"author":{"gitId":"JoelEeWH"},"content":"    public ToDo(String description) throws DukeException {","lastModifiedDate":"2024-02-11"},{"lineNumber":3,"author":{"gitId":"JoelEeWH"},"content":"        super(description);","lastModifiedDate":"2024-02-09"},{"lineNumber":4,"author":{"gitId":"JoelEeWH"},"content":"    }","lastModifiedDate":"2024-02-09"},{"lineNumber":5,"author":{"gitId":"JoelEeWH"},"content":"","lastModifiedDate":"2024-02-09"},{"lineNumber":6,"author":{"gitId":"JoelEeWH"},"content":"    @Override","lastModifiedDate":"2024-02-09"},{"lineNumber":7,"author":{"gitId":"JoelEeWH"},"content":"    public String toString() {","lastModifiedDate":"2024-02-09"},{"lineNumber":8,"author":{"gitId":"JoelEeWH"},"content":"        return \"[T]\" + super.toString();","lastModifiedDate":"2024-02-09"},{"lineNumber":9,"author":{"gitId":"JoelEeWH"},"content":"    }","lastModifiedDate":"2024-02-09"},{"lineNumber":10,"author":{"gitId":"JoelEeWH"},"content":"}","lastModifiedDate":"2024-02-09"}],"authorContributionMap":{"JoelEeWH":10}}]
