[{"path":"src/main/java/Duke.java","fileType":"java","lines":[{"lineNumber":1,"author":{"gitId":"mavericktjj"},"content":"import java.util.Scanner;","lastModifiedDate":"2024-01-31"},{"lineNumber":2,"author":{"gitId":"mavericktjj"},"content":"","lastModifiedDate":"2024-01-31"},{"lineNumber":3,"author":{"gitId":"mavericktjj"},"content":"","lastModifiedDate":"2024-02-23"},{"lineNumber":4,"author":{"gitId":"-"},"content":"public class Duke {","lastModifiedDate":"2019-07-29"},{"lineNumber":5,"author":{"gitId":"mavericktjj"},"content":"    private static Task[] tasks \u003d new Task[100];","lastModifiedDate":"2024-02-08"},{"lineNumber":6,"author":{"gitId":"mavericktjj"},"content":"    private static int taskCount \u003d 0;","lastModifiedDate":"2024-02-08"},{"lineNumber":7,"author":{"gitId":"mavericktjj"},"content":"","lastModifiedDate":"2024-02-08"},{"lineNumber":8,"author":{"gitId":"mavericktjj"},"content":"    public static class Task {","lastModifiedDate":"2024-02-08"},{"lineNumber":9,"author":{"gitId":"mavericktjj"},"content":"        protected String description;","lastModifiedDate":"2024-02-08"},{"lineNumber":10,"author":{"gitId":"mavericktjj"},"content":"        protected boolean isDone;","lastModifiedDate":"2024-02-08"},{"lineNumber":11,"author":{"gitId":"mavericktjj"},"content":"","lastModifiedDate":"2024-02-08"},{"lineNumber":12,"author":{"gitId":"mavericktjj"},"content":"","lastModifiedDate":"2024-02-16"},{"lineNumber":13,"author":{"gitId":"mavericktjj"},"content":"        public Task(String description) {","lastModifiedDate":"2024-02-08"},{"lineNumber":14,"author":{"gitId":"mavericktjj"},"content":"            this.description \u003d description;","lastModifiedDate":"2024-02-08"},{"lineNumber":15,"author":{"gitId":"mavericktjj"},"content":"            this.isDone \u003d false;","lastModifiedDate":"2024-02-08"},{"lineNumber":16,"author":{"gitId":"mavericktjj"},"content":"        }","lastModifiedDate":"2024-02-08"},{"lineNumber":17,"author":{"gitId":"mavericktjj"},"content":"","lastModifiedDate":"2024-02-08"},{"lineNumber":18,"author":{"gitId":"mavericktjj"},"content":"        public String getStatusIcon() {","lastModifiedDate":"2024-02-08"},{"lineNumber":19,"author":{"gitId":"mavericktjj"},"content":"            return (isDone ? \"X\" : \" \"); // mark done task with X","lastModifiedDate":"2024-02-08"},{"lineNumber":20,"author":{"gitId":"mavericktjj"},"content":"        }","lastModifiedDate":"2024-02-08"},{"lineNumber":21,"author":{"gitId":"mavericktjj"},"content":"","lastModifiedDate":"2024-02-08"},{"lineNumber":22,"author":{"gitId":"mavericktjj"},"content":"        public void markAsDone() {","lastModifiedDate":"2024-02-08"},{"lineNumber":23,"author":{"gitId":"mavericktjj"},"content":"            this.isDone \u003d true;","lastModifiedDate":"2024-02-08"},{"lineNumber":24,"author":{"gitId":"mavericktjj"},"content":"        }","lastModifiedDate":"2024-02-08"},{"lineNumber":25,"author":{"gitId":"mavericktjj"},"content":"","lastModifiedDate":"2024-02-16"},{"lineNumber":26,"author":{"gitId":"mavericktjj"},"content":"        public String toString() {","lastModifiedDate":"2024-02-16"},{"lineNumber":27,"author":{"gitId":"mavericktjj"},"content":"            if (this.isDone) {","lastModifiedDate":"2024-02-16"},{"lineNumber":28,"author":{"gitId":"mavericktjj"},"content":"                return \"[X] \" + description;","lastModifiedDate":"2024-02-23"},{"lineNumber":29,"author":{"gitId":"mavericktjj"},"content":"            } else {","lastModifiedDate":"2024-02-23"},{"lineNumber":30,"author":{"gitId":"mavericktjj"},"content":"                return \"[] \" + description;","lastModifiedDate":"2024-02-16"},{"lineNumber":31,"author":{"gitId":"mavericktjj"},"content":"            }","lastModifiedDate":"2024-02-16"},{"lineNumber":32,"author":{"gitId":"mavericktjj"},"content":"        }","lastModifiedDate":"2024-02-16"},{"lineNumber":33,"author":{"gitId":"mavericktjj"},"content":"    }","lastModifiedDate":"2024-02-16"},{"lineNumber":34,"author":{"gitId":"mavericktjj"},"content":"","lastModifiedDate":"2024-02-16"},{"lineNumber":35,"author":{"gitId":"mavericktjj"},"content":"    public static class Deadline extends Task {","lastModifiedDate":"2024-02-16"},{"lineNumber":36,"author":{"gitId":"mavericktjj"},"content":"","lastModifiedDate":"2024-02-16"},{"lineNumber":37,"author":{"gitId":"mavericktjj"},"content":"        protected String by;","lastModifiedDate":"2024-02-16"},{"lineNumber":38,"author":{"gitId":"mavericktjj"},"content":"","lastModifiedDate":"2024-02-16"},{"lineNumber":39,"author":{"gitId":"mavericktjj"},"content":"        public Deadline(String description, String by) {","lastModifiedDate":"2024-02-16"},{"lineNumber":40,"author":{"gitId":"mavericktjj"},"content":"            super(description);","lastModifiedDate":"2024-02-16"},{"lineNumber":41,"author":{"gitId":"mavericktjj"},"content":"            this.by \u003d by;","lastModifiedDate":"2024-02-16"},{"lineNumber":42,"author":{"gitId":"mavericktjj"},"content":"        }","lastModifiedDate":"2024-02-16"},{"lineNumber":43,"author":{"gitId":"mavericktjj"},"content":"","lastModifiedDate":"2024-02-16"},{"lineNumber":44,"author":{"gitId":"mavericktjj"},"content":"        @Override","lastModifiedDate":"2024-02-16"},{"lineNumber":45,"author":{"gitId":"mavericktjj"},"content":"        public String toString() {","lastModifiedDate":"2024-02-16"},{"lineNumber":46,"author":{"gitId":"mavericktjj"},"content":"            return \"[D]\" + super.toString() + \" (by: \" + by + \")\";","lastModifiedDate":"2024-02-16"},{"lineNumber":47,"author":{"gitId":"mavericktjj"},"content":"        }","lastModifiedDate":"2024-02-16"},{"lineNumber":48,"author":{"gitId":"mavericktjj"},"content":"    }","lastModifiedDate":"2024-02-16"},{"lineNumber":49,"author":{"gitId":"mavericktjj"},"content":"","lastModifiedDate":"2024-02-16"},{"lineNumber":50,"author":{"gitId":"mavericktjj"},"content":"    public static class Todo extends Task {","lastModifiedDate":"2024-02-16"},{"lineNumber":51,"author":{"gitId":"mavericktjj"},"content":"","lastModifiedDate":"2024-02-16"},{"lineNumber":52,"author":{"gitId":"mavericktjj"},"content":"        public Todo(String description) {","lastModifiedDate":"2024-02-16"},{"lineNumber":53,"author":{"gitId":"mavericktjj"},"content":"            super(description);","lastModifiedDate":"2024-02-16"},{"lineNumber":54,"author":{"gitId":"mavericktjj"},"content":"        }","lastModifiedDate":"2024-02-16"},{"lineNumber":55,"author":{"gitId":"mavericktjj"},"content":"","lastModifiedDate":"2024-02-16"},{"lineNumber":56,"author":{"gitId":"mavericktjj"},"content":"","lastModifiedDate":"2024-02-16"},{"lineNumber":57,"author":{"gitId":"mavericktjj"},"content":"        @Override","lastModifiedDate":"2024-02-16"},{"lineNumber":58,"author":{"gitId":"mavericktjj"},"content":"        public String toString() {","lastModifiedDate":"2024-02-16"},{"lineNumber":59,"author":{"gitId":"mavericktjj"},"content":"            return \"[T]\" + super.toString();","lastModifiedDate":"2024-02-16"},{"lineNumber":60,"author":{"gitId":"mavericktjj"},"content":"        }","lastModifiedDate":"2024-02-16"},{"lineNumber":61,"author":{"gitId":"mavericktjj"},"content":"    }","lastModifiedDate":"2024-02-16"},{"lineNumber":62,"author":{"gitId":"mavericktjj"},"content":"","lastModifiedDate":"2024-02-16"},{"lineNumber":63,"author":{"gitId":"mavericktjj"},"content":"    public static class Events extends Task {","lastModifiedDate":"2024-02-16"},{"lineNumber":64,"author":{"gitId":"mavericktjj"},"content":"        protected String startTime;","lastModifiedDate":"2024-02-16"},{"lineNumber":65,"author":{"gitId":"mavericktjj"},"content":"        protected String endTime;","lastModifiedDate":"2024-02-16"},{"lineNumber":66,"author":{"gitId":"mavericktjj"},"content":"","lastModifiedDate":"2024-02-16"},{"lineNumber":67,"author":{"gitId":"mavericktjj"},"content":"","lastModifiedDate":"2024-02-16"},{"lineNumber":68,"author":{"gitId":"mavericktjj"},"content":"        public Events(String description, String startTime, String endTime) {","lastModifiedDate":"2024-02-16"},{"lineNumber":69,"author":{"gitId":"mavericktjj"},"content":"            super(description);","lastModifiedDate":"2024-02-16"},{"lineNumber":70,"author":{"gitId":"mavericktjj"},"content":"            this.startTime \u003d startTime;","lastModifiedDate":"2024-02-16"},{"lineNumber":71,"author":{"gitId":"mavericktjj"},"content":"            this.endTime \u003d endTime;","lastModifiedDate":"2024-02-16"},{"lineNumber":72,"author":{"gitId":"mavericktjj"},"content":"","lastModifiedDate":"2024-02-16"},{"lineNumber":73,"author":{"gitId":"mavericktjj"},"content":"        }","lastModifiedDate":"2024-02-16"},{"lineNumber":74,"author":{"gitId":"mavericktjj"},"content":"","lastModifiedDate":"2024-02-16"},{"lineNumber":75,"author":{"gitId":"mavericktjj"},"content":"        @Override","lastModifiedDate":"2024-02-16"},{"lineNumber":76,"author":{"gitId":"mavericktjj"},"content":"        public String toString() {","lastModifiedDate":"2024-02-16"},{"lineNumber":77,"author":{"gitId":"mavericktjj"},"content":"            return \"[E]\" + super.toString() + \" from: \" + this.startTime + \"to: \" + this.endTime;","lastModifiedDate":"2024-02-16"},{"lineNumber":78,"author":{"gitId":"mavericktjj"},"content":"        }","lastModifiedDate":"2024-02-16"},{"lineNumber":79,"author":{"gitId":"mavericktjj"},"content":"    }","lastModifiedDate":"2024-02-08"},{"lineNumber":80,"author":{"gitId":"mavericktjj"},"content":"","lastModifiedDate":"2024-02-08"},{"lineNumber":81,"author":{"gitId":"-"},"content":"    public static void main(String[] args) {","lastModifiedDate":"2019-07-29"},{"lineNumber":82,"author":{"gitId":"-"},"content":"        String logo \u003d \" ____        _        \\n\"","lastModifiedDate":"2019-07-29"},{"lineNumber":83,"author":{"gitId":"-"},"content":"                + \"|  _ \\\\ _   _| | _____ \\n\"","lastModifiedDate":"2019-07-29"},{"lineNumber":84,"author":{"gitId":"-"},"content":"                + \"| | | | | | | |/ / _ \\\\\\n\"","lastModifiedDate":"2019-07-29"},{"lineNumber":85,"author":{"gitId":"-"},"content":"                + \"| |_| | |_| |   \u003c  __/\\n\"","lastModifiedDate":"2019-07-29"},{"lineNumber":86,"author":{"gitId":"-"},"content":"                + \"|____/ \\\\__,_|_|\\\\_\\\\___|\\n\";","lastModifiedDate":"2019-07-29"},{"lineNumber":87,"author":{"gitId":"-"},"content":"        System.out.println(\"Hello from\\n\" + logo);","lastModifiedDate":"2019-07-29"},{"lineNumber":88,"author":{"gitId":"mavericktjj"},"content":"","lastModifiedDate":"2024-01-31"},{"lineNumber":89,"author":{"gitId":"mavericktjj"},"content":"        System.out.println(\"Hello! I\u0027m Maverick\");","lastModifiedDate":"2024-01-31"},{"lineNumber":90,"author":{"gitId":"mavericktjj"},"content":"        System.out.println(\"What can I do for you?\");","lastModifiedDate":"2024-02-08"},{"lineNumber":91,"author":{"gitId":"mavericktjj"},"content":"        System.out.println(\"--------------------------------------------------------------------------\");","lastModifiedDate":"2024-01-31"},{"lineNumber":92,"author":{"gitId":"mavericktjj"},"content":"","lastModifiedDate":"2024-01-31"},{"lineNumber":93,"author":{"gitId":"mavericktjj"},"content":"        Scanner scanner \u003d new Scanner(System.in);","lastModifiedDate":"2024-02-08"},{"lineNumber":94,"author":{"gitId":"mavericktjj"},"content":"","lastModifiedDate":"2024-01-31"},{"lineNumber":95,"author":{"gitId":"mavericktjj"},"content":"        while (true) {","lastModifiedDate":"2024-02-08"},{"lineNumber":96,"author":{"gitId":"mavericktjj"},"content":"            String input \u003d scanner.nextLine();","lastModifiedDate":"2024-02-08"},{"lineNumber":97,"author":{"gitId":"mavericktjj"},"content":"","lastModifiedDate":"2024-01-31"},{"lineNumber":98,"author":{"gitId":"mavericktjj"},"content":"            if (input.equals(\"bye\")) {","lastModifiedDate":"2024-01-31"},{"lineNumber":99,"author":{"gitId":"mavericktjj"},"content":"                break;","lastModifiedDate":"2024-01-31"},{"lineNumber":100,"author":{"gitId":"mavericktjj"},"content":"            } else if (input.equals(\"list\")) {","lastModifiedDate":"2024-02-08"},{"lineNumber":101,"author":{"gitId":"mavericktjj"},"content":"                listTasks();","lastModifiedDate":"2024-02-08"},{"lineNumber":102,"author":{"gitId":"mavericktjj"},"content":"","lastModifiedDate":"2024-02-08"},{"lineNumber":103,"author":{"gitId":"mavericktjj"},"content":"            } else if (input.startsWith(\"mark\")) {","lastModifiedDate":"2024-02-23"},{"lineNumber":104,"author":{"gitId":"mavericktjj"},"content":"","lastModifiedDate":"2024-02-23"},{"lineNumber":105,"author":{"gitId":"mavericktjj"},"content":"                try {","lastModifiedDate":"2024-02-23"},{"lineNumber":106,"author":{"gitId":"mavericktjj"},"content":"                    String description \u003d input.substring(5).trim();","lastModifiedDate":"2024-02-23"},{"lineNumber":107,"author":{"gitId":"mavericktjj"},"content":"                    int index \u003d Integer.parseInt(description);","lastModifiedDate":"2024-02-23"},{"lineNumber":108,"author":{"gitId":"mavericktjj"},"content":"                    if (index \u003c\u003d taskCount \u0026\u0026 taskCount \u003e 0) {","lastModifiedDate":"2024-02-23"},{"lineNumber":109,"author":{"gitId":"mavericktjj"},"content":"                        markTaskAsDone(input);","lastModifiedDate":"2024-02-08"},{"lineNumber":110,"author":{"gitId":"mavericktjj"},"content":"                    } else {","lastModifiedDate":"2024-02-23"},{"lineNumber":111,"author":{"gitId":"mavericktjj"},"content":"                        System.out.printf(\"Task number %d not found \\n\", index);","lastModifiedDate":"2024-02-23"},{"lineNumber":112,"author":{"gitId":"mavericktjj"},"content":"                        System.out.printf(\"There are currently %d tasks \\n\", taskCount);","lastModifiedDate":"2024-02-23"},{"lineNumber":113,"author":{"gitId":"mavericktjj"},"content":"                    }","lastModifiedDate":"2024-02-23"},{"lineNumber":114,"author":{"gitId":"mavericktjj"},"content":"                } catch (NumberFormatException e) {","lastModifiedDate":"2024-02-23"},{"lineNumber":115,"author":{"gitId":"mavericktjj"},"content":"                    System.out.println(\"Invalid input for marking a task as done. Please enter a valid task number.\");","lastModifiedDate":"2024-02-23"},{"lineNumber":116,"author":{"gitId":"mavericktjj"},"content":"                }","lastModifiedDate":"2024-02-08"},{"lineNumber":117,"author":{"gitId":"mavericktjj"},"content":"","lastModifiedDate":"2024-02-23"},{"lineNumber":118,"author":{"gitId":"mavericktjj"},"content":"","lastModifiedDate":"2024-02-23"},{"lineNumber":119,"author":{"gitId":"mavericktjj"},"content":"            } else if (input.startsWith(\"todo\")) {","lastModifiedDate":"2024-02-23"},{"lineNumber":120,"author":{"gitId":"mavericktjj"},"content":"","lastModifiedDate":"2024-02-23"},{"lineNumber":121,"author":{"gitId":"mavericktjj"},"content":"                String description \u003d input.substring(5).trim();","lastModifiedDate":"2024-02-23"},{"lineNumber":122,"author":{"gitId":"mavericktjj"},"content":"                if (!checkError(description)) {","lastModifiedDate":"2024-02-23"},{"lineNumber":123,"author":{"gitId":"mavericktjj"},"content":"                    if (!checkDuplicate(description)) {","lastModifiedDate":"2024-02-23"},{"lineNumber":124,"author":{"gitId":"mavericktjj"},"content":"                        Todo td \u003d new Todo(description);","lastModifiedDate":"2024-02-23"},{"lineNumber":125,"author":{"gitId":"mavericktjj"},"content":"                        tasks[taskCount] \u003d td;","lastModifiedDate":"2024-02-16"},{"lineNumber":126,"author":{"gitId":"mavericktjj"},"content":"                        taskCount++;","lastModifiedDate":"2024-02-16"},{"lineNumber":127,"author":{"gitId":"mavericktjj"},"content":"                        System.out.println(\"Got it. I\u0027ve added this task:\");","lastModifiedDate":"2024-02-16"},{"lineNumber":128,"author":{"gitId":"mavericktjj"},"content":"                        System.out.println(td.toString());","lastModifiedDate":"2024-02-16"},{"lineNumber":129,"author":{"gitId":"mavericktjj"},"content":"                        System.out.printf(\"Now you have %d tasks in the list.\" + \"\\n\", taskCount);","lastModifiedDate":"2024-02-16"},{"lineNumber":130,"author":{"gitId":"mavericktjj"},"content":"                    }","lastModifiedDate":"2024-02-16"},{"lineNumber":131,"author":{"gitId":"mavericktjj"},"content":"                }","lastModifiedDate":"2024-02-23"},{"lineNumber":132,"author":{"gitId":"mavericktjj"},"content":"","lastModifiedDate":"2024-02-23"},{"lineNumber":133,"author":{"gitId":"mavericktjj"},"content":"            } else if (input.startsWith(\"deadline\")) {","lastModifiedDate":"2024-02-23"},{"lineNumber":134,"author":{"gitId":"mavericktjj"},"content":"                try {","lastModifiedDate":"2024-02-23"},{"lineNumber":135,"author":{"gitId":"mavericktjj"},"content":"                    String[] parts \u003d input.split(\"/by\");","lastModifiedDate":"2024-02-16"},{"lineNumber":136,"author":{"gitId":"mavericktjj"},"content":"                    parts[0] \u003d parts[0].replace(\"deadline\", \"\").trim();","lastModifiedDate":"2024-02-23"},{"lineNumber":137,"author":{"gitId":"mavericktjj"},"content":"","lastModifiedDate":"2024-02-23"},{"lineNumber":138,"author":{"gitId":"mavericktjj"},"content":"                    if (!checkError(parts[0].trim()) \u0026\u0026 !checkDuplicate(parts[0])) { //check if description is empty or if theres an duplicate task","lastModifiedDate":"2024-02-23"},{"lineNumber":139,"author":{"gitId":"mavericktjj"},"content":"","lastModifiedDate":"2024-02-23"},{"lineNumber":140,"author":{"gitId":"mavericktjj"},"content":"","lastModifiedDate":"2024-02-23"},{"lineNumber":141,"author":{"gitId":"mavericktjj"},"content":"                        if (parts[1].trim().isEmpty()) {","lastModifiedDate":"2024-02-23"},{"lineNumber":142,"author":{"gitId":"mavericktjj"},"content":"                            System.out.println(\"Input is missing a day (Monday to Sunday). \");","lastModifiedDate":"2024-02-23"},{"lineNumber":143,"author":{"gitId":"mavericktjj"},"content":"                            return;","lastModifiedDate":"2024-02-23"},{"lineNumber":144,"author":{"gitId":"mavericktjj"},"content":"                        }","lastModifiedDate":"2024-02-23"},{"lineNumber":145,"author":{"gitId":"mavericktjj"},"content":"","lastModifiedDate":"2024-02-23"},{"lineNumber":146,"author":{"gitId":"mavericktjj"},"content":"                        if (checkError(parts[1].trim())) {","lastModifiedDate":"2024-02-23"},{"lineNumber":147,"author":{"gitId":"mavericktjj"},"content":"                            return;","lastModifiedDate":"2024-02-23"},{"lineNumber":148,"author":{"gitId":"mavericktjj"},"content":"                        }","lastModifiedDate":"2024-02-23"},{"lineNumber":149,"author":{"gitId":"mavericktjj"},"content":"","lastModifiedDate":"2024-02-23"},{"lineNumber":150,"author":{"gitId":"mavericktjj"},"content":"                        Deadline dl \u003d new Deadline(parts[0], parts[1]);","lastModifiedDate":"2024-02-16"},{"lineNumber":151,"author":{"gitId":"mavericktjj"},"content":"                        tasks[taskCount] \u003d dl;","lastModifiedDate":"2024-02-16"},{"lineNumber":152,"author":{"gitId":"mavericktjj"},"content":"                        taskCount++;","lastModifiedDate":"2024-02-16"},{"lineNumber":153,"author":{"gitId":"mavericktjj"},"content":"                        System.out.println(\"Got it. I\u0027ve added this task:\");","lastModifiedDate":"2024-02-16"},{"lineNumber":154,"author":{"gitId":"mavericktjj"},"content":"                        System.out.println(dl.toString());","lastModifiedDate":"2024-02-16"},{"lineNumber":155,"author":{"gitId":"mavericktjj"},"content":"                        System.out.printf(\"Now you have %d tasks in the list.\\n\", taskCount);","lastModifiedDate":"2024-02-23"},{"lineNumber":156,"author":{"gitId":"mavericktjj"},"content":"                    }","lastModifiedDate":"2024-02-23"},{"lineNumber":157,"author":{"gitId":"mavericktjj"},"content":"                } catch (ArrayIndexOutOfBoundsException e) {","lastModifiedDate":"2024-02-23"},{"lineNumber":158,"author":{"gitId":"mavericktjj"},"content":"                    System.out.println(\"Input is missing \u0027/by\u0027 or the day or both.\");","lastModifiedDate":"2024-02-23"},{"lineNumber":159,"author":{"gitId":"mavericktjj"},"content":"                }","lastModifiedDate":"2024-02-16"},{"lineNumber":160,"author":{"gitId":"mavericktjj"},"content":"","lastModifiedDate":"2024-02-23"},{"lineNumber":161,"author":{"gitId":"mavericktjj"},"content":"","lastModifiedDate":"2024-02-23"},{"lineNumber":162,"author":{"gitId":"mavericktjj"},"content":"            } else if (input.startsWith(\"event\")) {","lastModifiedDate":"2024-02-23"},{"lineNumber":163,"author":{"gitId":"mavericktjj"},"content":"                try {","lastModifiedDate":"2024-02-23"},{"lineNumber":164,"author":{"gitId":"mavericktjj"},"content":"                    int fromCount \u003d input.split(\"/from\", -1).length - 1;","lastModifiedDate":"2024-02-23"},{"lineNumber":165,"author":{"gitId":"mavericktjj"},"content":"                    int toCount \u003d input.split(\"/to\", -1).length - 1;","lastModifiedDate":"2024-02-23"},{"lineNumber":166,"author":{"gitId":"mavericktjj"},"content":"","lastModifiedDate":"2024-02-23"},{"lineNumber":167,"author":{"gitId":"mavericktjj"},"content":"                    if (fromCount \u003d\u003d 1 \u0026\u0026 toCount \u003d\u003d 1) {","lastModifiedDate":"2024-02-23"},{"lineNumber":168,"author":{"gitId":"mavericktjj"},"content":"                        String[] parts \u003d input.split(\"/from|/to\");","lastModifiedDate":"2024-02-16"},{"lineNumber":169,"author":{"gitId":"mavericktjj"},"content":"                        parts[0] \u003d parts[0].replace(\"event\", \"\").trim();","lastModifiedDate":"2024-02-23"},{"lineNumber":170,"author":{"gitId":"mavericktjj"},"content":"","lastModifiedDate":"2024-02-23"},{"lineNumber":171,"author":{"gitId":"mavericktjj"},"content":"                        if (!checkError(parts[0].trim())) {","lastModifiedDate":"2024-02-23"},{"lineNumber":172,"author":{"gitId":"mavericktjj"},"content":"                            if (!checkDuplicate(parts[0])) {","lastModifiedDate":"2024-02-23"},{"lineNumber":173,"author":{"gitId":"mavericktjj"},"content":"                                if (!parts[1].trim().isEmpty() \u0026\u0026 !parts[2].trim().isEmpty()) {","lastModifiedDate":"2024-02-23"},{"lineNumber":174,"author":{"gitId":"mavericktjj"},"content":"                                    Events evt \u003d new Events(parts[0], parts[1], parts[2]);","lastModifiedDate":"2024-02-16"},{"lineNumber":175,"author":{"gitId":"mavericktjj"},"content":"                                    tasks[taskCount] \u003d evt;","lastModifiedDate":"2024-02-16"},{"lineNumber":176,"author":{"gitId":"mavericktjj"},"content":"                                    taskCount++;","lastModifiedDate":"2024-02-16"},{"lineNumber":177,"author":{"gitId":"mavericktjj"},"content":"                                    System.out.println(\"Got it. I\u0027ve added this task:\");","lastModifiedDate":"2024-02-16"},{"lineNumber":178,"author":{"gitId":"mavericktjj"},"content":"                                    System.out.println(evt.toString());","lastModifiedDate":"2024-02-16"},{"lineNumber":179,"author":{"gitId":"mavericktjj"},"content":"                                    System.out.printf(\"Now you have %d tasks in the list.\\n\", taskCount);","lastModifiedDate":"2024-02-23"},{"lineNumber":180,"author":{"gitId":"mavericktjj"},"content":"                                } else {","lastModifiedDate":"2024-02-23"},{"lineNumber":181,"author":{"gitId":"mavericktjj"},"content":"                                    System.out.println(\"Time is missing from input\");","lastModifiedDate":"2024-02-23"},{"lineNumber":182,"author":{"gitId":"mavericktjj"},"content":"                                }","lastModifiedDate":"2024-02-16"},{"lineNumber":183,"author":{"gitId":"mavericktjj"},"content":"                            }","lastModifiedDate":"2024-02-23"},{"lineNumber":184,"author":{"gitId":"mavericktjj"},"content":"                        }","lastModifiedDate":"2024-02-23"},{"lineNumber":185,"author":{"gitId":"mavericktjj"},"content":"                    } else {","lastModifiedDate":"2024-02-23"},{"lineNumber":186,"author":{"gitId":"mavericktjj"},"content":"                        System.out.println(\"Input should contain exactly one \u0027/from\u0027 and one \u0027/to\u0027\");","lastModifiedDate":"2024-02-23"},{"lineNumber":187,"author":{"gitId":"mavericktjj"},"content":"                    }","lastModifiedDate":"2024-02-23"},{"lineNumber":188,"author":{"gitId":"mavericktjj"},"content":"                } catch (ArrayIndexOutOfBoundsException e) {","lastModifiedDate":"2024-02-23"},{"lineNumber":189,"author":{"gitId":"mavericktjj"},"content":"                    System.out.println(\"Time is missing from input\");","lastModifiedDate":"2024-02-23"},{"lineNumber":190,"author":{"gitId":"mavericktjj"},"content":"                }","lastModifiedDate":"2024-02-23"},{"lineNumber":191,"author":{"gitId":"mavericktjj"},"content":"            } else {","lastModifiedDate":"2024-02-23"},{"lineNumber":192,"author":{"gitId":"mavericktjj"},"content":"","lastModifiedDate":"2024-02-23"},{"lineNumber":193,"author":{"gitId":"mavericktjj"},"content":"                System.out.println(\"Sorry, i could not understand. Please try again.\");","lastModifiedDate":"2024-02-23"},{"lineNumber":194,"author":{"gitId":"mavericktjj"},"content":"            }","lastModifiedDate":"2024-02-08"},{"lineNumber":195,"author":{"gitId":"mavericktjj"},"content":"        }","lastModifiedDate":"2024-02-08"},{"lineNumber":196,"author":{"gitId":"mavericktjj"},"content":"","lastModifiedDate":"2024-02-08"},{"lineNumber":197,"author":{"gitId":"mavericktjj"},"content":"        System.out.println(\"Bye. Hope to see you again.\");","lastModifiedDate":"2024-02-08"},{"lineNumber":198,"author":{"gitId":"mavericktjj"},"content":"    }","lastModifiedDate":"2024-02-08"},{"lineNumber":199,"author":{"gitId":"mavericktjj"},"content":"","lastModifiedDate":"2024-02-08"},{"lineNumber":200,"author":{"gitId":"mavericktjj"},"content":"    public static boolean checkDuplicate(String description) {","lastModifiedDate":"2024-02-23"},{"lineNumber":201,"author":{"gitId":"mavericktjj"},"content":"        for (int i \u003d 0; i \u003c taskCount; i++) {","lastModifiedDate":"2024-02-23"},{"lineNumber":202,"author":{"gitId":"mavericktjj"},"content":"            if (tasks[i] !\u003d null \u0026\u0026 tasks[i].description.equals(description)) {","lastModifiedDate":"2024-02-23"},{"lineNumber":203,"author":{"gitId":"mavericktjj"},"content":"                System.out.println(\"This task\u0027s description already exists in the list\");","lastModifiedDate":"2024-02-23"},{"lineNumber":204,"author":{"gitId":"mavericktjj"},"content":"                return true;","lastModifiedDate":"2024-02-23"},{"lineNumber":205,"author":{"gitId":"mavericktjj"},"content":"            }","lastModifiedDate":"2024-02-23"},{"lineNumber":206,"author":{"gitId":"mavericktjj"},"content":"","lastModifiedDate":"2024-02-23"},{"lineNumber":207,"author":{"gitId":"mavericktjj"},"content":"        }","lastModifiedDate":"2024-02-23"},{"lineNumber":208,"author":{"gitId":"mavericktjj"},"content":"        return false;","lastModifiedDate":"2024-02-23"},{"lineNumber":209,"author":{"gitId":"mavericktjj"},"content":"    }","lastModifiedDate":"2024-02-23"},{"lineNumber":210,"author":{"gitId":"mavericktjj"},"content":"","lastModifiedDate":"2024-02-23"},{"lineNumber":211,"author":{"gitId":"mavericktjj"},"content":"","lastModifiedDate":"2024-02-23"},{"lineNumber":212,"author":{"gitId":"mavericktjj"},"content":"    public static boolean checkError(String description) {","lastModifiedDate":"2024-02-23"},{"lineNumber":213,"author":{"gitId":"mavericktjj"},"content":"        if (description.isEmpty()) {","lastModifiedDate":"2024-02-23"},{"lineNumber":214,"author":{"gitId":"mavericktjj"},"content":"            System.out.println(\"The description should not be empty\");","lastModifiedDate":"2024-02-23"},{"lineNumber":215,"author":{"gitId":"mavericktjj"},"content":"            return true;","lastModifiedDate":"2024-02-23"},{"lineNumber":216,"author":{"gitId":"mavericktjj"},"content":"        }","lastModifiedDate":"2024-02-23"},{"lineNumber":217,"author":{"gitId":"mavericktjj"},"content":"","lastModifiedDate":"2024-02-23"},{"lineNumber":218,"author":{"gitId":"mavericktjj"},"content":"        try {","lastModifiedDate":"2024-02-23"},{"lineNumber":219,"author":{"gitId":"mavericktjj"},"content":"            Integer.parseInt(description);","lastModifiedDate":"2024-02-23"},{"lineNumber":220,"author":{"gitId":"mavericktjj"},"content":"            System.out.println(\"The description should not be only an integer\");","lastModifiedDate":"2024-02-23"},{"lineNumber":221,"author":{"gitId":"mavericktjj"},"content":"            return true;","lastModifiedDate":"2024-02-23"},{"lineNumber":222,"author":{"gitId":"mavericktjj"},"content":"        } catch (NumberFormatException e) {","lastModifiedDate":"2024-02-23"},{"lineNumber":223,"author":{"gitId":"mavericktjj"},"content":"","lastModifiedDate":"2024-02-23"},{"lineNumber":224,"author":{"gitId":"mavericktjj"},"content":"            return false;","lastModifiedDate":"2024-02-23"},{"lineNumber":225,"author":{"gitId":"mavericktjj"},"content":"        }","lastModifiedDate":"2024-02-23"},{"lineNumber":226,"author":{"gitId":"mavericktjj"},"content":"    }","lastModifiedDate":"2024-02-23"},{"lineNumber":227,"author":{"gitId":"mavericktjj"},"content":"","lastModifiedDate":"2024-02-23"},{"lineNumber":228,"author":{"gitId":"mavericktjj"},"content":"    public static void listTasks() {","lastModifiedDate":"2024-02-08"},{"lineNumber":229,"author":{"gitId":"mavericktjj"},"content":"        if (taskCount \u003d\u003d 0) {","lastModifiedDate":"2024-02-08"},{"lineNumber":230,"author":{"gitId":"mavericktjj"},"content":"            System.out.println(\"No tasks added yet.\");","lastModifiedDate":"2024-02-08"},{"lineNumber":231,"author":{"gitId":"mavericktjj"},"content":"        } else {","lastModifiedDate":"2024-02-08"},{"lineNumber":232,"author":{"gitId":"mavericktjj"},"content":"            System.out.println(\"Tasks:\");","lastModifiedDate":"2024-02-08"},{"lineNumber":233,"author":{"gitId":"mavericktjj"},"content":"            for (int i \u003d 0; i \u003c taskCount; i++) {","lastModifiedDate":"2024-02-08"},{"lineNumber":234,"author":{"gitId":"mavericktjj"},"content":"                String marked \u003d tasks[i].toString();","lastModifiedDate":"2024-02-16"},{"lineNumber":235,"author":{"gitId":"mavericktjj"},"content":"","lastModifiedDate":"2024-01-31"},{"lineNumber":236,"author":{"gitId":"mavericktjj"},"content":"                System.out.printf(\"%d. %s \\n\", i + 1, marked);","lastModifiedDate":"2024-02-16"},{"lineNumber":237,"author":{"gitId":"mavericktjj"},"content":"","lastModifiedDate":"2024-01-31"},{"lineNumber":238,"author":{"gitId":"mavericktjj"},"content":"","lastModifiedDate":"2024-01-31"},{"lineNumber":239,"author":{"gitId":"mavericktjj"},"content":"            }","lastModifiedDate":"2024-01-31"},{"lineNumber":240,"author":{"gitId":"-"},"content":"        }","lastModifiedDate":"2019-07-29"},{"lineNumber":241,"author":{"gitId":"-"},"content":"    }","lastModifiedDate":"2019-07-29"},{"lineNumber":242,"author":{"gitId":"mavericktjj"},"content":"","lastModifiedDate":"2024-02-08"},{"lineNumber":243,"author":{"gitId":"mavericktjj"},"content":"    public static void markTaskAsDone(String input) {","lastModifiedDate":"2024-02-08"},{"lineNumber":244,"author":{"gitId":"mavericktjj"},"content":"        try {","lastModifiedDate":"2024-02-08"},{"lineNumber":245,"author":{"gitId":"mavericktjj"},"content":"            int taskIndex \u003d Integer.parseInt(input.substring(5).trim()) - 1;","lastModifiedDate":"2024-02-08"},{"lineNumber":246,"author":{"gitId":"mavericktjj"},"content":"","lastModifiedDate":"2024-02-08"},{"lineNumber":247,"author":{"gitId":"mavericktjj"},"content":"            if (taskIndex \u003e\u003d 0 \u0026\u0026 taskIndex \u003c taskCount) {","lastModifiedDate":"2024-02-08"},{"lineNumber":248,"author":{"gitId":"mavericktjj"},"content":"                tasks[taskIndex].markAsDone();","lastModifiedDate":"2024-02-08"},{"lineNumber":249,"author":{"gitId":"mavericktjj"},"content":"                System.out.println(\"Marked task as done: \" + tasks[taskIndex].description);","lastModifiedDate":"2024-02-08"},{"lineNumber":250,"author":{"gitId":"mavericktjj"},"content":"            } else {","lastModifiedDate":"2024-02-08"},{"lineNumber":251,"author":{"gitId":"mavericktjj"},"content":"                System.out.println(\"Invalid task index.\");","lastModifiedDate":"2024-02-08"},{"lineNumber":252,"author":{"gitId":"mavericktjj"},"content":"            }","lastModifiedDate":"2024-02-08"},{"lineNumber":253,"author":{"gitId":"mavericktjj"},"content":"        } catch (NumberFormatException | StringIndexOutOfBoundsException e) {","lastModifiedDate":"2024-02-08"},{"lineNumber":254,"author":{"gitId":"mavericktjj"},"content":"            System.out.println(\"Invalid input for marking a task as done.\");","lastModifiedDate":"2024-02-08"},{"lineNumber":255,"author":{"gitId":"mavericktjj"},"content":"        }","lastModifiedDate":"2024-02-08"},{"lineNumber":256,"author":{"gitId":"-"},"content":"    }","lastModifiedDate":"2024-02-08"},{"lineNumber":257,"author":{"gitId":"mavericktjj"},"content":"}","lastModifiedDate":"2024-02-08"}],"authorContributionMap":{"mavericktjj":246,"-":11}}]
