[{"path":"data.txt","fileType":"txt","lines":[{"lineNumber":1,"author":{"gitId":"mavericktjj"},"content":"[T][] task1","lastModifiedDate":"2024-03-14"}],"authorContributionMap":{"mavericktjj":1}},{"path":"src/main/java/AddTaskCommand.java","fileType":"java","lines":[{"lineNumber":1,"author":{"gitId":"mavericktjj"},"content":"public class AddTaskCommand implements Command {","lastModifiedDate":"2024-03-14"},{"lineNumber":2,"author":{"gitId":"mavericktjj"},"content":"    private final Task task;","lastModifiedDate":"2024-03-14"},{"lineNumber":3,"author":{"gitId":"mavericktjj"},"content":"","lastModifiedDate":"2024-03-14"},{"lineNumber":4,"author":{"gitId":"mavericktjj"},"content":"    public AddTaskCommand(Task task) {","lastModifiedDate":"2024-03-14"},{"lineNumber":5,"author":{"gitId":"mavericktjj"},"content":"        this.task \u003d task;","lastModifiedDate":"2024-03-14"},{"lineNumber":6,"author":{"gitId":"mavericktjj"},"content":"    }","lastModifiedDate":"2024-03-14"},{"lineNumber":7,"author":{"gitId":"mavericktjj"},"content":"","lastModifiedDate":"2024-03-14"},{"lineNumber":8,"author":{"gitId":"mavericktjj"},"content":"","lastModifiedDate":"2024-03-14"},{"lineNumber":9,"author":{"gitId":"mavericktjj"},"content":"    public void execute(TaskList taskList, Ui ui, Storage storage) {","lastModifiedDate":"2024-03-14"},{"lineNumber":10,"author":{"gitId":"mavericktjj"},"content":"        if (!ErrorHandling.checkDuplicate(task.description, taskList)) {","lastModifiedDate":"2024-03-14"},{"lineNumber":11,"author":{"gitId":"mavericktjj"},"content":"","lastModifiedDate":"2024-03-14"},{"lineNumber":12,"author":{"gitId":"mavericktjj"},"content":"","lastModifiedDate":"2024-03-14"},{"lineNumber":13,"author":{"gitId":"mavericktjj"},"content":"        taskList.add(task);","lastModifiedDate":"2024-03-14"},{"lineNumber":14,"author":{"gitId":"mavericktjj"},"content":"        ui.showTaskAdded(task, taskList.size());","lastModifiedDate":"2024-03-14"},{"lineNumber":15,"author":{"gitId":"mavericktjj"},"content":"        storage.saveTasks(taskList);","lastModifiedDate":"2024-03-14"},{"lineNumber":16,"author":{"gitId":"mavericktjj"},"content":"","lastModifiedDate":"2024-03-14"},{"lineNumber":17,"author":{"gitId":"mavericktjj"},"content":"    }","lastModifiedDate":"2024-03-14"},{"lineNumber":18,"author":{"gitId":"mavericktjj"},"content":"        else {","lastModifiedDate":"2024-03-14"},{"lineNumber":19,"author":{"gitId":"mavericktjj"},"content":"        ui.showDuplicateMessage();","lastModifiedDate":"2024-03-14"},{"lineNumber":20,"author":{"gitId":"mavericktjj"},"content":"        }","lastModifiedDate":"2024-03-14"},{"lineNumber":21,"author":{"gitId":"mavericktjj"},"content":"    }","lastModifiedDate":"2024-03-14"},{"lineNumber":22,"author":{"gitId":"mavericktjj"},"content":"}","lastModifiedDate":"2024-03-14"}],"authorContributionMap":{"mavericktjj":22}},{"path":"src/main/java/Command.java","fileType":"java","lines":[{"lineNumber":1,"author":{"gitId":"mavericktjj"},"content":"public interface Command {","lastModifiedDate":"2024-03-14"},{"lineNumber":2,"author":{"gitId":"mavericktjj"},"content":"    void execute(TaskList taskList, Ui ui, Storage storage);","lastModifiedDate":"2024-03-14"},{"lineNumber":3,"author":{"gitId":"mavericktjj"},"content":"}","lastModifiedDate":"2024-03-14"}],"authorContributionMap":{"mavericktjj":3}},{"path":"src/main/java/Deadline.java","fileType":"java","lines":[{"lineNumber":1,"author":{"gitId":"mavericktjj"},"content":"public class Deadline extends Task {","lastModifiedDate":"2024-03-14"},{"lineNumber":2,"author":{"gitId":"mavericktjj"},"content":"","lastModifiedDate":"2024-03-14"},{"lineNumber":3,"author":{"gitId":"mavericktjj"},"content":"    protected String by;","lastModifiedDate":"2024-03-14"},{"lineNumber":4,"author":{"gitId":"mavericktjj"},"content":"","lastModifiedDate":"2024-03-14"},{"lineNumber":5,"author":{"gitId":"mavericktjj"},"content":"    public Deadline(String description, String by) {","lastModifiedDate":"2024-03-14"},{"lineNumber":6,"author":{"gitId":"mavericktjj"},"content":"        super(description);","lastModifiedDate":"2024-03-14"},{"lineNumber":7,"author":{"gitId":"mavericktjj"},"content":"        this.by \u003d by;","lastModifiedDate":"2024-03-14"},{"lineNumber":8,"author":{"gitId":"mavericktjj"},"content":"    }","lastModifiedDate":"2024-03-14"},{"lineNumber":9,"author":{"gitId":"mavericktjj"},"content":"","lastModifiedDate":"2024-03-14"},{"lineNumber":10,"author":{"gitId":"mavericktjj"},"content":"    @Override","lastModifiedDate":"2024-03-14"},{"lineNumber":11,"author":{"gitId":"mavericktjj"},"content":"    public String toString() {","lastModifiedDate":"2024-03-14"},{"lineNumber":12,"author":{"gitId":"mavericktjj"},"content":"        return \"[D]\" + super.toString() + \" (by: \" + by + \")\";","lastModifiedDate":"2024-03-14"},{"lineNumber":13,"author":{"gitId":"mavericktjj"},"content":"    }","lastModifiedDate":"2024-03-14"},{"lineNumber":14,"author":{"gitId":"mavericktjj"},"content":"}","lastModifiedDate":"2024-03-14"}],"authorContributionMap":{"mavericktjj":14}},{"path":"src/main/java/DeleteTaskCommand.java","fileType":"java","lines":[{"lineNumber":1,"author":{"gitId":"mavericktjj"},"content":"public class DeleteTaskCommand implements Command {","lastModifiedDate":"2024-03-14"},{"lineNumber":2,"author":{"gitId":"mavericktjj"},"content":"    private final int index;","lastModifiedDate":"2024-03-14"},{"lineNumber":3,"author":{"gitId":"mavericktjj"},"content":"","lastModifiedDate":"2024-03-14"},{"lineNumber":4,"author":{"gitId":"mavericktjj"},"content":"    public DeleteTaskCommand(int index) {","lastModifiedDate":"2024-03-14"},{"lineNumber":5,"author":{"gitId":"mavericktjj"},"content":"        this.index \u003d index;","lastModifiedDate":"2024-03-14"},{"lineNumber":6,"author":{"gitId":"mavericktjj"},"content":"    }","lastModifiedDate":"2024-03-14"},{"lineNumber":7,"author":{"gitId":"mavericktjj"},"content":"","lastModifiedDate":"2024-03-14"},{"lineNumber":8,"author":{"gitId":"mavericktjj"},"content":"","lastModifiedDate":"2024-03-14"},{"lineNumber":9,"author":{"gitId":"mavericktjj"},"content":"    public void execute(TaskList taskList, Ui ui, Storage storage) {","lastModifiedDate":"2024-03-14"},{"lineNumber":10,"author":{"gitId":"mavericktjj"},"content":"        try {","lastModifiedDate":"2024-03-14"},{"lineNumber":11,"author":{"gitId":"mavericktjj"},"content":"            Task deletedTask \u003d taskList.remove(index - 1);","lastModifiedDate":"2024-03-14"},{"lineNumber":12,"author":{"gitId":"mavericktjj"},"content":"            ui.showTaskDeleted(deletedTask, taskList.size());","lastModifiedDate":"2024-03-14"},{"lineNumber":13,"author":{"gitId":"mavericktjj"},"content":"            storage.saveTasks(taskList);","lastModifiedDate":"2024-03-14"},{"lineNumber":14,"author":{"gitId":"mavericktjj"},"content":"        }","lastModifiedDate":"2024-03-14"},{"lineNumber":15,"author":{"gitId":"mavericktjj"},"content":"","lastModifiedDate":"2024-03-14"},{"lineNumber":16,"author":{"gitId":"mavericktjj"},"content":"        catch (IndexOutOfBoundsException e) {","lastModifiedDate":"2024-03-14"},{"lineNumber":17,"author":{"gitId":"mavericktjj"},"content":"            ErrorHandling.outOfRange();","lastModifiedDate":"2024-03-14"},{"lineNumber":18,"author":{"gitId":"mavericktjj"},"content":"        }","lastModifiedDate":"2024-03-14"},{"lineNumber":19,"author":{"gitId":"mavericktjj"},"content":"","lastModifiedDate":"2024-03-14"},{"lineNumber":20,"author":{"gitId":"mavericktjj"},"content":"","lastModifiedDate":"2024-03-14"},{"lineNumber":21,"author":{"gitId":"mavericktjj"},"content":"    }","lastModifiedDate":"2024-03-14"},{"lineNumber":22,"author":{"gitId":"mavericktjj"},"content":"}","lastModifiedDate":"2024-03-14"}],"authorContributionMap":{"mavericktjj":22}},{"path":"src/main/java/Duke.java","fileType":"java","lines":[{"lineNumber":1,"author":{"gitId":"mavericktjj"},"content":"import java.util.Scanner;","lastModifiedDate":"2024-03-06"},{"lineNumber":2,"author":{"gitId":"mavericktjj"},"content":"import java.io.File;","lastModifiedDate":"2024-03-14"},{"lineNumber":3,"author":{"gitId":"mavericktjj"},"content":"import java.io.FileWriter;","lastModifiedDate":"2024-03-14"},{"lineNumber":4,"author":{"gitId":"mavericktjj"},"content":"import java.io.IOException;","lastModifiedDate":"2024-03-14"},{"lineNumber":5,"author":{"gitId":"mavericktjj"},"content":"import java.util.ArrayList;","lastModifiedDate":"2024-03-06"},{"lineNumber":6,"author":{"gitId":"mavericktjj"},"content":"import java.util.HashSet;","lastModifiedDate":"2024-03-14"},{"lineNumber":7,"author":{"gitId":"mavericktjj"},"content":"import java.util.Set;","lastModifiedDate":"2024-03-14"},{"lineNumber":8,"author":{"gitId":"mavericktjj"},"content":"","lastModifiedDate":"2024-02-23"},{"lineNumber":9,"author":{"gitId":"-"},"content":"public class Duke {","lastModifiedDate":"2019-07-29"},{"lineNumber":10,"author":{"gitId":"mavericktjj"},"content":"    private final Ui ui;","lastModifiedDate":"2024-03-14"},{"lineNumber":11,"author":{"gitId":"mavericktjj"},"content":"    private final TaskList taskList;","lastModifiedDate":"2024-03-14"},{"lineNumber":12,"author":{"gitId":"mavericktjj"},"content":"    private final Storage storage;","lastModifiedDate":"2024-03-14"},{"lineNumber":13,"author":{"gitId":"mavericktjj"},"content":"","lastModifiedDate":"2024-02-08"},{"lineNumber":14,"author":{"gitId":"mavericktjj"},"content":"    public Duke(String filePath) {","lastModifiedDate":"2024-03-14"},{"lineNumber":15,"author":{"gitId":"mavericktjj"},"content":"        this.ui \u003d new Ui();","lastModifiedDate":"2024-03-14"},{"lineNumber":16,"author":{"gitId":"mavericktjj"},"content":"        this.taskList \u003d new TaskList();","lastModifiedDate":"2024-03-14"},{"lineNumber":17,"author":{"gitId":"mavericktjj"},"content":"        this.storage \u003d new Storage(filePath);","lastModifiedDate":"2024-03-14"},{"lineNumber":18,"author":{"gitId":"mavericktjj"},"content":"        Storage.loadTasksFromFile(filePath, taskList);","lastModifiedDate":"2024-03-14"},{"lineNumber":19,"author":{"gitId":"mavericktjj"},"content":"    }","lastModifiedDate":"2024-02-16"},{"lineNumber":20,"author":{"gitId":"mavericktjj"},"content":"","lastModifiedDate":"2024-02-16"},{"lineNumber":21,"author":{"gitId":"mavericktjj"},"content":"    public void run() {","lastModifiedDate":"2024-03-14"},{"lineNumber":22,"author":{"gitId":"mavericktjj"},"content":"        ui.showWelcomeMessage();","lastModifiedDate":"2024-03-14"},{"lineNumber":23,"author":{"gitId":"mavericktjj"},"content":"","lastModifiedDate":"2024-02-16"},{"lineNumber":24,"author":{"gitId":"mavericktjj"},"content":"","lastModifiedDate":"2024-02-16"},{"lineNumber":25,"author":{"gitId":"mavericktjj"},"content":"        String input;","lastModifiedDate":"2024-03-14"},{"lineNumber":26,"author":{"gitId":"mavericktjj"},"content":"","lastModifiedDate":"2024-01-31"},{"lineNumber":27,"author":{"gitId":"mavericktjj"},"content":"        while (true) {","lastModifiedDate":"2024-02-08"},{"lineNumber":28,"author":{"gitId":"mavericktjj"},"content":"            input \u003d ui.getUserInput();","lastModifiedDate":"2024-03-14"},{"lineNumber":29,"author":{"gitId":"mavericktjj"},"content":"            if (input.equals(\"bye\")) {","lastModifiedDate":"2024-01-31"},{"lineNumber":30,"author":{"gitId":"mavericktjj"},"content":"                break;","lastModifiedDate":"2024-01-31"},{"lineNumber":31,"author":{"gitId":"mavericktjj"},"content":"            }","lastModifiedDate":"2024-03-06"},{"lineNumber":32,"author":{"gitId":"mavericktjj"},"content":"            Command command \u003d Parser.parse(input);","lastModifiedDate":"2024-03-14"},{"lineNumber":33,"author":{"gitId":"mavericktjj"},"content":"            command.execute(taskList, ui, storage);","lastModifiedDate":"2024-03-14"},{"lineNumber":34,"author":{"gitId":"mavericktjj"},"content":"        }","lastModifiedDate":"2024-02-23"},{"lineNumber":35,"author":{"gitId":"mavericktjj"},"content":"","lastModifiedDate":"2024-02-23"},{"lineNumber":36,"author":{"gitId":"mavericktjj"},"content":"//        storage.saveTasks(taskList);","lastModifiedDate":"2024-03-14"},{"lineNumber":37,"author":{"gitId":"mavericktjj"},"content":"        ui.showGoodbyeMessage();","lastModifiedDate":"2024-03-14"},{"lineNumber":38,"author":{"gitId":"mavericktjj"},"content":"    }","lastModifiedDate":"2024-02-23"},{"lineNumber":39,"author":{"gitId":"mavericktjj"},"content":"","lastModifiedDate":"2024-02-23"},{"lineNumber":40,"author":{"gitId":"mavericktjj"},"content":"","lastModifiedDate":"2024-02-23"},{"lineNumber":41,"author":{"gitId":"mavericktjj"},"content":"","lastModifiedDate":"2024-02-23"},{"lineNumber":42,"author":{"gitId":"-"},"content":"    public static void main(String[] args) {","lastModifiedDate":"2024-03-14"},{"lineNumber":43,"author":{"gitId":"mavericktjj"},"content":"        new Duke(\"C:\\\\Users\\\\Admin\\\\Documents\\\\GitHub\\\\duke\\\\src\\\\main\\\\java\\\\data\\\\tasks.txt\").run();","lastModifiedDate":"2024-03-14"},{"lineNumber":44,"author":{"gitId":"-"},"content":"    }","lastModifiedDate":"2024-02-08"},{"lineNumber":45,"author":{"gitId":"mavericktjj"},"content":"}","lastModifiedDate":"2024-02-08"}],"authorContributionMap":{"mavericktjj":42,"-":3}},{"path":"src/main/java/ErrorHandling.java","fileType":"java","lines":[{"lineNumber":1,"author":{"gitId":"mavericktjj"},"content":"public class ErrorHandling {","lastModifiedDate":"2024-03-14"},{"lineNumber":2,"author":{"gitId":"mavericktjj"},"content":"","lastModifiedDate":"2024-03-14"},{"lineNumber":3,"author":{"gitId":"mavericktjj"},"content":"    public static boolean checkDuplicate(String desc, TaskList taskList) {","lastModifiedDate":"2024-03-14"},{"lineNumber":4,"author":{"gitId":"mavericktjj"},"content":"        for (int i \u003d 0; i \u003c taskList.size(); i++) {","lastModifiedDate":"2024-03-14"},{"lineNumber":5,"author":{"gitId":"mavericktjj"},"content":"            Task task \u003d taskList.get(i);","lastModifiedDate":"2024-03-14"},{"lineNumber":6,"author":{"gitId":"mavericktjj"},"content":"            if (task !\u003d null \u0026\u0026 task.description.equals(desc)) {","lastModifiedDate":"2024-03-14"},{"lineNumber":7,"author":{"gitId":"mavericktjj"},"content":"//                System.out.println(\"This task\u0027s description already exists in the list\");","lastModifiedDate":"2024-03-14"},{"lineNumber":8,"author":{"gitId":"mavericktjj"},"content":"                return true;","lastModifiedDate":"2024-03-14"},{"lineNumber":9,"author":{"gitId":"mavericktjj"},"content":"            }","lastModifiedDate":"2024-03-14"},{"lineNumber":10,"author":{"gitId":"mavericktjj"},"content":"        }","lastModifiedDate":"2024-03-14"},{"lineNumber":11,"author":{"gitId":"mavericktjj"},"content":"        return false;","lastModifiedDate":"2024-03-14"},{"lineNumber":12,"author":{"gitId":"mavericktjj"},"content":"    }","lastModifiedDate":"2024-03-14"},{"lineNumber":13,"author":{"gitId":"mavericktjj"},"content":"","lastModifiedDate":"2024-03-14"},{"lineNumber":14,"author":{"gitId":"mavericktjj"},"content":"    public static void outOfRange() {","lastModifiedDate":"2024-03-14"},{"lineNumber":15,"author":{"gitId":"mavericktjj"},"content":"        System.out.println(\"Index of out range\");","lastModifiedDate":"2024-03-14"},{"lineNumber":16,"author":{"gitId":"mavericktjj"},"content":"    }","lastModifiedDate":"2024-03-14"},{"lineNumber":17,"author":{"gitId":"mavericktjj"},"content":"","lastModifiedDate":"2024-03-14"},{"lineNumber":18,"author":{"gitId":"mavericktjj"},"content":"    public static void wrongSyntax() {","lastModifiedDate":"2024-03-14"},{"lineNumber":19,"author":{"gitId":"mavericktjj"},"content":"        System.out.println(\"Input has wrong syntax, please try again.\");","lastModifiedDate":"2024-03-14"},{"lineNumber":20,"author":{"gitId":"mavericktjj"},"content":"    }","lastModifiedDate":"2024-03-14"},{"lineNumber":21,"author":{"gitId":"mavericktjj"},"content":"}","lastModifiedDate":"2024-03-14"}],"authorContributionMap":{"mavericktjj":21}},{"path":"src/main/java/Event.java","fileType":"java","lines":[{"lineNumber":1,"author":{"gitId":"mavericktjj"},"content":"public class Event extends Task {","lastModifiedDate":"2024-03-14"},{"lineNumber":2,"author":{"gitId":"mavericktjj"},"content":"    protected String startTime;","lastModifiedDate":"2024-03-14"},{"lineNumber":3,"author":{"gitId":"mavericktjj"},"content":"    protected String endTime;","lastModifiedDate":"2024-03-14"},{"lineNumber":4,"author":{"gitId":"mavericktjj"},"content":"","lastModifiedDate":"2024-03-14"},{"lineNumber":5,"author":{"gitId":"mavericktjj"},"content":"","lastModifiedDate":"2024-03-14"},{"lineNumber":6,"author":{"gitId":"mavericktjj"},"content":"    public Event(String description, String startTime, String endTime) {","lastModifiedDate":"2024-03-14"},{"lineNumber":7,"author":{"gitId":"mavericktjj"},"content":"        super(description);","lastModifiedDate":"2024-03-14"},{"lineNumber":8,"author":{"gitId":"mavericktjj"},"content":"        this.startTime \u003d startTime;","lastModifiedDate":"2024-03-14"},{"lineNumber":9,"author":{"gitId":"mavericktjj"},"content":"        this.endTime \u003d endTime;","lastModifiedDate":"2024-03-14"},{"lineNumber":10,"author":{"gitId":"mavericktjj"},"content":"","lastModifiedDate":"2024-03-14"},{"lineNumber":11,"author":{"gitId":"mavericktjj"},"content":"    }","lastModifiedDate":"2024-03-14"},{"lineNumber":12,"author":{"gitId":"mavericktjj"},"content":"","lastModifiedDate":"2024-03-14"},{"lineNumber":13,"author":{"gitId":"mavericktjj"},"content":"    @Override","lastModifiedDate":"2024-03-14"},{"lineNumber":14,"author":{"gitId":"mavericktjj"},"content":"    public String toString() {","lastModifiedDate":"2024-03-14"},{"lineNumber":15,"author":{"gitId":"mavericktjj"},"content":"        return \"[E]\" + super.toString() + \" from: \"  + this.startTime + \" to: \" + this.endTime;","lastModifiedDate":"2024-03-14"},{"lineNumber":16,"author":{"gitId":"mavericktjj"},"content":"    }","lastModifiedDate":"2024-03-14"},{"lineNumber":17,"author":{"gitId":"mavericktjj"},"content":"}","lastModifiedDate":"2024-03-14"}],"authorContributionMap":{"mavericktjj":17}},{"path":"src/main/java/InvalidCommand.java","fileType":"java","lines":[{"lineNumber":1,"author":{"gitId":"mavericktjj"},"content":"public class InvalidCommand implements Command {","lastModifiedDate":"2024-03-14"},{"lineNumber":2,"author":{"gitId":"mavericktjj"},"content":"    @Override","lastModifiedDate":"2024-03-14"},{"lineNumber":3,"author":{"gitId":"mavericktjj"},"content":"    public void execute(TaskList taskList, Ui ui, Storage storage){","lastModifiedDate":"2024-03-14"},{"lineNumber":4,"author":{"gitId":"mavericktjj"},"content":"        ui.showInvalidCommandMessage();","lastModifiedDate":"2024-03-14"},{"lineNumber":5,"author":{"gitId":"mavericktjj"},"content":"    }","lastModifiedDate":"2024-03-14"},{"lineNumber":6,"author":{"gitId":"mavericktjj"},"content":"}","lastModifiedDate":"2024-03-14"}],"authorContributionMap":{"mavericktjj":6}},{"path":"src/main/java/ListCommand.java","fileType":"java","lines":[{"lineNumber":1,"author":{"gitId":"mavericktjj"},"content":"public class ListCommand implements Command {","lastModifiedDate":"2024-03-14"},{"lineNumber":2,"author":{"gitId":"mavericktjj"},"content":"","lastModifiedDate":"2024-03-14"},{"lineNumber":3,"author":{"gitId":"mavericktjj"},"content":"    public void execute(TaskList taskList, Ui ui, Storage storage) {","lastModifiedDate":"2024-03-14"},{"lineNumber":4,"author":{"gitId":"mavericktjj"},"content":"        ui.showTaskList(taskList);","lastModifiedDate":"2024-03-14"},{"lineNumber":5,"author":{"gitId":"mavericktjj"},"content":"    }","lastModifiedDate":"2024-03-14"},{"lineNumber":6,"author":{"gitId":"mavericktjj"},"content":"}","lastModifiedDate":"2024-03-14"}],"authorContributionMap":{"mavericktjj":6}},{"path":"src/main/java/MarkAsDoneCommand.java","fileType":"java","lines":[{"lineNumber":1,"author":{"gitId":"mavericktjj"},"content":"public class MarkAsDoneCommand implements Command {","lastModifiedDate":"2024-03-14"},{"lineNumber":2,"author":{"gitId":"mavericktjj"},"content":"    private final int index;","lastModifiedDate":"2024-03-14"},{"lineNumber":3,"author":{"gitId":"mavericktjj"},"content":"","lastModifiedDate":"2024-03-14"},{"lineNumber":4,"author":{"gitId":"mavericktjj"},"content":"    public MarkAsDoneCommand(int index) {","lastModifiedDate":"2024-03-14"},{"lineNumber":5,"author":{"gitId":"mavericktjj"},"content":"        this.index \u003d index;","lastModifiedDate":"2024-03-14"},{"lineNumber":6,"author":{"gitId":"mavericktjj"},"content":"    }","lastModifiedDate":"2024-03-14"},{"lineNumber":7,"author":{"gitId":"mavericktjj"},"content":"","lastModifiedDate":"2024-03-14"},{"lineNumber":8,"author":{"gitId":"mavericktjj"},"content":"    public void execute(TaskList taskList, Ui ui, Storage storage) {","lastModifiedDate":"2024-03-14"},{"lineNumber":9,"author":{"gitId":"mavericktjj"},"content":"        try {","lastModifiedDate":"2024-03-14"},{"lineNumber":10,"author":{"gitId":"mavericktjj"},"content":"        Task task \u003d taskList.get(index - 1);","lastModifiedDate":"2024-03-14"},{"lineNumber":11,"author":{"gitId":"mavericktjj"},"content":"        task.markAsDone();","lastModifiedDate":"2024-03-14"},{"lineNumber":12,"author":{"gitId":"mavericktjj"},"content":"        ui.showTaskMarkedAsDone(task);","lastModifiedDate":"2024-03-14"},{"lineNumber":13,"author":{"gitId":"mavericktjj"},"content":"        storage.saveTasks(taskList);","lastModifiedDate":"2024-03-14"},{"lineNumber":14,"author":{"gitId":"mavericktjj"},"content":"    }","lastModifiedDate":"2024-03-14"},{"lineNumber":15,"author":{"gitId":"mavericktjj"},"content":"        catch (IndexOutOfBoundsException e) {","lastModifiedDate":"2024-03-14"},{"lineNumber":16,"author":{"gitId":"mavericktjj"},"content":"        ErrorHandling.outOfRange();","lastModifiedDate":"2024-03-14"},{"lineNumber":17,"author":{"gitId":"mavericktjj"},"content":"        }","lastModifiedDate":"2024-03-14"},{"lineNumber":18,"author":{"gitId":"mavericktjj"},"content":"","lastModifiedDate":"2024-03-14"},{"lineNumber":19,"author":{"gitId":"mavericktjj"},"content":"    }","lastModifiedDate":"2024-03-14"},{"lineNumber":20,"author":{"gitId":"mavericktjj"},"content":"}","lastModifiedDate":"2024-03-14"}],"authorContributionMap":{"mavericktjj":20}},{"path":"src/main/java/Parser.java","fileType":"java","lines":[{"lineNumber":1,"author":{"gitId":"mavericktjj"},"content":"import java.util.Arrays;","lastModifiedDate":"2024-03-14"},{"lineNumber":2,"author":{"gitId":"mavericktjj"},"content":"import java.util.stream.Collectors;","lastModifiedDate":"2024-03-14"},{"lineNumber":3,"author":{"gitId":"mavericktjj"},"content":"","lastModifiedDate":"2024-03-14"},{"lineNumber":4,"author":{"gitId":"mavericktjj"},"content":"public class Parser {","lastModifiedDate":"2024-03-14"},{"lineNumber":5,"author":{"gitId":"mavericktjj"},"content":"    public static Command parse(String input) {","lastModifiedDate":"2024-03-14"},{"lineNumber":6,"author":{"gitId":"mavericktjj"},"content":"        String[] tokens \u003d input.split(\" \", 2);","lastModifiedDate":"2024-03-14"},{"lineNumber":7,"author":{"gitId":"mavericktjj"},"content":"        String commandWord \u003d tokens[0].toLowerCase();","lastModifiedDate":"2024-03-14"},{"lineNumber":8,"author":{"gitId":"mavericktjj"},"content":"        String argument \u003d tokens.length \u003e 1 ? tokens[1] : null;","lastModifiedDate":"2024-03-14"},{"lineNumber":9,"author":{"gitId":"mavericktjj"},"content":"            try {","lastModifiedDate":"2024-03-14"},{"lineNumber":10,"author":{"gitId":"mavericktjj"},"content":"                switch (commandWord) {","lastModifiedDate":"2024-03-14"},{"lineNumber":11,"author":{"gitId":"mavericktjj"},"content":"","lastModifiedDate":"2024-03-14"},{"lineNumber":12,"author":{"gitId":"mavericktjj"},"content":"                    case \"list\":","lastModifiedDate":"2024-03-14"},{"lineNumber":13,"author":{"gitId":"mavericktjj"},"content":"                        return new ListCommand();","lastModifiedDate":"2024-03-14"},{"lineNumber":14,"author":{"gitId":"mavericktjj"},"content":"                    case \"todo\":","lastModifiedDate":"2024-03-14"},{"lineNumber":15,"author":{"gitId":"mavericktjj"},"content":"                        return new AddTaskCommand(new Todo(argument));","lastModifiedDate":"2024-03-14"},{"lineNumber":16,"author":{"gitId":"mavericktjj"},"content":"                    case \"deadline\":","lastModifiedDate":"2024-03-14"},{"lineNumber":17,"author":{"gitId":"mavericktjj"},"content":"                        String[] deadlineArgs \u003d input.split(\" /by \", 2);","lastModifiedDate":"2024-03-14"},{"lineNumber":18,"author":{"gitId":"mavericktjj"},"content":"                        return new AddTaskCommand(new Deadline(deadlineArgs[0].replace(\"deadline \", \"\"), deadlineArgs[1]));","lastModifiedDate":"2024-03-14"},{"lineNumber":19,"author":{"gitId":"mavericktjj"},"content":"                    case \"event\":","lastModifiedDate":"2024-03-14"},{"lineNumber":20,"author":{"gitId":"mavericktjj"},"content":"                        String[] eventArgs \u003d input.split(\"\\\\s+/from\\\\s+|\\\\s+/to\\\\s+\");","lastModifiedDate":"2024-03-14"},{"lineNumber":21,"author":{"gitId":"mavericktjj"},"content":"                        return new AddTaskCommand(new Event(eventArgs[0].replace(\"event \", \"\"), eventArgs[1], eventArgs[2]));","lastModifiedDate":"2024-03-14"},{"lineNumber":22,"author":{"gitId":"mavericktjj"},"content":"                    case \"mark\":","lastModifiedDate":"2024-03-14"},{"lineNumber":23,"author":{"gitId":"mavericktjj"},"content":"                        return new MarkAsDoneCommand(Integer.parseInt(argument));","lastModifiedDate":"2024-03-14"},{"lineNumber":24,"author":{"gitId":"mavericktjj"},"content":"                    case \"delete\":","lastModifiedDate":"2024-03-14"},{"lineNumber":25,"author":{"gitId":"mavericktjj"},"content":"                        return new DeleteTaskCommand(Integer.parseInt(argument));","lastModifiedDate":"2024-03-14"},{"lineNumber":26,"author":{"gitId":"mavericktjj"},"content":"                    default:","lastModifiedDate":"2024-03-14"},{"lineNumber":27,"author":{"gitId":"mavericktjj"},"content":"                        return new InvalidCommand();","lastModifiedDate":"2024-03-14"},{"lineNumber":28,"author":{"gitId":"mavericktjj"},"content":"                }","lastModifiedDate":"2024-03-14"},{"lineNumber":29,"author":{"gitId":"mavericktjj"},"content":"            }","lastModifiedDate":"2024-03-14"},{"lineNumber":30,"author":{"gitId":"mavericktjj"},"content":"            catch (ArrayIndexOutOfBoundsException e) {","lastModifiedDate":"2024-03-14"},{"lineNumber":31,"author":{"gitId":"mavericktjj"},"content":"","lastModifiedDate":"2024-03-14"},{"lineNumber":32,"author":{"gitId":"mavericktjj"},"content":"               ErrorHandling.wrongSyntax();","lastModifiedDate":"2024-03-14"},{"lineNumber":33,"author":{"gitId":"mavericktjj"},"content":"               return new InvalidCommand();","lastModifiedDate":"2024-03-14"},{"lineNumber":34,"author":{"gitId":"mavericktjj"},"content":"","lastModifiedDate":"2024-03-14"},{"lineNumber":35,"author":{"gitId":"mavericktjj"},"content":"","lastModifiedDate":"2024-03-14"},{"lineNumber":36,"author":{"gitId":"mavericktjj"},"content":"            }","lastModifiedDate":"2024-03-14"},{"lineNumber":37,"author":{"gitId":"mavericktjj"},"content":"","lastModifiedDate":"2024-03-14"},{"lineNumber":38,"author":{"gitId":"mavericktjj"},"content":"","lastModifiedDate":"2024-03-14"},{"lineNumber":39,"author":{"gitId":"mavericktjj"},"content":"","lastModifiedDate":"2024-03-14"},{"lineNumber":40,"author":{"gitId":"mavericktjj"},"content":"    }","lastModifiedDate":"2024-03-14"},{"lineNumber":41,"author":{"gitId":"mavericktjj"},"content":"    public static Task parseTaskFromString(String line) {","lastModifiedDate":"2024-03-14"},{"lineNumber":42,"author":{"gitId":"mavericktjj"},"content":"        String[] parts \u003d line.split(\"\\\\|\");","lastModifiedDate":"2024-03-14"},{"lineNumber":43,"author":{"gitId":"mavericktjj"},"content":"        String taskType \u003d parts[0].trim();","lastModifiedDate":"2024-03-14"},{"lineNumber":44,"author":{"gitId":"mavericktjj"},"content":"        String description \u003d parts[1].trim();","lastModifiedDate":"2024-03-14"},{"lineNumber":45,"author":{"gitId":"mavericktjj"},"content":"//        boolean isDone \u003d Boolean.parseBoolean(parts[2].trim());","lastModifiedDate":"2024-03-14"},{"lineNumber":46,"author":{"gitId":"mavericktjj"},"content":"","lastModifiedDate":"2024-03-14"},{"lineNumber":47,"author":{"gitId":"mavericktjj"},"content":"        switch (taskType) {","lastModifiedDate":"2024-03-14"},{"lineNumber":48,"author":{"gitId":"mavericktjj"},"content":"            case \"T\":","lastModifiedDate":"2024-03-14"},{"lineNumber":49,"author":{"gitId":"mavericktjj"},"content":"                return new Todo(description);","lastModifiedDate":"2024-03-14"},{"lineNumber":50,"author":{"gitId":"mavericktjj"},"content":"            case \"D\":","lastModifiedDate":"2024-03-14"},{"lineNumber":51,"author":{"gitId":"mavericktjj"},"content":"                return new Deadline(description, parts[3].trim());","lastModifiedDate":"2024-03-14"},{"lineNumber":52,"author":{"gitId":"mavericktjj"},"content":"            case \"E\":","lastModifiedDate":"2024-03-14"},{"lineNumber":53,"author":{"gitId":"mavericktjj"},"content":"                return new Event(description, parts[3].trim(), parts[4].trim());","lastModifiedDate":"2024-03-14"},{"lineNumber":54,"author":{"gitId":"mavericktjj"},"content":"            default:","lastModifiedDate":"2024-03-14"},{"lineNumber":55,"author":{"gitId":"mavericktjj"},"content":"                throw new IllegalArgumentException(\"Unknown task type: \" + taskType);","lastModifiedDate":"2024-03-14"},{"lineNumber":56,"author":{"gitId":"mavericktjj"},"content":"        }","lastModifiedDate":"2024-03-14"},{"lineNumber":57,"author":{"gitId":"mavericktjj"},"content":"    }","lastModifiedDate":"2024-03-14"},{"lineNumber":58,"author":{"gitId":"mavericktjj"},"content":"}","lastModifiedDate":"2024-03-14"}],"authorContributionMap":{"mavericktjj":58}},{"path":"src/main/java/Storage.java","fileType":"java","lines":[{"lineNumber":1,"author":{"gitId":"mavericktjj"},"content":"import java.io.File;","lastModifiedDate":"2024-03-14"},{"lineNumber":2,"author":{"gitId":"mavericktjj"},"content":"import java.io.FileWriter;","lastModifiedDate":"2024-03-14"},{"lineNumber":3,"author":{"gitId":"mavericktjj"},"content":"import java.io.IOException;","lastModifiedDate":"2024-03-14"},{"lineNumber":4,"author":{"gitId":"mavericktjj"},"content":"import java.nio.file.Files;","lastModifiedDate":"2024-03-14"},{"lineNumber":5,"author":{"gitId":"mavericktjj"},"content":"import java.nio.file.Path;","lastModifiedDate":"2024-03-14"},{"lineNumber":6,"author":{"gitId":"mavericktjj"},"content":"import java.util.ArrayList;","lastModifiedDate":"2024-03-14"},{"lineNumber":7,"author":{"gitId":"mavericktjj"},"content":"import java.util.List;","lastModifiedDate":"2024-03-14"},{"lineNumber":8,"author":{"gitId":"mavericktjj"},"content":"import java.util.Scanner;","lastModifiedDate":"2024-03-14"},{"lineNumber":9,"author":{"gitId":"mavericktjj"},"content":"import java.util.stream.Collectors;","lastModifiedDate":"2024-03-14"},{"lineNumber":10,"author":{"gitId":"mavericktjj"},"content":"","lastModifiedDate":"2024-03-14"},{"lineNumber":11,"author":{"gitId":"mavericktjj"},"content":"public class Storage {","lastModifiedDate":"2024-03-14"},{"lineNumber":12,"author":{"gitId":"mavericktjj"},"content":"    private final String filePath;","lastModifiedDate":"2024-03-14"},{"lineNumber":13,"author":{"gitId":"mavericktjj"},"content":"","lastModifiedDate":"2024-03-14"},{"lineNumber":14,"author":{"gitId":"mavericktjj"},"content":"    public Storage(String filePath) {","lastModifiedDate":"2024-03-14"},{"lineNumber":15,"author":{"gitId":"mavericktjj"},"content":"        this.filePath \u003d filePath;","lastModifiedDate":"2024-03-14"},{"lineNumber":16,"author":{"gitId":"mavericktjj"},"content":"    }","lastModifiedDate":"2024-03-14"},{"lineNumber":17,"author":{"gitId":"mavericktjj"},"content":"","lastModifiedDate":"2024-03-14"},{"lineNumber":18,"author":{"gitId":"mavericktjj"},"content":"    public static void loadTasksFromFile(String filePath, TaskList taskList) {","lastModifiedDate":"2024-03-14"},{"lineNumber":19,"author":{"gitId":"mavericktjj"},"content":"        File file \u003d new File(filePath);","lastModifiedDate":"2024-03-14"},{"lineNumber":20,"author":{"gitId":"mavericktjj"},"content":"        if (file.exists()) {","lastModifiedDate":"2024-03-14"},{"lineNumber":21,"author":{"gitId":"mavericktjj"},"content":"            try (Scanner scanner \u003d new Scanner(file)) {","lastModifiedDate":"2024-03-14"},{"lineNumber":22,"author":{"gitId":"mavericktjj"},"content":"                while (scanner.hasNextLine()) {","lastModifiedDate":"2024-03-14"},{"lineNumber":23,"author":{"gitId":"mavericktjj"},"content":"                    String line \u003d scanner.nextLine();","lastModifiedDate":"2024-03-14"},{"lineNumber":24,"author":{"gitId":"mavericktjj"},"content":"                    Task task \u003d Parser.parseTaskFromString(line);","lastModifiedDate":"2024-03-14"},{"lineNumber":25,"author":{"gitId":"mavericktjj"},"content":"                    taskList.add(task);","lastModifiedDate":"2024-03-14"},{"lineNumber":26,"author":{"gitId":"mavericktjj"},"content":"","lastModifiedDate":"2024-03-14"},{"lineNumber":27,"author":{"gitId":"mavericktjj"},"content":"","lastModifiedDate":"2024-03-14"},{"lineNumber":28,"author":{"gitId":"mavericktjj"},"content":"                }","lastModifiedDate":"2024-03-14"},{"lineNumber":29,"author":{"gitId":"mavericktjj"},"content":"            } catch (IOException e) {","lastModifiedDate":"2024-03-14"},{"lineNumber":30,"author":{"gitId":"mavericktjj"},"content":"                System.out.println(\"Error reading the file\");","lastModifiedDate":"2024-03-14"},{"lineNumber":31,"author":{"gitId":"mavericktjj"},"content":"            }","lastModifiedDate":"2024-03-14"},{"lineNumber":32,"author":{"gitId":"mavericktjj"},"content":"        }","lastModifiedDate":"2024-03-14"},{"lineNumber":33,"author":{"gitId":"mavericktjj"},"content":"","lastModifiedDate":"2024-03-14"},{"lineNumber":34,"author":{"gitId":"mavericktjj"},"content":"    }","lastModifiedDate":"2024-03-14"},{"lineNumber":35,"author":{"gitId":"mavericktjj"},"content":"","lastModifiedDate":"2024-03-14"},{"lineNumber":36,"author":{"gitId":"mavericktjj"},"content":"","lastModifiedDate":"2024-03-14"},{"lineNumber":37,"author":{"gitId":"mavericktjj"},"content":"    public void saveTasks(TaskList taskList) {","lastModifiedDate":"2024-03-14"},{"lineNumber":38,"author":{"gitId":"mavericktjj"},"content":"        try (FileWriter writer \u003d new FileWriter(filePath)) {","lastModifiedDate":"2024-03-14"},{"lineNumber":39,"author":{"gitId":"mavericktjj"},"content":"            for (Task task : taskList.tasks) {","lastModifiedDate":"2024-03-14"},{"lineNumber":40,"author":{"gitId":"mavericktjj"},"content":"                String data \u003d TaskList.toFileStrings(task);","lastModifiedDate":"2024-03-14"},{"lineNumber":41,"author":{"gitId":"mavericktjj"},"content":"                writer.write(data + System.lineSeparator());","lastModifiedDate":"2024-03-14"},{"lineNumber":42,"author":{"gitId":"mavericktjj"},"content":"            }","lastModifiedDate":"2024-03-14"},{"lineNumber":43,"author":{"gitId":"mavericktjj"},"content":"        } catch (IOException e) {","lastModifiedDate":"2024-03-14"},{"lineNumber":44,"author":{"gitId":"mavericktjj"},"content":"            System.out.println(\"Error saving tasks to file\");","lastModifiedDate":"2024-03-14"},{"lineNumber":45,"author":{"gitId":"mavericktjj"},"content":"        }","lastModifiedDate":"2024-03-14"},{"lineNumber":46,"author":{"gitId":"mavericktjj"},"content":"    }","lastModifiedDate":"2024-03-14"},{"lineNumber":47,"author":{"gitId":"mavericktjj"},"content":"}","lastModifiedDate":"2024-03-14"}],"authorContributionMap":{"mavericktjj":47}},{"path":"src/main/java/Task.java","fileType":"java","lines":[{"lineNumber":1,"author":{"gitId":"mavericktjj"},"content":"public class Task {","lastModifiedDate":"2024-03-14"},{"lineNumber":2,"author":{"gitId":"mavericktjj"},"content":"    protected String description;","lastModifiedDate":"2024-03-14"},{"lineNumber":3,"author":{"gitId":"mavericktjj"},"content":"    protected boolean isDone;","lastModifiedDate":"2024-03-14"},{"lineNumber":4,"author":{"gitId":"mavericktjj"},"content":"","lastModifiedDate":"2024-03-14"},{"lineNumber":5,"author":{"gitId":"mavericktjj"},"content":"    public Task(String description) {","lastModifiedDate":"2024-03-14"},{"lineNumber":6,"author":{"gitId":"mavericktjj"},"content":"        this.description \u003d description;","lastModifiedDate":"2024-03-14"},{"lineNumber":7,"author":{"gitId":"mavericktjj"},"content":"        this.isDone \u003d false;","lastModifiedDate":"2024-03-14"},{"lineNumber":8,"author":{"gitId":"mavericktjj"},"content":"    }","lastModifiedDate":"2024-03-14"},{"lineNumber":9,"author":{"gitId":"mavericktjj"},"content":"","lastModifiedDate":"2024-03-14"},{"lineNumber":10,"author":{"gitId":"mavericktjj"},"content":"    public void markAsDone() {","lastModifiedDate":"2024-03-14"},{"lineNumber":11,"author":{"gitId":"mavericktjj"},"content":"        this.isDone \u003d true;","lastModifiedDate":"2024-03-14"},{"lineNumber":12,"author":{"gitId":"mavericktjj"},"content":"    }","lastModifiedDate":"2024-03-14"},{"lineNumber":13,"author":{"gitId":"mavericktjj"},"content":"","lastModifiedDate":"2024-03-14"},{"lineNumber":14,"author":{"gitId":"mavericktjj"},"content":"    @Override","lastModifiedDate":"2024-03-14"},{"lineNumber":15,"author":{"gitId":"mavericktjj"},"content":"    public String toString() {","lastModifiedDate":"2024-03-14"},{"lineNumber":16,"author":{"gitId":"mavericktjj"},"content":"        return (isDone ? \"[X] \" : \"[] \") + description;","lastModifiedDate":"2024-03-14"},{"lineNumber":17,"author":{"gitId":"mavericktjj"},"content":"    }","lastModifiedDate":"2024-03-14"},{"lineNumber":18,"author":{"gitId":"mavericktjj"},"content":"","lastModifiedDate":"2024-03-14"},{"lineNumber":19,"author":{"gitId":"mavericktjj"},"content":"}","lastModifiedDate":"2024-03-14"}],"authorContributionMap":{"mavericktjj":19}},{"path":"src/main/java/TaskList.java","fileType":"java","lines":[{"lineNumber":1,"author":{"gitId":"mavericktjj"},"content":"import java.util.ArrayList;","lastModifiedDate":"2024-03-14"},{"lineNumber":2,"author":{"gitId":"mavericktjj"},"content":"import java.util.List;","lastModifiedDate":"2024-03-14"},{"lineNumber":3,"author":{"gitId":"mavericktjj"},"content":"","lastModifiedDate":"2024-03-14"},{"lineNumber":4,"author":{"gitId":"mavericktjj"},"content":"public class TaskList {","lastModifiedDate":"2024-03-14"},{"lineNumber":5,"author":{"gitId":"mavericktjj"},"content":"    final List\u003cTask\u003e tasks;","lastModifiedDate":"2024-03-14"},{"lineNumber":6,"author":{"gitId":"mavericktjj"},"content":"","lastModifiedDate":"2024-03-14"},{"lineNumber":7,"author":{"gitId":"mavericktjj"},"content":"    public TaskList() {","lastModifiedDate":"2024-03-14"},{"lineNumber":8,"author":{"gitId":"mavericktjj"},"content":"        this.tasks \u003d new ArrayList\u003c\u003e();","lastModifiedDate":"2024-03-14"},{"lineNumber":9,"author":{"gitId":"mavericktjj"},"content":"    }","lastModifiedDate":"2024-03-14"},{"lineNumber":10,"author":{"gitId":"mavericktjj"},"content":"","lastModifiedDate":"2024-03-14"},{"lineNumber":11,"author":{"gitId":"mavericktjj"},"content":"    public void add(Task task) {","lastModifiedDate":"2024-03-14"},{"lineNumber":12,"author":{"gitId":"mavericktjj"},"content":"        tasks.add(task);","lastModifiedDate":"2024-03-14"},{"lineNumber":13,"author":{"gitId":"mavericktjj"},"content":"","lastModifiedDate":"2024-03-14"},{"lineNumber":14,"author":{"gitId":"mavericktjj"},"content":"    }","lastModifiedDate":"2024-03-14"},{"lineNumber":15,"author":{"gitId":"mavericktjj"},"content":"","lastModifiedDate":"2024-03-14"},{"lineNumber":16,"author":{"gitId":"mavericktjj"},"content":"    public Task remove(int index) {","lastModifiedDate":"2024-03-14"},{"lineNumber":17,"author":{"gitId":"mavericktjj"},"content":"        tasks.remove(index);","lastModifiedDate":"2024-03-14"},{"lineNumber":18,"author":{"gitId":"mavericktjj"},"content":"","lastModifiedDate":"2024-03-14"},{"lineNumber":19,"author":{"gitId":"mavericktjj"},"content":"        return null;","lastModifiedDate":"2024-03-14"},{"lineNumber":20,"author":{"gitId":"mavericktjj"},"content":"    }","lastModifiedDate":"2024-03-14"},{"lineNumber":21,"author":{"gitId":"mavericktjj"},"content":"    public int size() {","lastModifiedDate":"2024-03-14"},{"lineNumber":22,"author":{"gitId":"mavericktjj"},"content":"        return tasks.size();","lastModifiedDate":"2024-03-14"},{"lineNumber":23,"author":{"gitId":"mavericktjj"},"content":"    }","lastModifiedDate":"2024-03-14"},{"lineNumber":24,"author":{"gitId":"mavericktjj"},"content":"","lastModifiedDate":"2024-03-14"},{"lineNumber":25,"author":{"gitId":"mavericktjj"},"content":"    public Task get(int index) {","lastModifiedDate":"2024-03-14"},{"lineNumber":26,"author":{"gitId":"mavericktjj"},"content":"        return tasks.get(index);","lastModifiedDate":"2024-03-14"},{"lineNumber":27,"author":{"gitId":"mavericktjj"},"content":"    }","lastModifiedDate":"2024-03-14"},{"lineNumber":28,"author":{"gitId":"mavericktjj"},"content":"","lastModifiedDate":"2024-03-14"},{"lineNumber":29,"author":{"gitId":"mavericktjj"},"content":"    public static String toFileStrings(Task task) {","lastModifiedDate":"2024-03-14"},{"lineNumber":30,"author":{"gitId":"mavericktjj"},"content":"        if (task instanceof Deadline) {","lastModifiedDate":"2024-03-14"},{"lineNumber":31,"author":{"gitId":"mavericktjj"},"content":"            Deadline deadline \u003d (Deadline) task;","lastModifiedDate":"2024-03-14"},{"lineNumber":32,"author":{"gitId":"mavericktjj"},"content":"            return \"D|\" + deadline.description + \"|\" + deadline.isDone + \"|\" + deadline.by;","lastModifiedDate":"2024-03-14"},{"lineNumber":33,"author":{"gitId":"mavericktjj"},"content":"        } else if (task instanceof Event) {","lastModifiedDate":"2024-03-14"},{"lineNumber":34,"author":{"gitId":"mavericktjj"},"content":"            Event event \u003d (Event) task;","lastModifiedDate":"2024-03-14"},{"lineNumber":35,"author":{"gitId":"mavericktjj"},"content":"            return \"E|\" + event.description + \"|\" + event.isDone + \"|\" + event.startTime + \"|\" + event.endTime;","lastModifiedDate":"2024-03-14"},{"lineNumber":36,"author":{"gitId":"mavericktjj"},"content":"        } else if (task instanceof Todo) {","lastModifiedDate":"2024-03-14"},{"lineNumber":37,"author":{"gitId":"mavericktjj"},"content":"            Todo todo \u003d (Todo) task;","lastModifiedDate":"2024-03-14"},{"lineNumber":38,"author":{"gitId":"mavericktjj"},"content":"            return \"T|\" + todo.description + \"|\" + todo.isDone;","lastModifiedDate":"2024-03-14"},{"lineNumber":39,"author":{"gitId":"mavericktjj"},"content":"        } else {","lastModifiedDate":"2024-03-14"},{"lineNumber":40,"author":{"gitId":"mavericktjj"},"content":"            return \"\";","lastModifiedDate":"2024-03-14"},{"lineNumber":41,"author":{"gitId":"mavericktjj"},"content":"        }","lastModifiedDate":"2024-03-14"},{"lineNumber":42,"author":{"gitId":"mavericktjj"},"content":"    }","lastModifiedDate":"2024-03-14"},{"lineNumber":43,"author":{"gitId":"mavericktjj"},"content":"}","lastModifiedDate":"2024-03-14"}],"authorContributionMap":{"mavericktjj":43}},{"path":"src/main/java/Todo.java","fileType":"java","lines":[{"lineNumber":1,"author":{"gitId":"mavericktjj"},"content":"public class Todo extends Task {","lastModifiedDate":"2024-03-14"},{"lineNumber":2,"author":{"gitId":"mavericktjj"},"content":"","lastModifiedDate":"2024-03-14"},{"lineNumber":3,"author":{"gitId":"mavericktjj"},"content":"    public Todo(String description) {","lastModifiedDate":"2024-03-14"},{"lineNumber":4,"author":{"gitId":"mavericktjj"},"content":"        super(description);","lastModifiedDate":"2024-03-14"},{"lineNumber":5,"author":{"gitId":"mavericktjj"},"content":"    }","lastModifiedDate":"2024-03-14"},{"lineNumber":6,"author":{"gitId":"mavericktjj"},"content":"","lastModifiedDate":"2024-03-14"},{"lineNumber":7,"author":{"gitId":"mavericktjj"},"content":"","lastModifiedDate":"2024-03-14"},{"lineNumber":8,"author":{"gitId":"mavericktjj"},"content":"    @Override","lastModifiedDate":"2024-03-14"},{"lineNumber":9,"author":{"gitId":"mavericktjj"},"content":"    public String toString() {","lastModifiedDate":"2024-03-14"},{"lineNumber":10,"author":{"gitId":"mavericktjj"},"content":"        return \"[T]\" + super.toString();","lastModifiedDate":"2024-03-14"},{"lineNumber":11,"author":{"gitId":"mavericktjj"},"content":"    }","lastModifiedDate":"2024-03-14"},{"lineNumber":12,"author":{"gitId":"mavericktjj"},"content":"}","lastModifiedDate":"2024-03-14"}],"authorContributionMap":{"mavericktjj":12}},{"path":"src/main/java/Ui.java","fileType":"java","lines":[{"lineNumber":1,"author":{"gitId":"mavericktjj"},"content":"import java.util.Scanner;","lastModifiedDate":"2024-03-14"},{"lineNumber":2,"author":{"gitId":"mavericktjj"},"content":"","lastModifiedDate":"2024-03-14"},{"lineNumber":3,"author":{"gitId":"mavericktjj"},"content":"public class Ui {","lastModifiedDate":"2024-03-14"},{"lineNumber":4,"author":{"gitId":"mavericktjj"},"content":"","lastModifiedDate":"2024-03-14"},{"lineNumber":5,"author":{"gitId":"mavericktjj"},"content":"    public void showWelcomeMessage() {","lastModifiedDate":"2024-03-14"},{"lineNumber":6,"author":{"gitId":"mavericktjj"},"content":"        System.out.println(\"Hello! I\u0027m Maverick\");","lastModifiedDate":"2024-03-14"},{"lineNumber":7,"author":{"gitId":"mavericktjj"},"content":"        System.out.println(\"What can I do for you?\");","lastModifiedDate":"2024-03-14"},{"lineNumber":8,"author":{"gitId":"mavericktjj"},"content":"    }","lastModifiedDate":"2024-03-14"},{"lineNumber":9,"author":{"gitId":"mavericktjj"},"content":"","lastModifiedDate":"2024-03-14"},{"lineNumber":10,"author":{"gitId":"mavericktjj"},"content":"    public String getUserInput() {","lastModifiedDate":"2024-03-14"},{"lineNumber":11,"author":{"gitId":"mavericktjj"},"content":"        Scanner scanner \u003d new Scanner(System.in);","lastModifiedDate":"2024-03-14"},{"lineNumber":12,"author":{"gitId":"mavericktjj"},"content":"        return scanner.nextLine();","lastModifiedDate":"2024-03-14"},{"lineNumber":13,"author":{"gitId":"mavericktjj"},"content":"    }","lastModifiedDate":"2024-03-14"},{"lineNumber":14,"author":{"gitId":"mavericktjj"},"content":"","lastModifiedDate":"2024-03-14"},{"lineNumber":15,"author":{"gitId":"mavericktjj"},"content":"    public void showTaskList(TaskList taskList) {","lastModifiedDate":"2024-03-14"},{"lineNumber":16,"author":{"gitId":"mavericktjj"},"content":"        if (taskList.size() \u003d\u003d 0) {","lastModifiedDate":"2024-03-14"},{"lineNumber":17,"author":{"gitId":"mavericktjj"},"content":"            System.out.println(\"No tasks added yet.\");","lastModifiedDate":"2024-03-14"},{"lineNumber":18,"author":{"gitId":"mavericktjj"},"content":"        } else {","lastModifiedDate":"2024-03-14"},{"lineNumber":19,"author":{"gitId":"mavericktjj"},"content":"            System.out.println(\"Tasks:\");","lastModifiedDate":"2024-03-14"},{"lineNumber":20,"author":{"gitId":"mavericktjj"},"content":"            for (int i \u003d 0; i \u003c taskList.size(); i++) {","lastModifiedDate":"2024-03-14"},{"lineNumber":21,"author":{"gitId":"mavericktjj"},"content":"                System.out.printf(\"%d. %s\\n\", i + 1, taskList.get(i));","lastModifiedDate":"2024-03-14"},{"lineNumber":22,"author":{"gitId":"mavericktjj"},"content":"            }","lastModifiedDate":"2024-03-14"},{"lineNumber":23,"author":{"gitId":"mavericktjj"},"content":"        }","lastModifiedDate":"2024-03-14"},{"lineNumber":24,"author":{"gitId":"mavericktjj"},"content":"    }","lastModifiedDate":"2024-03-14"},{"lineNumber":25,"author":{"gitId":"mavericktjj"},"content":"","lastModifiedDate":"2024-03-14"},{"lineNumber":26,"author":{"gitId":"mavericktjj"},"content":"    public void showTaskAdded(Task task, int totalTasks) {","lastModifiedDate":"2024-03-14"},{"lineNumber":27,"author":{"gitId":"mavericktjj"},"content":"        System.out.println(\"Got it. I\u0027ve added this task:\");","lastModifiedDate":"2024-03-14"},{"lineNumber":28,"author":{"gitId":"mavericktjj"},"content":"        System.out.println(task);","lastModifiedDate":"2024-03-14"},{"lineNumber":29,"author":{"gitId":"mavericktjj"},"content":"        System.out.printf(\"Now you have %d tasks in the list.\\n\", totalTasks);","lastModifiedDate":"2024-03-14"},{"lineNumber":30,"author":{"gitId":"mavericktjj"},"content":"    }","lastModifiedDate":"2024-03-14"},{"lineNumber":31,"author":{"gitId":"mavericktjj"},"content":"","lastModifiedDate":"2024-03-14"},{"lineNumber":32,"author":{"gitId":"mavericktjj"},"content":"    public void showTaskMarkedAsDone(Task task) {","lastModifiedDate":"2024-03-14"},{"lineNumber":33,"author":{"gitId":"mavericktjj"},"content":"        System.out.println(\"Nice! I\u0027ve marked this task as done:\");","lastModifiedDate":"2024-03-14"},{"lineNumber":34,"author":{"gitId":"mavericktjj"},"content":"        System.out.println(task);","lastModifiedDate":"2024-03-14"},{"lineNumber":35,"author":{"gitId":"mavericktjj"},"content":"    }","lastModifiedDate":"2024-03-14"},{"lineNumber":36,"author":{"gitId":"mavericktjj"},"content":"","lastModifiedDate":"2024-03-14"},{"lineNumber":37,"author":{"gitId":"mavericktjj"},"content":"    public void showTaskDeleted(Task task, int remainingTasks) {","lastModifiedDate":"2024-03-14"},{"lineNumber":38,"author":{"gitId":"mavericktjj"},"content":"        System.out.println(\"Noted. I\u0027ve removed this task:\");","lastModifiedDate":"2024-03-14"},{"lineNumber":39,"author":{"gitId":"mavericktjj"},"content":"        System.out.printf(\"Now you have %d tasks in the list.\\n\", remainingTasks);","lastModifiedDate":"2024-03-14"},{"lineNumber":40,"author":{"gitId":"mavericktjj"},"content":"    }","lastModifiedDate":"2024-03-14"},{"lineNumber":41,"author":{"gitId":"mavericktjj"},"content":"","lastModifiedDate":"2024-03-14"},{"lineNumber":42,"author":{"gitId":"mavericktjj"},"content":"    public void showGoodbyeMessage() {","lastModifiedDate":"2024-03-14"},{"lineNumber":43,"author":{"gitId":"mavericktjj"},"content":"        System.out.println(\"Bye. Hope to see you again soon!\");","lastModifiedDate":"2024-03-14"},{"lineNumber":44,"author":{"gitId":"mavericktjj"},"content":"    }","lastModifiedDate":"2024-03-14"},{"lineNumber":45,"author":{"gitId":"mavericktjj"},"content":"","lastModifiedDate":"2024-03-14"},{"lineNumber":46,"author":{"gitId":"mavericktjj"},"content":"    public void showInvalidCommandMessage() {","lastModifiedDate":"2024-03-14"},{"lineNumber":47,"author":{"gitId":"mavericktjj"},"content":"        System.out.println(\"Sorry, I don\u0027t understand that command.\");","lastModifiedDate":"2024-03-14"},{"lineNumber":48,"author":{"gitId":"mavericktjj"},"content":"    }","lastModifiedDate":"2024-03-14"},{"lineNumber":49,"author":{"gitId":"mavericktjj"},"content":"","lastModifiedDate":"2024-03-14"},{"lineNumber":50,"author":{"gitId":"mavericktjj"},"content":"    public void showDuplicateMessage() {","lastModifiedDate":"2024-03-14"},{"lineNumber":51,"author":{"gitId":"mavericktjj"},"content":"        System.out.println(\"Description already exists in the list\");","lastModifiedDate":"2024-03-14"},{"lineNumber":52,"author":{"gitId":"mavericktjj"},"content":"    }","lastModifiedDate":"2024-03-14"},{"lineNumber":53,"author":{"gitId":"mavericktjj"},"content":"","lastModifiedDate":"2024-03-14"},{"lineNumber":54,"author":{"gitId":"mavericktjj"},"content":"","lastModifiedDate":"2024-03-14"},{"lineNumber":55,"author":{"gitId":"mavericktjj"},"content":"}","lastModifiedDate":"2024-03-14"},{"lineNumber":56,"author":{"gitId":"mavericktjj"},"content":"","lastModifiedDate":"2024-03-14"}],"authorContributionMap":{"mavericktjj":56}},{"path":"src/main/java/data/tasks.txt","fileType":"txt","lines":[{"lineNumber":1,"author":{"gitId":"mavericktjj"},"content":"T|task1|false","lastModifiedDate":"2024-03-14"},{"lineNumber":2,"author":{"gitId":"mavericktjj"},"content":"T|task2|false","lastModifiedDate":"2024-03-14"},{"lineNumber":3,"author":{"gitId":"mavericktjj"},"content":"E|task3|false|3pm|4pm","lastModifiedDate":"2024-03-14"}],"authorContributionMap":{"mavericktjj":3}}]
