{"authorDailyContributionsMap":{"mavericktjj":[{"date":"2024-01-31","commitResults":[{"hash":"4dc04e09e5bf23cea772d17ca256bd14d100f7f0","isMergeCommit":false,"messageTitle":"Update Duke.java","messageBody":"Level-0\n","fileTypesAndContributionMap":{"java":{"insertions":20,"deletions":0}}},{"hash":"6a53dca0ac3429b299a1d021c8ea54cb218c4fd2","isMergeCommit":false,"messageTitle":"Level-0","messageBody":"","tags":["Level-0"],"fileTypesAndContributionMap":{"java":{"insertions":1,"deletions":1}}},{"hash":"82bdd1a4ef4493bfbbccfe66dd382f551d1c997b","isMergeCommit":false,"messageTitle":"Level-1","messageBody":"","tags":["Level-1"],"fileTypesAndContributionMap":{"java":{"insertions":17,"deletions":14}}},{"hash":"bb41101e205d490d86bb7213612b1db8295d6e29","isMergeCommit":false,"messageTitle":"Level-2","messageBody":"","tags":["Level-2"],"fileTypesAndContributionMap":{"java":{"insertions":31,"deletions":13}}},{"hash":"f55cbf3d6c55919d04e81cc18e0d0a784a8714f9","isMergeCommit":false,"messageTitle":"Revert \"Level-2\"","messageBody":"This reverts commit bb41101e205d490d86bb7213612b1db8295d6e29.\n","fileTypesAndContributionMap":{"java":{"insertions":13,"deletions":31}}}]},{"date":"2024-02-08","commitResults":[{"hash":"26d6eba72fcaf6d66986a5cd4c4372be75cc16ff","isMergeCommit":false,"messageTitle":"Level-3","messageBody":"","tags":["Level-3"],"fileTypesAndContributionMap":{"java":{"insertions":69,"deletions":11}}}]},{"date":"2024-02-16","commitResults":[{"hash":"9cbe53a5852329a2800c3e4fa3995d34a69e8107","isMergeCommit":false,"messageTitle":"Level-4","messageBody":"","fileTypesAndContributionMap":{"java":{"insertions":85,"deletions":2}}}]}]},"authorFileTypeContributionMap":{"mavericktjj":{"java":163,"md":0,"fxml":0,"sh":0,"bat":0,"gradle":0,"txt":0}},"authorContributionVariance":{"mavericktjj":938.6466},"authorDisplayNameMap":{"mavericktjj":"TAY ..RICK"}}
