{"authorDailyContributionsMap":{"mavericktjj":[{"date":"2024-01-31","commitResults":[{"hash":"4dc04e09e5bf23cea772d17ca256bd14d100f7f0","isMergeCommit":false,"messageTitle":"Update Duke.java","messageBody":"Level-0\n","fileTypesAndContributionMap":{"java":{"insertions":20,"deletions":0}}},{"hash":"6a53dca0ac3429b299a1d021c8ea54cb218c4fd2","isMergeCommit":false,"messageTitle":"Level-0","messageBody":"","tags":["Level-0"],"fileTypesAndContributionMap":{"java":{"insertions":1,"deletions":1}}},{"hash":"82bdd1a4ef4493bfbbccfe66dd382f551d1c997b","isMergeCommit":false,"messageTitle":"Level-1","messageBody":"","tags":["Level-1"],"fileTypesAndContributionMap":{"java":{"insertions":17,"deletions":14}}},{"hash":"bb41101e205d490d86bb7213612b1db8295d6e29","isMergeCommit":false,"messageTitle":"Level-2","messageBody":"","tags":["Level-2"],"fileTypesAndContributionMap":{"java":{"insertions":31,"deletions":13}}},{"hash":"f55cbf3d6c55919d04e81cc18e0d0a784a8714f9","isMergeCommit":false,"messageTitle":"Revert \"Level-2\"","messageBody":"This reverts commit bb41101e205d490d86bb7213612b1db8295d6e29.\n","fileTypesAndContributionMap":{"java":{"insertions":13,"deletions":31}}}]},{"date":"2024-02-08","commitResults":[{"hash":"26d6eba72fcaf6d66986a5cd4c4372be75cc16ff","isMergeCommit":false,"messageTitle":"Level-3","messageBody":"","tags":["Level-3"],"fileTypesAndContributionMap":{"java":{"insertions":69,"deletions":11}}}]},{"date":"2024-02-16","commitResults":[{"hash":"9cbe53a5852329a2800c3e4fa3995d34a69e8107","isMergeCommit":false,"messageTitle":"Level-4","messageBody":"","tags":["Level-4"],"fileTypesAndContributionMap":{"java":{"insertions":85,"deletions":2}}}]},{"date":"2024-02-23","commitResults":[{"hash":"a74d218d6b29c0ba1a8cd900a318227a6d5debff","isMergeCommit":false,"messageTitle":"Level-5","messageBody":"","tags":["Level-5"],"fileTypesAndContributionMap":{"java":{"insertions":124,"deletions":41}}}]},{"date":"2024-03-06","commitResults":[{"hash":"a053387c4cca110b1379810c9db770bca0e670ea","isMergeCommit":false,"messageTitle":"Level-6","messageBody":"","tags":["Level-6"],"fileTypesAndContributionMap":{"java":{"insertions":37,"deletions":12}}}]},{"date":"2024-03-14","commitResults":[{"hash":"4629de1af655d576c4ec5f86e4a0dc0e2b527079","isMergeCommit":false,"messageTitle":"branch-Level-7","messageBody":"","tags":["Level-7"],"fileTypesAndContributionMap":{"txt":{"insertions":4,"deletions":0},"java":{"insertions":389,"deletions":260}}}]},{"date":"2024-03-22","commitResults":[{"hash":"377000aea5bdcb0c23bb17c15c6a7fbcc42f42d7","isMergeCommit":true,"messageTitle":"Merge pull request #1 from mavericktjj/add-gradle-support","messageBody":"Add gradle support","fileTypesAndContributionMap":{}}]},{"date":"2024-03-28","commitResults":[{"hash":"07351b8f9646c1d74c240ad10c5c24822f490a29","isMergeCommit":false,"messageTitle":"Level-8","messageBody":"","fileTypesAndContributionMap":{"gradle":{"insertions":4,"deletions":1},"txt":{"insertions":13,"deletions":0},"java":{"insertions":793,"deletions":94}}},{"hash":"2aebcbae4d4c97a068290afe7d8a984d6ac00a2e","isMergeCommit":false,"messageTitle":"Level-9","messageBody":"","fileTypesAndContributionMap":{"txt":{"insertions":4,"deletions":15},"java":{"insertions":13,"deletions":35}}}]},{"date":"2024-04-01","commitResults":[{"hash":"229c04fe0d032c281cf926711c780527babf6d6d","isMergeCommit":false,"messageTitle":"Level-9 (reformated-code)","messageBody":"","tags":["Level-9-(reformated-code)"],"fileTypesAndContributionMap":{"java":{"insertions":19,"deletions":64}}}]},{"date":"2024-04-03","commitResults":[{"hash":"b1c07d4e944d00cb7d8532ebcbafc9714dea6996","isMergeCommit":false,"messageTitle":"Level-10","messageBody":"","tags":["v0.1"],"fileTypesAndContributionMap":{"gradle":{"insertions":16,"deletions":1},"java":{"insertions":281,"deletions":144}}}]}]},"authorFileTypeContributionMap":{"mavericktjj":{"java":1180,"md":0,"fxml":0,"sh":0,"bat":0,"gradle":19,"txt":6}},"authorContributionVariance":{"mavericktjj":19345.963},"authorDisplayNameMap":{"mavericktjj":"TAY ..RICK"}}
