[{"path":"README1.md","fileType":"md","lines":[{"lineNumber":1,"author":{"gitId":"Pc1234321"},"content":"# Duke project template","lastModifiedDate":"2024-02-03"},{"lineNumber":2,"author":{"gitId":"Pc1234321"},"content":"","lastModifiedDate":"2024-02-03"},{"lineNumber":3,"author":{"gitId":"Pc1234321"},"content":"This is a project template for a greenfield Java project. It\u0027s named after the Java mascot _Duke_. Given below are instructions on how to use it.","lastModifiedDate":"2024-02-03"},{"lineNumber":4,"author":{"gitId":"Pc1234321"},"content":"","lastModifiedDate":"2024-02-03"},{"lineNumber":5,"author":{"gitId":"Pc1234321"},"content":"## Setting up in Intellij","lastModifiedDate":"2024-02-03"},{"lineNumber":6,"author":{"gitId":"Pc1234321"},"content":"","lastModifiedDate":"2024-02-03"},{"lineNumber":7,"author":{"gitId":"Pc1234321"},"content":"Prerequisites: JDK 11, update Intellij to the most recent version.","lastModifiedDate":"2024-02-03"},{"lineNumber":8,"author":{"gitId":"Pc1234321"},"content":"","lastModifiedDate":"2024-02-03"},{"lineNumber":9,"author":{"gitId":"Pc1234321"},"content":"1. Open Intellij (if you are not in the welcome screen, click `File` \u003e `Close Project` to close the existing project first)","lastModifiedDate":"2024-02-03"},{"lineNumber":10,"author":{"gitId":"Pc1234321"},"content":"1. Open the project into Intellij as follows:","lastModifiedDate":"2024-02-03"},{"lineNumber":11,"author":{"gitId":"Pc1234321"},"content":"   1. Click `Open`.","lastModifiedDate":"2024-02-03"},{"lineNumber":12,"author":{"gitId":"Pc1234321"},"content":"   1. Select the project directory, and click `OK`.","lastModifiedDate":"2024-02-03"},{"lineNumber":13,"author":{"gitId":"Pc1234321"},"content":"   1. If there are any further prompts, accept the defaults.","lastModifiedDate":"2024-02-03"},{"lineNumber":14,"author":{"gitId":"Pc1234321"},"content":"1. Configure the project to use **JDK 11** (not other versions) as explained in [here](https://www.jetbrains.com/help/idea/sdk.html#set-up-jdk).\u003cbr\u003e","lastModifiedDate":"2024-02-03"},{"lineNumber":15,"author":{"gitId":"Pc1234321"},"content":"   In the same dialog, set the **Project language level** field to the `SDK default` option.","lastModifiedDate":"2024-02-03"},{"lineNumber":16,"author":{"gitId":"Pc1234321"},"content":"3. After that, locate the `src/main/java/Duke.java` file, right-click it, and choose `Run Duke.main()` (if the code editor is showing compile errors, try restarting the IDE). If the setup is correct, you should see something like the below as the output:","lastModifiedDate":"2024-02-03"},{"lineNumber":17,"author":{"gitId":"Pc1234321"},"content":"   ```","lastModifiedDate":"2024-02-03"},{"lineNumber":18,"author":{"gitId":"Pc1234321"},"content":"   Hello from","lastModifiedDate":"2024-02-03"},{"lineNumber":19,"author":{"gitId":"Pc1234321"},"content":"    ____        _        ","lastModifiedDate":"2024-02-03"},{"lineNumber":20,"author":{"gitId":"Pc1234321"},"content":"   |  _ \\ _   _| | _____ ","lastModifiedDate":"2024-02-03"},{"lineNumber":21,"author":{"gitId":"Pc1234321"},"content":"   | | | | | | | |/ / _ \\","lastModifiedDate":"2024-02-03"},{"lineNumber":22,"author":{"gitId":"Pc1234321"},"content":"   | |_| | |_| |   \u003c  __/","lastModifiedDate":"2024-02-03"},{"lineNumber":23,"author":{"gitId":"Pc1234321"},"content":"   |____/ \\__,_|_|\\_\\___|","lastModifiedDate":"2024-02-03"},{"lineNumber":24,"author":{"gitId":"Pc1234321"},"content":"   ```","lastModifiedDate":"2024-02-03"}],"authorContributionMap":{"Pc1234321":24}},{"path":"src/main/java/Deadline.java","fileType":"java","lines":[{"lineNumber":1,"author":{"gitId":"Pc1234321"},"content":"package src.main.java;","lastModifiedDate":"2024-02-03"},{"lineNumber":2,"author":{"gitId":"Pc1234321"},"content":"","lastModifiedDate":"2024-02-03"},{"lineNumber":3,"author":{"gitId":"Pc1234321"},"content":"public class Deadline extends Task{","lastModifiedDate":"2024-02-10"},{"lineNumber":4,"author":{"gitId":"Pc1234321"},"content":"    String by;","lastModifiedDate":"2024-02-10"},{"lineNumber":5,"author":{"gitId":"Pc1234321"},"content":"    public Deadline(String description, String by) {","lastModifiedDate":"2024-02-10"},{"lineNumber":6,"author":{"gitId":"Pc1234321"},"content":"        super(description);","lastModifiedDate":"2024-02-10"},{"lineNumber":7,"author":{"gitId":"Pc1234321"},"content":"        this.by \u003d by;","lastModifiedDate":"2024-02-10"},{"lineNumber":8,"author":{"gitId":"Pc1234321"},"content":"    }","lastModifiedDate":"2024-02-10"},{"lineNumber":9,"author":{"gitId":"Pc1234321"},"content":"    public String getBy() {","lastModifiedDate":"2024-02-17"},{"lineNumber":10,"author":{"gitId":"Pc1234321"},"content":"        return by;","lastModifiedDate":"2024-02-17"},{"lineNumber":11,"author":{"gitId":"Pc1234321"},"content":"    }","lastModifiedDate":"2024-02-17"},{"lineNumber":12,"author":{"gitId":"Pc1234321"},"content":"    @Override","lastModifiedDate":"2024-02-17"},{"lineNumber":13,"author":{"gitId":"Pc1234321"},"content":"    public String toString() {","lastModifiedDate":"2024-02-17"},{"lineNumber":14,"author":{"gitId":"Pc1234321"},"content":"        return super.toString() + \" (by: \" + by + \")\";","lastModifiedDate":"2024-02-17"},{"lineNumber":15,"author":{"gitId":"Pc1234321"},"content":"    }","lastModifiedDate":"2024-02-17"},{"lineNumber":16,"author":{"gitId":"Pc1234321"},"content":"}","lastModifiedDate":"2024-02-03"}],"authorContributionMap":{"Pc1234321":16}},{"path":"src/main/java/Duke.java","fileType":"java","lines":[{"lineNumber":1,"author":{"gitId":"Pc1234321"},"content":"import src.main.java.Deadline;","lastModifiedDate":"2024-02-17"},{"lineNumber":2,"author":{"gitId":"Pc1234321"},"content":"import src.main.java.Event;","lastModifiedDate":"2024-02-17"},{"lineNumber":3,"author":{"gitId":"Pc1234321"},"content":"import src.main.java.Task;","lastModifiedDate":"2024-02-03"},{"lineNumber":4,"author":{"gitId":"Pc1234321"},"content":"import src.main.java.DukeException;","lastModifiedDate":"2024-02-24"},{"lineNumber":5,"author":{"gitId":"Pc1234321"},"content":"","lastModifiedDate":"2024-02-03"},{"lineNumber":6,"author":{"gitId":"Pc1234321"},"content":"import java.util.Arrays;","lastModifiedDate":"2024-02-03"},{"lineNumber":7,"author":{"gitId":"Pc1234321"},"content":"import java.util.Scanner;","lastModifiedDate":"2024-02-03"},{"lineNumber":8,"author":{"gitId":"-"},"content":"public class Duke {","lastModifiedDate":"2019-07-29"},{"lineNumber":9,"author":{"gitId":"Pc1234321"},"content":"    private static Task[] todoList \u003d new Task[0];","lastModifiedDate":"2024-02-03"},{"lineNumber":10,"author":{"gitId":"Pc1234321"},"content":"    private static boolean format \u003d true;","lastModifiedDate":"2024-02-24"},{"lineNumber":11,"author":{"gitId":"Pc1234321"},"content":"","lastModifiedDate":"2024-02-03"},{"lineNumber":12,"author":{"gitId":"Pc1234321"},"content":"    public static void helpMenu(){","lastModifiedDate":"2024-02-10"},{"lineNumber":13,"author":{"gitId":"Pc1234321"},"content":"        System.out.println(\"**********************************************\");","lastModifiedDate":"2024-02-03"},{"lineNumber":14,"author":{"gitId":"Pc1234321"},"content":"        System.out.println(\"*        Please use following commands       *\");","lastModifiedDate":"2024-02-10"},{"lineNumber":15,"author":{"gitId":"Pc1234321"},"content":"        System.out.println(\"**********************************************\");","lastModifiedDate":"2024-02-10"},{"lineNumber":16,"author":{"gitId":"Pc1234321"},"content":"        System.out.println(\"* 1. todo itemName                           *\");","lastModifiedDate":"2024-02-10"},{"lineNumber":17,"author":{"gitId":"Pc1234321"},"content":"        System.out.println(\"* 2. event eventName /by Date                *\");","lastModifiedDate":"2024-02-10"},{"lineNumber":18,"author":{"gitId":"Pc1234321"},"content":"        System.out.println(\"* 3. deadline eventName /from Date /to Date  *\");","lastModifiedDate":"2024-02-10"},{"lineNumber":19,"author":{"gitId":"Pc1234321"},"content":"        System.out.println(\"* 4. mark/unmark itemNumber                  *\");","lastModifiedDate":"2024-02-10"},{"lineNumber":20,"author":{"gitId":"Pc1234321"},"content":"        System.out.println(\"* 5. list                                    *\");","lastModifiedDate":"2024-02-10"},{"lineNumber":21,"author":{"gitId":"Pc1234321"},"content":"        System.out.println(\"* 6. quit/bye             (To exit program)  *\");","lastModifiedDate":"2024-02-10"},{"lineNumber":22,"author":{"gitId":"Pc1234321"},"content":"        System.out.println(\"*                                            *\");","lastModifiedDate":"2024-02-03"},{"lineNumber":23,"author":{"gitId":"Pc1234321"},"content":"        System.out.println(\"**********************************************\");","lastModifiedDate":"2024-02-03"},{"lineNumber":24,"author":{"gitId":"Pc1234321"},"content":"    }","lastModifiedDate":"2024-02-03"},{"lineNumber":25,"author":{"gitId":"Pc1234321"},"content":"    public static void listMenu(){","lastModifiedDate":"2024-02-24"},{"lineNumber":26,"author":{"gitId":"Pc1234321"},"content":"        if(todoList.length \u003d\u003d 0){","lastModifiedDate":"2024-02-24"},{"lineNumber":27,"author":{"gitId":"Pc1234321"},"content":"            System.out.println(\"////////////////////////////////////////////\");","lastModifiedDate":"2024-02-24"},{"lineNumber":28,"author":{"gitId":"Pc1234321"},"content":"            System.out.println(\"//     You have nothing need to be done   //\");","lastModifiedDate":"2024-02-24"},{"lineNumber":29,"author":{"gitId":"Pc1234321"},"content":"            System.out.println(\"////////////////////////////////////////////\");","lastModifiedDate":"2024-02-24"},{"lineNumber":30,"author":{"gitId":"Pc1234321"},"content":"        }else{","lastModifiedDate":"2024-02-24"},{"lineNumber":31,"author":{"gitId":"Pc1234321"},"content":"            System.out.println(\"////////////////////////////////////////////\");","lastModifiedDate":"2024-02-03"},{"lineNumber":32,"author":{"gitId":"Pc1234321"},"content":"            System.out.println(\"//  Here are the things need to follow up //\");","lastModifiedDate":"2024-02-03"},{"lineNumber":33,"author":{"gitId":"Pc1234321"},"content":"            System.out.println(\"////////////////////////////////////////////\");","lastModifiedDate":"2024-02-03"},{"lineNumber":34,"author":{"gitId":"Pc1234321"},"content":"            for(int i \u003d 0; i \u003c todoList.length; i++){","lastModifiedDate":"2024-02-03"},{"lineNumber":35,"author":{"gitId":"Pc1234321"},"content":"                String status \u003d todoList[i].getStatusIcon();","lastModifiedDate":"2024-02-10"},{"lineNumber":36,"author":{"gitId":"Pc1234321"},"content":"                Character type \u003d todoList[i].getEventType();","lastModifiedDate":"2024-02-10"},{"lineNumber":37,"author":{"gitId":"Pc1234321"},"content":"                String from \u003d todoList[i].getFrom();","lastModifiedDate":"2024-02-17"},{"lineNumber":38,"author":{"gitId":"Pc1234321"},"content":"                String by \u003d todoList[i].getBy();","lastModifiedDate":"2024-02-17"},{"lineNumber":39,"author":{"gitId":"Pc1234321"},"content":"                if(type.equals(\u0027T\u0027)){","lastModifiedDate":"2024-02-17"},{"lineNumber":40,"author":{"gitId":"Pc1234321"},"content":"                    System.out.println(\"[\"+ type +\"]\"+ \"[\"+ status +\"]\" +\" \"+ (i+1) +\".\"+ todoList[i].getTaskName());","lastModifiedDate":"2024-02-10"},{"lineNumber":41,"author":{"gitId":"Pc1234321"},"content":"                }else if(type.equals(\u0027E\u0027)){","lastModifiedDate":"2024-02-17"},{"lineNumber":42,"author":{"gitId":"Pc1234321"},"content":"                    System.out.println(\"[\"+ type +\"]\"+ \"[\"+ status +\"]\" +\" \"+ (i+1) +\".\"+ todoList[i].getTaskName() +","lastModifiedDate":"2024-02-17"},{"lineNumber":43,"author":{"gitId":"Pc1234321"},"content":"                            \" ( From: \" + from + \" To: \" + by + \")\");","lastModifiedDate":"2024-02-17"},{"lineNumber":44,"author":{"gitId":"Pc1234321"},"content":"                }else if(type.equals(\u0027D\u0027)){","lastModifiedDate":"2024-02-17"},{"lineNumber":45,"author":{"gitId":"Pc1234321"},"content":"                    System.out.println(\"[\"+ type +\"]\"+ \"[\"+ status +\"]\" +\" \"+ (i+1) +\".\"+ todoList[i].getTaskName() +","lastModifiedDate":"2024-02-17"},{"lineNumber":46,"author":{"gitId":"Pc1234321"},"content":"                            \" ( By: \" + by + \")\");","lastModifiedDate":"2024-02-17"},{"lineNumber":47,"author":{"gitId":"Pc1234321"},"content":"                }","lastModifiedDate":"2024-02-17"},{"lineNumber":48,"author":{"gitId":"Pc1234321"},"content":"            }","lastModifiedDate":"2024-02-03"},{"lineNumber":49,"author":{"gitId":"Pc1234321"},"content":"            System.out.println(\"                                            \");","lastModifiedDate":"2024-02-03"},{"lineNumber":50,"author":{"gitId":"Pc1234321"},"content":"            System.out.println(\"\u003d\u003d\u003d\u003d\u003d\u003d\u003d\u003d\u003d\u003d\u003d\u003d\u003d\u003d\u003d\u003d\u003d\u003d\u003d\u003d\u003d\u003d\u003d\u003d\u003d\u003d\u003d\u003d\u003d\u003d\u003d\u003d\u003d\u003d\u003d\u003d\u003d\u003d\u003d\u003d\u003d\u003d\u003d\u003d\");","lastModifiedDate":"2024-02-03"},{"lineNumber":51,"author":{"gitId":"Pc1234321"},"content":"        }","lastModifiedDate":"2024-02-03"},{"lineNumber":52,"author":{"gitId":"Pc1234321"},"content":"","lastModifiedDate":"2024-02-03"},{"lineNumber":53,"author":{"gitId":"Pc1234321"},"content":"    }","lastModifiedDate":"2024-02-24"},{"lineNumber":54,"author":{"gitId":"Pc1234321"},"content":"    //Error handler","lastModifiedDate":"2024-02-24"},{"lineNumber":55,"author":{"gitId":"Pc1234321"},"content":"    public static String checkUserInput(String userInput) {","lastModifiedDate":"2024-02-24"},{"lineNumber":56,"author":{"gitId":"Pc1234321"},"content":"        String[] wordList \u003d userInput.split(\" \");","lastModifiedDate":"2024-02-24"},{"lineNumber":57,"author":{"gitId":"Pc1234321"},"content":"        try {","lastModifiedDate":"2024-02-24"},{"lineNumber":58,"author":{"gitId":"Pc1234321"},"content":"            if (wordList[0].equalsIgnoreCase(\"todo\")) {","lastModifiedDate":"2024-02-24"},{"lineNumber":59,"author":{"gitId":"Pc1234321"},"content":"                if(wordList.length \u003d\u003d 1){","lastModifiedDate":"2024-02-24"},{"lineNumber":60,"author":{"gitId":"Pc1234321"},"content":"                    throw new DukeException(\"Please give your task a name\");","lastModifiedDate":"2024-02-24"},{"lineNumber":61,"author":{"gitId":"Pc1234321"},"content":"                }else{","lastModifiedDate":"2024-02-24"},{"lineNumber":62,"author":{"gitId":"Pc1234321"},"content":"                    return null;// No error","lastModifiedDate":"2024-02-24"},{"lineNumber":63,"author":{"gitId":"Pc1234321"},"content":"                }","lastModifiedDate":"2024-02-24"},{"lineNumber":64,"author":{"gitId":"Pc1234321"},"content":"            }","lastModifiedDate":"2024-02-24"},{"lineNumber":65,"author":{"gitId":"Pc1234321"},"content":"            else if (wordList[0].equalsIgnoreCase(\"event\")) {","lastModifiedDate":"2024-02-24"},{"lineNumber":66,"author":{"gitId":"Pc1234321"},"content":"                if(wordList.length \u003d\u003d 1){","lastModifiedDate":"2024-02-24"},{"lineNumber":67,"author":{"gitId":"Pc1234321"},"content":"                    throw new DukeException(\"Please give your event a name\");","lastModifiedDate":"2024-02-24"},{"lineNumber":68,"author":{"gitId":"Pc1234321"},"content":"                }else{","lastModifiedDate":"2024-02-24"},{"lineNumber":69,"author":{"gitId":"Pc1234321"},"content":"                    boolean fromChecker \u003d false;","lastModifiedDate":"2024-02-24"},{"lineNumber":70,"author":{"gitId":"Pc1234321"},"content":"                    boolean toChecker \u003d false;","lastModifiedDate":"2024-02-24"},{"lineNumber":71,"author":{"gitId":"Pc1234321"},"content":"                    //Check From stage and to stage","lastModifiedDate":"2024-02-24"},{"lineNumber":72,"author":{"gitId":"Pc1234321"},"content":"                    for (int i \u003d 0; i \u003c wordList.length; i++) {","lastModifiedDate":"2024-02-24"},{"lineNumber":73,"author":{"gitId":"Pc1234321"},"content":"                        if(wordList[1].equalsIgnoreCase(\"/from\") ||","lastModifiedDate":"2024-02-24"},{"lineNumber":74,"author":{"gitId":"Pc1234321"},"content":"                                wordList[1].equalsIgnoreCase(\"/to\")){","lastModifiedDate":"2024-02-24"},{"lineNumber":75,"author":{"gitId":"Pc1234321"},"content":"                            throw new DukeException(\"Please give your event a name\");","lastModifiedDate":"2024-02-24"},{"lineNumber":76,"author":{"gitId":"Pc1234321"},"content":"                        }","lastModifiedDate":"2024-02-24"},{"lineNumber":77,"author":{"gitId":"Pc1234321"},"content":"                        else if(wordList[i].equalsIgnoreCase(\"/from\")){","lastModifiedDate":"2024-02-24"},{"lineNumber":78,"author":{"gitId":"Pc1234321"},"content":"                            if(i+1 \u003c wordList.length \u0026\u0026 !wordList[i+1].equalsIgnoreCase(\"/to\")){","lastModifiedDate":"2024-02-24"},{"lineNumber":79,"author":{"gitId":"Pc1234321"},"content":"                                fromChecker \u003d true;","lastModifiedDate":"2024-02-24"},{"lineNumber":80,"author":{"gitId":"Pc1234321"},"content":"                                continue;","lastModifiedDate":"2024-02-24"},{"lineNumber":81,"author":{"gitId":"Pc1234321"},"content":"                            }else{","lastModifiedDate":"2024-02-24"},{"lineNumber":82,"author":{"gitId":"Pc1234321"},"content":"                                throw new DukeException(\"Can you tell me about the start date of this event?\");","lastModifiedDate":"2024-02-24"},{"lineNumber":83,"author":{"gitId":"Pc1234321"},"content":"                            }","lastModifiedDate":"2024-02-24"},{"lineNumber":84,"author":{"gitId":"Pc1234321"},"content":"                        }","lastModifiedDate":"2024-02-24"},{"lineNumber":85,"author":{"gitId":"Pc1234321"},"content":"                        else if(wordList[i].equalsIgnoreCase(\"/to\")){","lastModifiedDate":"2024-02-24"},{"lineNumber":86,"author":{"gitId":"Pc1234321"},"content":"                            if(i+1 \u003c wordList.length \u0026\u0026 !wordList[i+1].equalsIgnoreCase(\"/from\")){","lastModifiedDate":"2024-02-24"},{"lineNumber":87,"author":{"gitId":"Pc1234321"},"content":"                                toChecker \u003d true;","lastModifiedDate":"2024-02-24"},{"lineNumber":88,"author":{"gitId":"Pc1234321"},"content":"                                continue;","lastModifiedDate":"2024-02-24"},{"lineNumber":89,"author":{"gitId":"Pc1234321"},"content":"                            }else{","lastModifiedDate":"2024-02-24"},{"lineNumber":90,"author":{"gitId":"Pc1234321"},"content":"                                throw new DukeException(\"Can you tell me about the end date of this event?\");","lastModifiedDate":"2024-02-24"},{"lineNumber":91,"author":{"gitId":"Pc1234321"},"content":"                            }","lastModifiedDate":"2024-02-24"},{"lineNumber":92,"author":{"gitId":"Pc1234321"},"content":"                        }","lastModifiedDate":"2024-02-24"},{"lineNumber":93,"author":{"gitId":"Pc1234321"},"content":"                    }","lastModifiedDate":"2024-02-24"},{"lineNumber":94,"author":{"gitId":"Pc1234321"},"content":"                    //Handle error","lastModifiedDate":"2024-02-24"},{"lineNumber":95,"author":{"gitId":"Pc1234321"},"content":"                    if(fromChecker \u003d\u003d false || toChecker \u003d\u003d false){","lastModifiedDate":"2024-02-24"},{"lineNumber":96,"author":{"gitId":"Pc1234321"},"content":"                        throw new DukeException(\"Your event format seems wrong, please try following pattern:\\n\" +","lastModifiedDate":"2024-02-24"},{"lineNumber":97,"author":{"gitId":"Pc1234321"},"content":"                                \"event + event Name + /from + Date + /to + Date\");","lastModifiedDate":"2024-02-24"},{"lineNumber":98,"author":{"gitId":"Pc1234321"},"content":"                    }else{","lastModifiedDate":"2024-02-24"},{"lineNumber":99,"author":{"gitId":"Pc1234321"},"content":"                        return null;","lastModifiedDate":"2024-02-24"},{"lineNumber":100,"author":{"gitId":"Pc1234321"},"content":"                    }","lastModifiedDate":"2024-02-24"},{"lineNumber":101,"author":{"gitId":"Pc1234321"},"content":"                }","lastModifiedDate":"2024-02-24"},{"lineNumber":102,"author":{"gitId":"Pc1234321"},"content":"","lastModifiedDate":"2024-02-24"},{"lineNumber":103,"author":{"gitId":"Pc1234321"},"content":"            }","lastModifiedDate":"2024-02-24"},{"lineNumber":104,"author":{"gitId":"Pc1234321"},"content":"            else if (wordList[0].equalsIgnoreCase(\"deadline\")) {","lastModifiedDate":"2024-02-24"},{"lineNumber":105,"author":{"gitId":"Pc1234321"},"content":"                if(wordList.length \u003d\u003d 1){","lastModifiedDate":"2024-02-24"},{"lineNumber":106,"author":{"gitId":"Pc1234321"},"content":"                    throw new DukeException(\"Please give your deadline a name\");","lastModifiedDate":"2024-02-24"},{"lineNumber":107,"author":{"gitId":"Pc1234321"},"content":"                }else{","lastModifiedDate":"2024-02-24"},{"lineNumber":108,"author":{"gitId":"Pc1234321"},"content":"","lastModifiedDate":"2024-02-24"},{"lineNumber":109,"author":{"gitId":"Pc1234321"},"content":"                    boolean byChecker \u003d false;","lastModifiedDate":"2024-02-24"},{"lineNumber":110,"author":{"gitId":"Pc1234321"},"content":"                    //Check From stage and to stage","lastModifiedDate":"2024-02-24"},{"lineNumber":111,"author":{"gitId":"Pc1234321"},"content":"                    for (int i \u003d 0; i \u003c wordList.length; i++) {","lastModifiedDate":"2024-02-24"},{"lineNumber":112,"author":{"gitId":"Pc1234321"},"content":"                        if(wordList[1].equalsIgnoreCase(\"/by\")){","lastModifiedDate":"2024-02-24"},{"lineNumber":113,"author":{"gitId":"Pc1234321"},"content":"                            throw new DukeException(\"Please give your deadline a name\");","lastModifiedDate":"2024-02-24"},{"lineNumber":114,"author":{"gitId":"Pc1234321"},"content":"                        }","lastModifiedDate":"2024-02-24"},{"lineNumber":115,"author":{"gitId":"Pc1234321"},"content":"                        else if(wordList[i].equalsIgnoreCase(\"/by\")){","lastModifiedDate":"2024-02-24"},{"lineNumber":116,"author":{"gitId":"Pc1234321"},"content":"                            if(i+1 \u003c wordList.length){","lastModifiedDate":"2024-02-24"},{"lineNumber":117,"author":{"gitId":"Pc1234321"},"content":"                                byChecker \u003d true;","lastModifiedDate":"2024-02-24"},{"lineNumber":118,"author":{"gitId":"Pc1234321"},"content":"                                break;","lastModifiedDate":"2024-02-24"},{"lineNumber":119,"author":{"gitId":"Pc1234321"},"content":"                            }else{","lastModifiedDate":"2024-02-24"},{"lineNumber":120,"author":{"gitId":"Pc1234321"},"content":"                                throw new DukeException(\"Can you tell me the due date?\");","lastModifiedDate":"2024-02-24"},{"lineNumber":121,"author":{"gitId":"Pc1234321"},"content":"                            }","lastModifiedDate":"2024-02-24"},{"lineNumber":122,"author":{"gitId":"Pc1234321"},"content":"                        }","lastModifiedDate":"2024-02-24"},{"lineNumber":123,"author":{"gitId":"Pc1234321"},"content":"                    }","lastModifiedDate":"2024-02-24"},{"lineNumber":124,"author":{"gitId":"Pc1234321"},"content":"","lastModifiedDate":"2024-02-24"},{"lineNumber":125,"author":{"gitId":"Pc1234321"},"content":"                    //Handle error","lastModifiedDate":"2024-02-24"},{"lineNumber":126,"author":{"gitId":"Pc1234321"},"content":"                    if(byChecker \u003d\u003d false){","lastModifiedDate":"2024-02-24"},{"lineNumber":127,"author":{"gitId":"Pc1234321"},"content":"                        throw new DukeException(\"Your deadline format seems wrong, please try following pattern:\\n\" +","lastModifiedDate":"2024-02-24"},{"lineNumber":128,"author":{"gitId":"Pc1234321"},"content":"                                \"deadline + deadline Name + /by + Date\");","lastModifiedDate":"2024-02-24"},{"lineNumber":129,"author":{"gitId":"Pc1234321"},"content":"                    }else{","lastModifiedDate":"2024-02-24"},{"lineNumber":130,"author":{"gitId":"Pc1234321"},"content":"                        return null;// No error","lastModifiedDate":"2024-02-24"},{"lineNumber":131,"author":{"gitId":"Pc1234321"},"content":"                    }","lastModifiedDate":"2024-02-24"},{"lineNumber":132,"author":{"gitId":"Pc1234321"},"content":"                }","lastModifiedDate":"2024-02-24"},{"lineNumber":133,"author":{"gitId":"Pc1234321"},"content":"","lastModifiedDate":"2024-02-24"},{"lineNumber":134,"author":{"gitId":"Pc1234321"},"content":"            }","lastModifiedDate":"2024-02-24"},{"lineNumber":135,"author":{"gitId":"Pc1234321"},"content":"            else if(wordList[0].equalsIgnoreCase(\"mark\") ||","lastModifiedDate":"2024-02-24"},{"lineNumber":136,"author":{"gitId":"Pc1234321"},"content":"                    wordList[0].equalsIgnoreCase(\"unmark\")){","lastModifiedDate":"2024-02-24"},{"lineNumber":137,"author":{"gitId":"Pc1234321"},"content":"                if(wordList.length \u003d\u003d 1){","lastModifiedDate":"2024-02-24"},{"lineNumber":138,"author":{"gitId":"Pc1234321"},"content":"                    throw new DukeException(\"Please tell me which task you would like to mark/unmark\");","lastModifiedDate":"2024-02-24"},{"lineNumber":139,"author":{"gitId":"Pc1234321"},"content":"                }else{","lastModifiedDate":"2024-02-24"},{"lineNumber":140,"author":{"gitId":"Pc1234321"},"content":"                    return null;// No error","lastModifiedDate":"2024-02-24"},{"lineNumber":141,"author":{"gitId":"Pc1234321"},"content":"                }","lastModifiedDate":"2024-02-24"},{"lineNumber":142,"author":{"gitId":"Pc1234321"},"content":"            }","lastModifiedDate":"2024-02-24"},{"lineNumber":143,"author":{"gitId":"Pc1234321"},"content":"            else if(wordList[0].equalsIgnoreCase(\"delete\")){","lastModifiedDate":"2024-02-24"},{"lineNumber":144,"author":{"gitId":"Pc1234321"},"content":"                if(wordList.length \u003d\u003d 1){","lastModifiedDate":"2024-02-24"},{"lineNumber":145,"author":{"gitId":"Pc1234321"},"content":"                    throw new DukeException(\"Please tell me which task you would like to delete\");","lastModifiedDate":"2024-02-24"},{"lineNumber":146,"author":{"gitId":"Pc1234321"},"content":"                }else{","lastModifiedDate":"2024-02-24"},{"lineNumber":147,"author":{"gitId":"Pc1234321"},"content":"                    return null;// No error","lastModifiedDate":"2024-02-24"},{"lineNumber":148,"author":{"gitId":"Pc1234321"},"content":"                }","lastModifiedDate":"2024-02-24"},{"lineNumber":149,"author":{"gitId":"Pc1234321"},"content":"            }","lastModifiedDate":"2024-02-24"},{"lineNumber":150,"author":{"gitId":"Pc1234321"},"content":"            else if(wordList[0].equalsIgnoreCase(\"list\") ||","lastModifiedDate":"2024-02-24"},{"lineNumber":151,"author":{"gitId":"Pc1234321"},"content":"                    wordList[0].equalsIgnoreCase(\"bye\")  ||","lastModifiedDate":"2024-02-24"},{"lineNumber":152,"author":{"gitId":"Pc1234321"},"content":"                    wordList[0].equalsIgnoreCase(\"quit\")  ){// Single command no need to check","lastModifiedDate":"2024-02-24"},{"lineNumber":153,"author":{"gitId":"Pc1234321"},"content":"                return null;","lastModifiedDate":"2024-02-24"},{"lineNumber":154,"author":{"gitId":"Pc1234321"},"content":"            }","lastModifiedDate":"2024-02-24"},{"lineNumber":155,"author":{"gitId":"Pc1234321"},"content":"            else {","lastModifiedDate":"2024-02-24"},{"lineNumber":156,"author":{"gitId":"Pc1234321"},"content":"                format \u003d false;","lastModifiedDate":"2024-02-24"},{"lineNumber":157,"author":{"gitId":"Pc1234321"},"content":"                throw new DukeException(\"I don\u0027t get it, I prepared following functions for you.\");","lastModifiedDate":"2024-02-24"},{"lineNumber":158,"author":{"gitId":"Pc1234321"},"content":"            }","lastModifiedDate":"2024-02-24"},{"lineNumber":159,"author":{"gitId":"Pc1234321"},"content":"        } catch (DukeException e) {","lastModifiedDate":"2024-02-24"},{"lineNumber":160,"author":{"gitId":"Pc1234321"},"content":"            return e.getMessage();// Return the error message","lastModifiedDate":"2024-02-24"},{"lineNumber":161,"author":{"gitId":"Pc1234321"},"content":"        }","lastModifiedDate":"2024-02-24"},{"lineNumber":162,"author":{"gitId":"Pc1234321"},"content":"    }","lastModifiedDate":"2024-02-24"},{"lineNumber":163,"author":{"gitId":"Pc1234321"},"content":"    //Add string array function","lastModifiedDate":"2024-02-03"},{"lineNumber":164,"author":{"gitId":"Pc1234321"},"content":"    public static Task[] add(Task[] array, Task element) {","lastModifiedDate":"2024-02-03"},{"lineNumber":165,"author":{"gitId":"Pc1234321"},"content":"        Task[] result \u003d new Task[array.length + 1];","lastModifiedDate":"2024-02-03"},{"lineNumber":166,"author":{"gitId":"Pc1234321"},"content":"        for (int i \u003d 0; i \u003c array.length; i++) {","lastModifiedDate":"2024-02-03"},{"lineNumber":167,"author":{"gitId":"Pc1234321"},"content":"            result[i] \u003d array[i];","lastModifiedDate":"2024-02-03"},{"lineNumber":168,"author":{"gitId":"Pc1234321"},"content":"        }","lastModifiedDate":"2024-02-03"},{"lineNumber":169,"author":{"gitId":"Pc1234321"},"content":"        result[array.length] \u003d element;","lastModifiedDate":"2024-02-03"},{"lineNumber":170,"author":{"gitId":"Pc1234321"},"content":"        return result;","lastModifiedDate":"2024-02-03"},{"lineNumber":171,"author":{"gitId":"Pc1234321"},"content":"    }","lastModifiedDate":"2024-02-03"},{"lineNumber":172,"author":{"gitId":"Pc1234321"},"content":"    //Combine array function","lastModifiedDate":"2024-02-03"},{"lineNumber":173,"author":{"gitId":"Pc1234321"},"content":"    public static String combineArray(String[] array) {","lastModifiedDate":"2024-02-03"},{"lineNumber":174,"author":{"gitId":"Pc1234321"},"content":"        if (array.length \u003e 1) {","lastModifiedDate":"2024-02-03"},{"lineNumber":175,"author":{"gitId":"Pc1234321"},"content":"            String result \u003d array[1];","lastModifiedDate":"2024-02-03"},{"lineNumber":176,"author":{"gitId":"Pc1234321"},"content":"            result +\u003d \" \";","lastModifiedDate":"2024-02-03"},{"lineNumber":177,"author":{"gitId":"Pc1234321"},"content":"            for (int i \u003d 2; i \u003c array.length; i++) {","lastModifiedDate":"2024-02-03"},{"lineNumber":178,"author":{"gitId":"Pc1234321"},"content":"                result +\u003d array[i];","lastModifiedDate":"2024-02-03"},{"lineNumber":179,"author":{"gitId":"Pc1234321"},"content":"                if(i \u003c array.length){","lastModifiedDate":"2024-02-03"},{"lineNumber":180,"author":{"gitId":"Pc1234321"},"content":"                    result +\u003d \" \";","lastModifiedDate":"2024-02-03"},{"lineNumber":181,"author":{"gitId":"Pc1234321"},"content":"                }","lastModifiedDate":"2024-02-03"},{"lineNumber":182,"author":{"gitId":"Pc1234321"},"content":"            }","lastModifiedDate":"2024-02-03"},{"lineNumber":183,"author":{"gitId":"Pc1234321"},"content":"            return result;","lastModifiedDate":"2024-02-03"},{"lineNumber":184,"author":{"gitId":"Pc1234321"},"content":"        } else {","lastModifiedDate":"2024-02-03"},{"lineNumber":185,"author":{"gitId":"Pc1234321"},"content":"            return \"\";","lastModifiedDate":"2024-02-03"},{"lineNumber":186,"author":{"gitId":"Pc1234321"},"content":"        }","lastModifiedDate":"2024-02-03"},{"lineNumber":187,"author":{"gitId":"Pc1234321"},"content":"    }","lastModifiedDate":"2024-02-03"},{"lineNumber":188,"author":{"gitId":"Pc1234321"},"content":"","lastModifiedDate":"2024-02-03"},{"lineNumber":189,"author":{"gitId":"Pc1234321"},"content":"","lastModifiedDate":"2024-02-03"},{"lineNumber":190,"author":{"gitId":"Pc1234321"},"content":"","lastModifiedDate":"2024-02-03"},{"lineNumber":191,"author":{"gitId":"-"},"content":"    public static void main(String[] args) {","lastModifiedDate":"2019-07-29"},{"lineNumber":192,"author":{"gitId":"Pc1234321"},"content":"        String userInput \u003d new String();","lastModifiedDate":"2024-02-03"},{"lineNumber":193,"author":{"gitId":"Pc1234321"},"content":"        Scanner in \u003d new Scanner(System.in);","lastModifiedDate":"2024-02-03"},{"lineNumber":194,"author":{"gitId":"-"},"content":"        String logo \u003d \"         ____        _        \\n\"","lastModifiedDate":"2019-07-29"},{"lineNumber":195,"author":{"gitId":"-"},"content":"                + \"        |  _ \\\\ _   _| | _____ \\n\"","lastModifiedDate":"2019-07-29"},{"lineNumber":196,"author":{"gitId":"-"},"content":"                + \"        | | | | | | | |/ / _ \\\\\\n\"","lastModifiedDate":"2019-07-29"},{"lineNumber":197,"author":{"gitId":"-"},"content":"                + \"        | |_| | |_| |   \u003c  __/\\n\"","lastModifiedDate":"2019-07-29"},{"lineNumber":198,"author":{"gitId":"-"},"content":"                + \"        |____/ \\\\__,_|_|\\\\_\\\\___|\\n\";","lastModifiedDate":"2019-07-29"},{"lineNumber":199,"author":{"gitId":"Pc1234321"},"content":"        System.out.println(logo + \"             Hi! I\u0027m Neuro.\\n        Glad to see you again:)\");","lastModifiedDate":"2024-02-03"},{"lineNumber":200,"author":{"gitId":"Pc1234321"},"content":"        //Press to continue","lastModifiedDate":"2024-02-03"},{"lineNumber":201,"author":{"gitId":"Pc1234321"},"content":"        System.out.println(\"********** Press to continue ************\");","lastModifiedDate":"2024-02-03"},{"lineNumber":202,"author":{"gitId":"Pc1234321"},"content":"        in.nextLine();","lastModifiedDate":"2024-02-03"},{"lineNumber":203,"author":{"gitId":"Pc1234321"},"content":"        listMenu();","lastModifiedDate":"2024-02-24"},{"lineNumber":204,"author":{"gitId":"Pc1234321"},"content":"        System.out.println(\"How can I help you today?\");","lastModifiedDate":"2024-02-03"},{"lineNumber":205,"author":{"gitId":"Pc1234321"},"content":"","lastModifiedDate":"2024-02-03"},{"lineNumber":206,"author":{"gitId":"Pc1234321"},"content":"        //user list [event name] [event type] [status] [event start date] [event end date]","lastModifiedDate":"2024-02-03"},{"lineNumber":207,"author":{"gitId":"Pc1234321"},"content":"        //String todoListp[][][][][] \u003d new String[100][100][100][100][100];","lastModifiedDate":"2024-02-03"},{"lineNumber":208,"author":{"gitId":"Pc1234321"},"content":"        //String todo[] \u003d new String[0];","lastModifiedDate":"2024-02-03"},{"lineNumber":209,"author":{"gitId":"Pc1234321"},"content":"","lastModifiedDate":"2024-02-03"},{"lineNumber":210,"author":{"gitId":"Pc1234321"},"content":"        //Start running","lastModifiedDate":"2024-02-03"},{"lineNumber":211,"author":{"gitId":"Pc1234321"},"content":"        while(true){","lastModifiedDate":"2024-02-03"},{"lineNumber":212,"author":{"gitId":"Pc1234321"},"content":"            in \u003d new Scanner(System.in);","lastModifiedDate":"2024-02-03"},{"lineNumber":213,"author":{"gitId":"Pc1234321"},"content":"            userInput \u003d in.nextLine();","lastModifiedDate":"2024-02-03"},{"lineNumber":214,"author":{"gitId":"Pc1234321"},"content":"            String[] wordList \u003d userInput.split(\" \");","lastModifiedDate":"2024-02-03"},{"lineNumber":215,"author":{"gitId":"Pc1234321"},"content":"            String taskName \u003d new String();","lastModifiedDate":"2024-02-17"},{"lineNumber":216,"author":{"gitId":"Pc1234321"},"content":"            String by \u003d new String();","lastModifiedDate":"2024-02-17"},{"lineNumber":217,"author":{"gitId":"Pc1234321"},"content":"            String from \u003d new String();","lastModifiedDate":"2024-02-17"},{"lineNumber":218,"author":{"gitId":"Pc1234321"},"content":"            format \u003d true;","lastModifiedDate":"2024-02-24"},{"lineNumber":219,"author":{"gitId":"Pc1234321"},"content":"            //Check error function","lastModifiedDate":"2024-02-24"},{"lineNumber":220,"author":{"gitId":"Pc1234321"},"content":"            String errorMessage \u003d checkUserInput(userInput);","lastModifiedDate":"2024-02-24"},{"lineNumber":221,"author":{"gitId":"Pc1234321"},"content":"            if (errorMessage !\u003d null) {","lastModifiedDate":"2024-02-24"},{"lineNumber":222,"author":{"gitId":"Pc1234321"},"content":"                System.out.println(errorMessage);","lastModifiedDate":"2024-02-24"},{"lineNumber":223,"author":{"gitId":"Pc1234321"},"content":"                if(format \u003d\u003d false){","lastModifiedDate":"2024-02-24"},{"lineNumber":224,"author":{"gitId":"Pc1234321"},"content":"                    helpMenu();","lastModifiedDate":"2024-02-24"},{"lineNumber":225,"author":{"gitId":"Pc1234321"},"content":"                }","lastModifiedDate":"2024-02-24"},{"lineNumber":226,"author":{"gitId":"Pc1234321"},"content":"                continue; // Continue the loop if there\u0027s an error","lastModifiedDate":"2024-02-24"},{"lineNumber":227,"author":{"gitId":"Pc1234321"},"content":"            }","lastModifiedDate":"2024-02-24"},{"lineNumber":228,"author":{"gitId":"Pc1234321"},"content":"            //test output","lastModifiedDate":"2024-02-03"},{"lineNumber":229,"author":{"gitId":"Pc1234321"},"content":"            //System.out.println(userInput);","lastModifiedDate":"2024-02-03"},{"lineNumber":230,"author":{"gitId":"Pc1234321"},"content":"","lastModifiedDate":"2024-02-03"},{"lineNumber":231,"author":{"gitId":"Pc1234321"},"content":"            //Proceed to main function if input no error","lastModifiedDate":"2024-02-24"},{"lineNumber":232,"author":{"gitId":"Pc1234321"},"content":"            //Todo function","lastModifiedDate":"2024-02-10"},{"lineNumber":233,"author":{"gitId":"Pc1234321"},"content":"            if(wordList[0].equalsIgnoreCase(\"todo\")){","lastModifiedDate":"2024-02-10"},{"lineNumber":234,"author":{"gitId":"Pc1234321"},"content":"                taskName \u003d combineArray(wordList);","lastModifiedDate":"2024-02-17"},{"lineNumber":235,"author":{"gitId":"Pc1234321"},"content":"                Task newTask \u003d new Task(taskName);","lastModifiedDate":"2024-02-17"},{"lineNumber":236,"author":{"gitId":"Pc1234321"},"content":"                todoList \u003d add(todoList, newTask);","lastModifiedDate":"2024-02-03"},{"lineNumber":237,"author":{"gitId":"Pc1234321"},"content":"                newTask.setEventType(\u0027T\u0027);","lastModifiedDate":"2024-02-10"},{"lineNumber":238,"author":{"gitId":"Pc1234321"},"content":"","lastModifiedDate":"2024-02-17"},{"lineNumber":239,"author":{"gitId":"Pc1234321"},"content":"                System.out.println(\"Alright, added \"+ taskName +\" into todo list\");","lastModifiedDate":"2024-02-17"},{"lineNumber":240,"author":{"gitId":"Pc1234321"},"content":"                System.out.println(\"   \"+ newTask.toString());","lastModifiedDate":"2024-02-17"},{"lineNumber":241,"author":{"gitId":"Pc1234321"},"content":"                System.out.println(\"You have \"+ todoList.length +\" things in your todo list\");","lastModifiedDate":"2024-02-03"},{"lineNumber":242,"author":{"gitId":"Pc1234321"},"content":"","lastModifiedDate":"2024-02-03"},{"lineNumber":243,"author":{"gitId":"Pc1234321"},"content":"            }","lastModifiedDate":"2024-02-03"},{"lineNumber":244,"author":{"gitId":"Pc1234321"},"content":"            //List function","lastModifiedDate":"2024-02-10"},{"lineNumber":245,"author":{"gitId":"Pc1234321"},"content":"            else if(wordList[0].equalsIgnoreCase(\"list\")){","lastModifiedDate":"2024-02-03"},{"lineNumber":246,"author":{"gitId":"Pc1234321"},"content":"                listMenu();","lastModifiedDate":"2024-02-24"},{"lineNumber":247,"author":{"gitId":"Pc1234321"},"content":"            }","lastModifiedDate":"2024-02-03"},{"lineNumber":248,"author":{"gitId":"Pc1234321"},"content":"            //Mark function","lastModifiedDate":"2024-02-10"},{"lineNumber":249,"author":{"gitId":"Pc1234321"},"content":"            else if(wordList[0].equalsIgnoreCase(\"mark\") || wordList[0].equalsIgnoreCase(\"unmark\")){","lastModifiedDate":"2024-02-10"},{"lineNumber":250,"author":{"gitId":"Pc1234321"},"content":"                int itemNum \u003d Integer.parseInt(wordList[1]);","lastModifiedDate":"2024-02-10"},{"lineNumber":251,"author":{"gitId":"Pc1234321"},"content":"                boolean status \u003d false;","lastModifiedDate":"2024-02-10"},{"lineNumber":252,"author":{"gitId":"Pc1234321"},"content":"                if(wordList[0].equalsIgnoreCase(\"mark\")){","lastModifiedDate":"2024-02-10"},{"lineNumber":253,"author":{"gitId":"Pc1234321"},"content":"                    status \u003d true;","lastModifiedDate":"2024-02-10"},{"lineNumber":254,"author":{"gitId":"Pc1234321"},"content":"                }","lastModifiedDate":"2024-02-10"},{"lineNumber":255,"author":{"gitId":"Pc1234321"},"content":"                if(todoList.length \u003d\u003d 0){","lastModifiedDate":"2024-02-10"},{"lineNumber":256,"author":{"gitId":"Pc1234321"},"content":"                    System.out.println(\"////////////////////////////////////////////\");","lastModifiedDate":"2024-02-10"},{"lineNumber":257,"author":{"gitId":"Pc1234321"},"content":"                    System.out.println(\"//        You have nothing to mark        //\");","lastModifiedDate":"2024-02-10"},{"lineNumber":258,"author":{"gitId":"Pc1234321"},"content":"                    System.out.println(\"////////////////////////////////////////////\");","lastModifiedDate":"2024-02-10"},{"lineNumber":259,"author":{"gitId":"Pc1234321"},"content":"                }else{","lastModifiedDate":"2024-02-10"},{"lineNumber":260,"author":{"gitId":"Pc1234321"},"content":"                    if(itemNum \u003e\u003d 1 \u0026\u0026 itemNum \u003c\u003d todoList.length){","lastModifiedDate":"2024-02-10"},{"lineNumber":261,"author":{"gitId":"Pc1234321"},"content":"                        if(todoList[itemNum-1].getStatus() \u003d\u003d status \u0026\u0026 todoList[itemNum-1].getStatus() \u003d\u003d true){","lastModifiedDate":"2024-02-10"},{"lineNumber":262,"author":{"gitId":"Pc1234321"},"content":"                            System.out.println(\"The task \"+ itemNum +\" is already marked as done\");","lastModifiedDate":"2024-02-10"},{"lineNumber":263,"author":{"gitId":"Pc1234321"},"content":"                        }else if(todoList[itemNum-1].getStatus() \u003d\u003d status \u0026\u0026 todoList[itemNum-1].getStatus() \u003d\u003d false){","lastModifiedDate":"2024-02-10"},{"lineNumber":264,"author":{"gitId":"Pc1234321"},"content":"                            System.out.println(\"The task \"+ itemNum +\" is already marked as not done\");","lastModifiedDate":"2024-02-10"},{"lineNumber":265,"author":{"gitId":"Pc1234321"},"content":"                        }else{","lastModifiedDate":"2024-02-10"},{"lineNumber":266,"author":{"gitId":"Pc1234321"},"content":"                            if(status \u003d\u003d true){","lastModifiedDate":"2024-02-10"},{"lineNumber":267,"author":{"gitId":"Pc1234321"},"content":"                                System.out.println(\"Okay, I\u0027ve marked task \"+ itemNum + \" as done\");","lastModifiedDate":"2024-02-10"},{"lineNumber":268,"author":{"gitId":"Pc1234321"},"content":"                            }else{","lastModifiedDate":"2024-02-10"},{"lineNumber":269,"author":{"gitId":"Pc1234321"},"content":"                                System.out.println(\"Okay, I\u0027ve marked task \"+ itemNum + \" as not done yet\");","lastModifiedDate":"2024-02-10"},{"lineNumber":270,"author":{"gitId":"Pc1234321"},"content":"                            }","lastModifiedDate":"2024-02-10"},{"lineNumber":271,"author":{"gitId":"Pc1234321"},"content":"                            todoList[itemNum-1].setStatus(status);","lastModifiedDate":"2024-02-10"},{"lineNumber":272,"author":{"gitId":"Pc1234321"},"content":"                            System.out.println(\"   \"+ \"[\"+ todoList[itemNum-1].getStatusIcon() +\"] \" + todoList[itemNum-1].getTaskName());","lastModifiedDate":"2024-02-10"},{"lineNumber":273,"author":{"gitId":"Pc1234321"},"content":"","lastModifiedDate":"2024-02-03"},{"lineNumber":274,"author":{"gitId":"Pc1234321"},"content":"                        }","lastModifiedDate":"2024-02-10"},{"lineNumber":275,"author":{"gitId":"Pc1234321"},"content":"                    }else{","lastModifiedDate":"2024-02-10"},{"lineNumber":276,"author":{"gitId":"Pc1234321"},"content":"                        System.out.println(\"No such task in your list :(\");","lastModifiedDate":"2024-02-10"},{"lineNumber":277,"author":{"gitId":"Pc1234321"},"content":"                    }","lastModifiedDate":"2024-02-10"},{"lineNumber":278,"author":{"gitId":"Pc1234321"},"content":"","lastModifiedDate":"2024-02-03"},{"lineNumber":279,"author":{"gitId":"Pc1234321"},"content":"                }","lastModifiedDate":"2024-02-03"},{"lineNumber":280,"author":{"gitId":"Pc1234321"},"content":"            }","lastModifiedDate":"2024-02-10"},{"lineNumber":281,"author":{"gitId":"Pc1234321"},"content":"            //Event function","lastModifiedDate":"2024-02-10"},{"lineNumber":282,"author":{"gitId":"Pc1234321"},"content":"            else if(wordList[0].equalsIgnoreCase(\"event\")){","lastModifiedDate":"2024-02-10"},{"lineNumber":283,"author":{"gitId":"Pc1234321"},"content":"                String stage \u003d \"name\";","lastModifiedDate":"2024-02-17"},{"lineNumber":284,"author":{"gitId":"Pc1234321"},"content":"                //Seprate the input and record the eventName, EventFrom, EventTo","lastModifiedDate":"2024-02-24"},{"lineNumber":285,"author":{"gitId":"Pc1234321"},"content":"                boolean fromChecker \u003d false;","lastModifiedDate":"2024-02-17"},{"lineNumber":286,"author":{"gitId":"Pc1234321"},"content":"                boolean toChecker \u003d false;","lastModifiedDate":"2024-02-17"},{"lineNumber":287,"author":{"gitId":"Pc1234321"},"content":"                for(String item:wordList){","lastModifiedDate":"2024-02-17"},{"lineNumber":288,"author":{"gitId":"Pc1234321"},"content":"                    if(item.equalsIgnoreCase(\"event\")){","lastModifiedDate":"2024-02-17"},{"lineNumber":289,"author":{"gitId":"Pc1234321"},"content":"                        continue;","lastModifiedDate":"2024-02-17"},{"lineNumber":290,"author":{"gitId":"Pc1234321"},"content":"                    }","lastModifiedDate":"2024-02-17"},{"lineNumber":291,"author":{"gitId":"Pc1234321"},"content":"                    else if(item.equalsIgnoreCase(\"/from\")){","lastModifiedDate":"2024-02-17"},{"lineNumber":292,"author":{"gitId":"Pc1234321"},"content":"                        stage \u003d \"from\";","lastModifiedDate":"2024-02-17"},{"lineNumber":293,"author":{"gitId":"Pc1234321"},"content":"                        fromChecker \u003d true;","lastModifiedDate":"2024-02-17"},{"lineNumber":294,"author":{"gitId":"Pc1234321"},"content":"                        continue;","lastModifiedDate":"2024-02-17"},{"lineNumber":295,"author":{"gitId":"Pc1234321"},"content":"                    }else if(item.equalsIgnoreCase(\"/to\")){","lastModifiedDate":"2024-02-17"},{"lineNumber":296,"author":{"gitId":"Pc1234321"},"content":"                        stage \u003d \"to\";","lastModifiedDate":"2024-02-17"},{"lineNumber":297,"author":{"gitId":"Pc1234321"},"content":"                        toChecker \u003d true;","lastModifiedDate":"2024-02-17"},{"lineNumber":298,"author":{"gitId":"Pc1234321"},"content":"                        continue;","lastModifiedDate":"2024-02-17"},{"lineNumber":299,"author":{"gitId":"Pc1234321"},"content":"                    }","lastModifiedDate":"2024-02-17"},{"lineNumber":300,"author":{"gitId":"Pc1234321"},"content":"                    if(stage.equalsIgnoreCase(\"name\")){","lastModifiedDate":"2024-02-17"},{"lineNumber":301,"author":{"gitId":"Pc1234321"},"content":"                        taskName +\u003d item;","lastModifiedDate":"2024-02-17"},{"lineNumber":302,"author":{"gitId":"Pc1234321"},"content":"                        taskName +\u003d \" \";","lastModifiedDate":"2024-02-17"},{"lineNumber":303,"author":{"gitId":"Pc1234321"},"content":"                    }else if(stage.equalsIgnoreCase(\"from\")){","lastModifiedDate":"2024-02-17"},{"lineNumber":304,"author":{"gitId":"Pc1234321"},"content":"                        from +\u003d item;","lastModifiedDate":"2024-02-17"},{"lineNumber":305,"author":{"gitId":"Pc1234321"},"content":"                        from +\u003d\" \";","lastModifiedDate":"2024-02-17"},{"lineNumber":306,"author":{"gitId":"Pc1234321"},"content":"","lastModifiedDate":"2024-02-17"},{"lineNumber":307,"author":{"gitId":"Pc1234321"},"content":"                    }else if (stage.equalsIgnoreCase(\"to\")){","lastModifiedDate":"2024-02-17"},{"lineNumber":308,"author":{"gitId":"Pc1234321"},"content":"                        by +\u003d item;","lastModifiedDate":"2024-02-17"},{"lineNumber":309,"author":{"gitId":"Pc1234321"},"content":"                        by +\u003d \" \";","lastModifiedDate":"2024-02-17"},{"lineNumber":310,"author":{"gitId":"Pc1234321"},"content":"                    }","lastModifiedDate":"2024-02-17"},{"lineNumber":311,"author":{"gitId":"Pc1234321"},"content":"                }","lastModifiedDate":"2024-02-17"},{"lineNumber":312,"author":{"gitId":"Pc1234321"},"content":"                Event newEvent \u003d new Event(taskName,from,by);","lastModifiedDate":"2024-02-17"},{"lineNumber":313,"author":{"gitId":"Pc1234321"},"content":"                todoList \u003d add(todoList, newEvent);","lastModifiedDate":"2024-02-17"},{"lineNumber":314,"author":{"gitId":"Pc1234321"},"content":"                newEvent.setEventType(\u0027E\u0027);","lastModifiedDate":"2024-02-17"},{"lineNumber":315,"author":{"gitId":"Pc1234321"},"content":"                System.out.println(\"Alright, added \"+ taskName +\" into todo list\");","lastModifiedDate":"2024-02-17"},{"lineNumber":316,"author":{"gitId":"Pc1234321"},"content":"                System.out.println(\"   \"+ newEvent.toString());","lastModifiedDate":"2024-02-17"},{"lineNumber":317,"author":{"gitId":"Pc1234321"},"content":"                System.out.println(\"You have \"+ todoList.length +\" things in your todo list\");","lastModifiedDate":"2024-02-17"},{"lineNumber":318,"author":{"gitId":"Pc1234321"},"content":"","lastModifiedDate":"2024-02-03"},{"lineNumber":319,"author":{"gitId":"Pc1234321"},"content":"            }","lastModifiedDate":"2024-02-10"},{"lineNumber":320,"author":{"gitId":"Pc1234321"},"content":"            //Deadline function","lastModifiedDate":"2024-02-10"},{"lineNumber":321,"author":{"gitId":"Pc1234321"},"content":"            else if(wordList[0].equalsIgnoreCase(\"deadline\")){","lastModifiedDate":"2024-02-10"},{"lineNumber":322,"author":{"gitId":"Pc1234321"},"content":"                //Seprate the input and record the deadlineName, deadlineBy","lastModifiedDate":"2024-02-24"},{"lineNumber":323,"author":{"gitId":"Pc1234321"},"content":"                boolean byChecker \u003d false;","lastModifiedDate":"2024-02-17"},{"lineNumber":324,"author":{"gitId":"Pc1234321"},"content":"                for(String item:wordList){","lastModifiedDate":"2024-02-17"},{"lineNumber":325,"author":{"gitId":"Pc1234321"},"content":"                    if(item.equalsIgnoreCase(\"deadline\")){","lastModifiedDate":"2024-02-17"},{"lineNumber":326,"author":{"gitId":"Pc1234321"},"content":"                        continue;","lastModifiedDate":"2024-02-17"},{"lineNumber":327,"author":{"gitId":"Pc1234321"},"content":"                    }","lastModifiedDate":"2024-02-17"},{"lineNumber":328,"author":{"gitId":"Pc1234321"},"content":"                    else if(item.equalsIgnoreCase(\"/by\")){","lastModifiedDate":"2024-02-17"},{"lineNumber":329,"author":{"gitId":"Pc1234321"},"content":"                        byChecker \u003d true;","lastModifiedDate":"2024-02-17"},{"lineNumber":330,"author":{"gitId":"Pc1234321"},"content":"                        continue;","lastModifiedDate":"2024-02-17"},{"lineNumber":331,"author":{"gitId":"Pc1234321"},"content":"                    }","lastModifiedDate":"2024-02-17"},{"lineNumber":332,"author":{"gitId":"Pc1234321"},"content":"                    if(!byChecker){","lastModifiedDate":"2024-02-17"},{"lineNumber":333,"author":{"gitId":"Pc1234321"},"content":"                        taskName +\u003d item;","lastModifiedDate":"2024-02-17"},{"lineNumber":334,"author":{"gitId":"Pc1234321"},"content":"                        taskName +\u003d \" \";","lastModifiedDate":"2024-02-17"},{"lineNumber":335,"author":{"gitId":"Pc1234321"},"content":"                    }else{","lastModifiedDate":"2024-02-17"},{"lineNumber":336,"author":{"gitId":"Pc1234321"},"content":"                        by +\u003d item;","lastModifiedDate":"2024-02-17"},{"lineNumber":337,"author":{"gitId":"Pc1234321"},"content":"                        by +\u003d \" \";","lastModifiedDate":"2024-02-17"},{"lineNumber":338,"author":{"gitId":"Pc1234321"},"content":"                    }","lastModifiedDate":"2024-02-17"},{"lineNumber":339,"author":{"gitId":"Pc1234321"},"content":"                }","lastModifiedDate":"2024-02-17"},{"lineNumber":340,"author":{"gitId":"Pc1234321"},"content":"                Deadline newDeadline \u003d new Deadline(taskName,by);","lastModifiedDate":"2024-02-17"},{"lineNumber":341,"author":{"gitId":"Pc1234321"},"content":"                todoList \u003d add(todoList, newDeadline);","lastModifiedDate":"2024-02-17"},{"lineNumber":342,"author":{"gitId":"Pc1234321"},"content":"                newDeadline.setEventType(\u0027D\u0027);","lastModifiedDate":"2024-02-17"},{"lineNumber":343,"author":{"gitId":"Pc1234321"},"content":"                System.out.println(\"Alright, added \"+ taskName +\" into todo list\");","lastModifiedDate":"2024-02-17"},{"lineNumber":344,"author":{"gitId":"Pc1234321"},"content":"                System.out.println(\"   \"+ newDeadline.toString());","lastModifiedDate":"2024-02-17"},{"lineNumber":345,"author":{"gitId":"Pc1234321"},"content":"                System.out.println(\"You have \"+ todoList.length +\" things in your todo list\");","lastModifiedDate":"2024-02-17"},{"lineNumber":346,"author":{"gitId":"Pc1234321"},"content":"            }","lastModifiedDate":"2024-02-10"},{"lineNumber":347,"author":{"gitId":"Pc1234321"},"content":"            //Exit program","lastModifiedDate":"2024-02-03"},{"lineNumber":348,"author":{"gitId":"Pc1234321"},"content":"            else if(userInput.equalsIgnoreCase(\"bye\") || userInput.equalsIgnoreCase(\"quit\") ){","lastModifiedDate":"2024-02-10"},{"lineNumber":349,"author":{"gitId":"Pc1234321"},"content":"                System.out.println(\"Bye! See you next time!\");","lastModifiedDate":"2024-02-24"},{"lineNumber":350,"author":{"gitId":"Pc1234321"},"content":"                break;","lastModifiedDate":"2024-02-03"},{"lineNumber":351,"author":{"gitId":"Pc1234321"},"content":"            }else{","lastModifiedDate":"2024-02-24"},{"lineNumber":352,"author":{"gitId":"Pc1234321"},"content":"                break;//Code should never reach here.","lastModifiedDate":"2024-02-24"},{"lineNumber":353,"author":{"gitId":"Pc1234321"},"content":"            }","lastModifiedDate":"2024-02-10"},{"lineNumber":354,"author":{"gitId":"Pc1234321"},"content":"        }","lastModifiedDate":"2024-02-03"},{"lineNumber":355,"author":{"gitId":"Pc1234321"},"content":"","lastModifiedDate":"2024-02-03"},{"lineNumber":356,"author":{"gitId":"Pc1234321"},"content":"","lastModifiedDate":"2024-02-03"},{"lineNumber":357,"author":{"gitId":"Pc1234321"},"content":"","lastModifiedDate":"2024-02-03"},{"lineNumber":358,"author":{"gitId":"Pc1234321"},"content":"","lastModifiedDate":"2024-02-03"},{"lineNumber":359,"author":{"gitId":"-"},"content":"    }","lastModifiedDate":"2019-07-29"},{"lineNumber":360,"author":{"gitId":"-"},"content":"}","lastModifiedDate":"2019-07-29"}],"authorContributionMap":{"Pc1234321":351,"-":9}},{"path":"src/main/java/DukeException.java","fileType":"java","lines":[{"lineNumber":1,"author":{"gitId":"Pc1234321"},"content":"package src.main.java;","lastModifiedDate":"2024-02-24"},{"lineNumber":2,"author":{"gitId":"Pc1234321"},"content":"public class DukeException extends Exception {","lastModifiedDate":"2024-02-24"},{"lineNumber":3,"author":{"gitId":"Pc1234321"},"content":"    public DukeException(String message) {","lastModifiedDate":"2024-02-24"},{"lineNumber":4,"author":{"gitId":"Pc1234321"},"content":"        super(message);","lastModifiedDate":"2024-02-24"},{"lineNumber":5,"author":{"gitId":"Pc1234321"},"content":"    }","lastModifiedDate":"2024-02-24"},{"lineNumber":6,"author":{"gitId":"Pc1234321"},"content":"","lastModifiedDate":"2024-02-24"},{"lineNumber":7,"author":{"gitId":"Pc1234321"},"content":"}","lastModifiedDate":"2024-02-24"},{"lineNumber":8,"author":{"gitId":"Pc1234321"},"content":"","lastModifiedDate":"2024-02-24"}],"authorContributionMap":{"Pc1234321":8}},{"path":"src/main/java/Event.java","fileType":"java","lines":[{"lineNumber":1,"author":{"gitId":"Pc1234321"},"content":"package src.main.java;","lastModifiedDate":"2024-02-03"},{"lineNumber":2,"author":{"gitId":"Pc1234321"},"content":"public class Event extends Task {","lastModifiedDate":"2024-02-17"},{"lineNumber":3,"author":{"gitId":"Pc1234321"},"content":"    String from;","lastModifiedDate":"2024-02-10"},{"lineNumber":4,"author":{"gitId":"Pc1234321"},"content":"    String by;","lastModifiedDate":"2024-02-17"},{"lineNumber":5,"author":{"gitId":"Pc1234321"},"content":"    public Event(String description, String from, String by) {","lastModifiedDate":"2024-02-17"},{"lineNumber":6,"author":{"gitId":"Pc1234321"},"content":"        super(description);","lastModifiedDate":"2024-02-17"},{"lineNumber":7,"author":{"gitId":"Pc1234321"},"content":"        this.from \u003d from;","lastModifiedDate":"2024-02-10"},{"lineNumber":8,"author":{"gitId":"Pc1234321"},"content":"        this.by \u003d by;","lastModifiedDate":"2024-02-17"},{"lineNumber":9,"author":{"gitId":"Pc1234321"},"content":"    }","lastModifiedDate":"2024-02-17"},{"lineNumber":10,"author":{"gitId":"Pc1234321"},"content":"    public String getFrom() {","lastModifiedDate":"2024-02-17"},{"lineNumber":11,"author":{"gitId":"Pc1234321"},"content":"        return from;","lastModifiedDate":"2024-02-17"},{"lineNumber":12,"author":{"gitId":"Pc1234321"},"content":"    }","lastModifiedDate":"2024-02-17"},{"lineNumber":13,"author":{"gitId":"Pc1234321"},"content":"    public String getBy() {","lastModifiedDate":"2024-02-17"},{"lineNumber":14,"author":{"gitId":"Pc1234321"},"content":"        return by;","lastModifiedDate":"2024-02-17"},{"lineNumber":15,"author":{"gitId":"Pc1234321"},"content":"    }","lastModifiedDate":"2024-02-17"},{"lineNumber":16,"author":{"gitId":"Pc1234321"},"content":"    @Override","lastModifiedDate":"2024-02-17"},{"lineNumber":17,"author":{"gitId":"Pc1234321"},"content":"    public String toString() {","lastModifiedDate":"2024-02-17"},{"lineNumber":18,"author":{"gitId":"Pc1234321"},"content":"        return super.toString() + \" (from: \" + from + \" to: \"+ by +\")\";","lastModifiedDate":"2024-02-17"},{"lineNumber":19,"author":{"gitId":"Pc1234321"},"content":"    }","lastModifiedDate":"2024-02-10"},{"lineNumber":20,"author":{"gitId":"Pc1234321"},"content":"}","lastModifiedDate":"2024-02-03"}],"authorContributionMap":{"Pc1234321":20}},{"path":"src/main/java/Task.java","fileType":"java","lines":[{"lineNumber":1,"author":{"gitId":"Pc1234321"},"content":"package src.main.java;","lastModifiedDate":"2024-02-03"},{"lineNumber":2,"author":{"gitId":"Pc1234321"},"content":"","lastModifiedDate":"2024-02-03"},{"lineNumber":3,"author":{"gitId":"Pc1234321"},"content":"public class Task {","lastModifiedDate":"2024-02-03"},{"lineNumber":4,"author":{"gitId":"Pc1234321"},"content":"    protected String description;","lastModifiedDate":"2024-02-03"},{"lineNumber":5,"author":{"gitId":"Pc1234321"},"content":"    protected boolean isDone;","lastModifiedDate":"2024-02-03"},{"lineNumber":6,"author":{"gitId":"Pc1234321"},"content":"    protected Character type \u003d \u0027T\u0027;","lastModifiedDate":"2024-02-10"},{"lineNumber":7,"author":{"gitId":"Pc1234321"},"content":"","lastModifiedDate":"2024-02-10"},{"lineNumber":8,"author":{"gitId":"Pc1234321"},"content":"    public Task(String description) {","lastModifiedDate":"2024-02-03"},{"lineNumber":9,"author":{"gitId":"Pc1234321"},"content":"        this.description \u003d description;","lastModifiedDate":"2024-02-03"},{"lineNumber":10,"author":{"gitId":"Pc1234321"},"content":"        this.isDone \u003d false;","lastModifiedDate":"2024-02-03"},{"lineNumber":11,"author":{"gitId":"Pc1234321"},"content":"    }","lastModifiedDate":"2024-02-03"},{"lineNumber":12,"author":{"gitId":"Pc1234321"},"content":"","lastModifiedDate":"2024-02-03"},{"lineNumber":13,"author":{"gitId":"Pc1234321"},"content":"    public String getStatusIcon() {","lastModifiedDate":"2024-02-03"},{"lineNumber":14,"author":{"gitId":"Pc1234321"},"content":"        return (isDone ? \"X\" : \" \"); // mark done task with X","lastModifiedDate":"2024-02-03"},{"lineNumber":15,"author":{"gitId":"Pc1234321"},"content":"    }","lastModifiedDate":"2024-02-03"},{"lineNumber":16,"author":{"gitId":"Pc1234321"},"content":"    public boolean getStatus(){","lastModifiedDate":"2024-02-10"},{"lineNumber":17,"author":{"gitId":"Pc1234321"},"content":"        return isDone;","lastModifiedDate":"2024-02-10"},{"lineNumber":18,"author":{"gitId":"Pc1234321"},"content":"    }","lastModifiedDate":"2024-02-10"},{"lineNumber":19,"author":{"gitId":"Pc1234321"},"content":"    public String getTaskName() {","lastModifiedDate":"2024-02-03"},{"lineNumber":20,"author":{"gitId":"Pc1234321"},"content":"        return description;","lastModifiedDate":"2024-02-03"},{"lineNumber":21,"author":{"gitId":"Pc1234321"},"content":"    }","lastModifiedDate":"2024-02-03"},{"lineNumber":22,"author":{"gitId":"Pc1234321"},"content":"    public Character getEventType(){","lastModifiedDate":"2024-02-10"},{"lineNumber":23,"author":{"gitId":"Pc1234321"},"content":"        return type;","lastModifiedDate":"2024-02-10"},{"lineNumber":24,"author":{"gitId":"Pc1234321"},"content":"    }","lastModifiedDate":"2024-02-10"},{"lineNumber":25,"author":{"gitId":"Pc1234321"},"content":"    public void setEventType(Character type){","lastModifiedDate":"2024-02-10"},{"lineNumber":26,"author":{"gitId":"Pc1234321"},"content":"        this.type \u003d type;","lastModifiedDate":"2024-02-10"},{"lineNumber":27,"author":{"gitId":"Pc1234321"},"content":"    }","lastModifiedDate":"2024-02-10"},{"lineNumber":28,"author":{"gitId":"Pc1234321"},"content":"    public void setStatus(boolean status) {","lastModifiedDate":"2024-02-03"},{"lineNumber":29,"author":{"gitId":"Pc1234321"},"content":"        isDone \u003d status;","lastModifiedDate":"2024-02-03"},{"lineNumber":30,"author":{"gitId":"Pc1234321"},"content":"    }","lastModifiedDate":"2024-02-03"},{"lineNumber":31,"author":{"gitId":"Pc1234321"},"content":"","lastModifiedDate":"2024-02-03"},{"lineNumber":32,"author":{"gitId":"Pc1234321"},"content":"    public String toString() {","lastModifiedDate":"2024-02-17"},{"lineNumber":33,"author":{"gitId":"Pc1234321"},"content":"        return \"[\"+ type +\"][\"+ getStatusIcon() +\"]\" + description;","lastModifiedDate":"2024-02-17"},{"lineNumber":34,"author":{"gitId":"Pc1234321"},"content":"    }","lastModifiedDate":"2024-02-17"},{"lineNumber":35,"author":{"gitId":"Pc1234321"},"content":"    public String getFrom(){return \"\";}","lastModifiedDate":"2024-02-17"},{"lineNumber":36,"author":{"gitId":"Pc1234321"},"content":"    public String getBy(){return \"\";}","lastModifiedDate":"2024-02-17"},{"lineNumber":37,"author":{"gitId":"Pc1234321"},"content":"}","lastModifiedDate":"2024-02-03"}],"authorContributionMap":{"Pc1234321":37}}]
