{"authorDailyContributionsMap":{"Pc1234321":[{"date":"2024-02-03","commitResults":[{"hash":"a2a90a559841b3618ad2a916d0344d8be319698a","isMergeCommit":false,"messageTitle":"add readme file","messageBody":"","fileTypesAndContributionMap":{"md":{"insertions":24,"deletions":1}}},{"hash":"0a281a100151709152c3f1a3d2e25714b07f584e","isMergeCommit":false,"messageTitle":"Completed level 1, level 2. fucntion todo, function list are working","messageBody":"","tags":["1.0"],"fileTypesAndContributionMap":{"java":{"insertions":185,"deletions":6}}}]},{"date":"2024-02-10","commitResults":[{"hash":"1b293f9c4fdf79c7884a6acd3d9c76c70446f3fd","isMergeCommit":false,"messageTitle":"Implement Level 3. Mark as Done function Implement inherit classes Implement error handler","messageBody":"","tags":["2.0"],"fileTypesAndContributionMap":{"java":{"insertions":98,"deletions":48}}}]},{"date":"2024-02-17","commitResults":[{"hash":"3fa1140e7eca7180d2a21d61fe994a0c59b7786b","isMergeCommit":false,"messageTitle":"Completed level 4, all task, event, deadline able to add, list, mark, unmark","messageBody":"","tags":["3.0"],"fileTypesAndContributionMap":{"java":{"insertions":118,"deletions":14}}}]},{"date":"2024-02-24","commitResults":[{"hash":"d14429bafc43a29d5074ea4979d91c92b7d61132","isMergeCommit":false,"messageTitle":"Completed Level-5 by using exception function, able to handle all type of errors, achieved Stretch goals, able to guide user how to correct the error base on error type","messageBody":"","tags":["4.0"],"fileTypesAndContributionMap":{"java":{"insertions":37,"deletions":0}}},{"hash":"cc03dff33bfe0d0f94565d90a1f9a06b4c892d3a","isMergeCommit":false,"messageTitle":"Completed Level-5 by using exception function, able to handle all type of errors, achieved Stretch goals, able to guide user how to correct the error base on error type","messageBody":"","tags":["5.0"],"fileTypesAndContributionMap":{"java":{"insertions":158,"deletions":97}}}]},{"date":"2024-03-06","commitResults":[{"hash":"5bf14bf2489b34d40046a5a68f513ab6a6ca4fcb","isMergeCommit":false,"messageTitle":"Completed level 6 delete function, fixed bug system crash when mark/unmark a string instead of number","messageBody":"","tags":["6.0"],"fileTypesAndContributionMap":{"java":{"insertions":50,"deletions":7}}},{"hash":"e610c6e7a723f87c93ad5d8851cfc77a87d21079","isMergeCommit":false,"messageTitle":"Modified todoList from array to arrayList, make use of collection class","messageBody":"","tags":["6.1"],"fileTypesAndContributionMap":{"java":{"insertions":30,"deletions":35}}}]},{"date":"2024-03-12","commitResults":[{"hash":"24f588ec3dec4491cb9bc1419dd9ecb8cc94b2eb","isMergeCommit":false,"messageTitle":"level 7 save function, added read/write file. changed task class to abstract class, add Todo class, mix keyword bug, so now task name can include keyword \"from\" and \"to\" and program wont get confused","messageBody":"","tags":["7.0"],"fileTypesAndContributionMap":{"java":{"insertions":177,"deletions":14}}}]}]},"authorFileTypeContributionMap":{"Pc1234321":{"java":633,"md":24,"fxml":0,"sh":0,"bat":0,"gradle":0,"txt":0}},"authorContributionVariance":{"Pc1234321":3468.9792},"authorDisplayNameMap":{"Pc1234321":"WANG..HENG"}}
