{"authorDailyContributionsMap":{"Pc1234321":[{"date":"2024-02-03","commitResults":[{"hash":"a2a90a559841b3618ad2a916d0344d8be319698a","isMergeCommit":false,"messageTitle":"add readme file","messageBody":"","fileTypesAndContributionMap":{"md":{"insertions":24,"deletions":1}}},{"hash":"0a281a100151709152c3f1a3d2e25714b07f584e","isMergeCommit":false,"messageTitle":"Completed level 1, level 2. fucntion todo, function list are working","messageBody":"","tags":["1.0"],"fileTypesAndContributionMap":{"java":{"insertions":185,"deletions":6}}}]},{"date":"2024-02-10","commitResults":[{"hash":"1b293f9c4fdf79c7884a6acd3d9c76c70446f3fd","isMergeCommit":false,"messageTitle":"Implement Level 3. Mark as Done function Implement inherit classes Implement error handler","messageBody":"","tags":["2.0"],"fileTypesAndContributionMap":{"java":{"insertions":98,"deletions":48}}}]},{"date":"2024-02-17","commitResults":[{"hash":"3fa1140e7eca7180d2a21d61fe994a0c59b7786b","isMergeCommit":false,"messageTitle":"Completed level 4, all task, event, deadline able to add, list, mark, unmark","messageBody":"","tags":["3.0"],"fileTypesAndContributionMap":{"java":{"insertions":118,"deletions":14}}}]},{"date":"2024-02-24","commitResults":[{"hash":"d14429bafc43a29d5074ea4979d91c92b7d61132","isMergeCommit":false,"messageTitle":"Completed Level-5 by using exception function, able to handle all type of errors, achieved Stretch goals, able to guide user how to correct the error base on error type","messageBody":"","tags":["4.0"],"fileTypesAndContributionMap":{"java":{"insertions":37,"deletions":0}}},{"hash":"cc03dff33bfe0d0f94565d90a1f9a06b4c892d3a","isMergeCommit":false,"messageTitle":"Completed Level-5 by using exception function, able to handle all type of errors, achieved Stretch goals, able to guide user how to correct the error base on error type","messageBody":"","tags":["5.0"],"fileTypesAndContributionMap":{"java":{"insertions":158,"deletions":97}}}]},{"date":"2024-03-06","commitResults":[{"hash":"5bf14bf2489b34d40046a5a68f513ab6a6ca4fcb","isMergeCommit":false,"messageTitle":"Completed level 6 delete function, fixed bug system crash when mark/unmark a string instead of number","messageBody":"","tags":["6.0"],"fileTypesAndContributionMap":{"java":{"insertions":50,"deletions":7}}},{"hash":"e610c6e7a723f87c93ad5d8851cfc77a87d21079","isMergeCommit":false,"messageTitle":"Modified todoList from array to arrayList, make use of collection class","messageBody":"","tags":["6.1"],"fileTypesAndContributionMap":{"java":{"insertions":30,"deletions":35}}}]},{"date":"2024-03-12","commitResults":[{"hash":"24f588ec3dec4491cb9bc1419dd9ecb8cc94b2eb","isMergeCommit":false,"messageTitle":"level 7 save function, added read/write file. changed task class to abstract class, add Todo class, mix keyword bug, so now task name can include keyword \"from\" and \"to\" and program wont get confused","messageBody":"","tags":["7.0"],"fileTypesAndContributionMap":{"java":{"insertions":177,"deletions":14}}}]},{"date":"2024-03-15","commitResults":[{"hash":"50655a5d3e3b471f625a73b043cc1a21f6d9ef37","isMergeCommit":false,"messageTitle":"Fixed bug for read/write file function, now able to read the data from file even the format is wrong. applied package concept.","messageBody":"","fileTypesAndContributionMap":{"java":{"insertions":2,"deletions":0}}},{"hash":"9305c4a2b84ddf540ac92ab30f58e4cf0fd602a8","isMergeCommit":false,"messageTitle":"fix bugs","messageBody":"","tags":["7.1"],"fileTypesAndContributionMap":{"java":{"insertions":168,"deletions":113}}},{"hash":"786e95624635b0557845bc1c15ebe888fb1551d2","isMergeCommit":false,"messageTitle":"Impletmented package, made the project more OOP, Now project able to pop up error when reading from bad format data, also project will ignore and delete the bad format data from data file","messageBody":"","tags":["7.2"],"fileTypesAndContributionMap":{"java":{"insertions":215,"deletions":263}}}]},{"date":"2024-03-16","commitResults":[{"hash":"30b809d32ff2b48b15e7e7365c996d1104e2fd4f","isMergeCommit":false,"messageTitle":"Final completion of More OOP, separated everything into different class and package","messageBody":"","fileTypesAndContributionMap":{"java":{"insertions":445,"deletions":18}}},{"hash":"36835e97c604b1bf863de47eae4e518518f1e6e1","isMergeCommit":false,"messageTitle":"Full OOP","messageBody":"","fileTypesAndContributionMap":{"java":{"insertions":2,"deletions":0}}},{"hash":"bb272941cb94ff1d4cae55acfe93244555407994","isMergeCommit":false,"messageTitle":"Full OOP","messageBody":"","tags":["7.3"],"fileTypesAndContributionMap":{"java":{"insertions":467,"deletions":317}}}]},{"date":"2024-03-23","commitResults":[{"hash":"32f60c599ada2ce3572bf8f42641dfa9079d63ac","isMergeCommit":false,"messageTitle":"Impletmentation of level 8. Now program able to add date and time for event and deadline task. able to compare the date, check wrong date, early date when insert. Added JavaDoc to all public functions","messageBody":"","tags":["8.0"],"fileTypesAndContributionMap":{"java":{"insertions":331,"deletions":17}}},{"hash":"d07e517d5c5be12ef477c220dad7e5389359116a","isMergeCommit":true,"messageTitle":"Merge remote-tracking branch \u0027origin/add-gradle-support\u0027","messageBody":"# Conflicts:\n#\tdocs/README.md\n","fileTypesAndContributionMap":{}},{"hash":"8858d37ce2123d420332bf00d6869f85193f950e","isMergeCommit":false,"messageTitle":"Impletment of Gradle and JUnit test, changed project structure","messageBody":"","tags":["8.2.1"],"fileTypesAndContributionMap":{"txt":{"insertions":0,"deletions":0},"java":{"insertions":346,"deletions":32}}},{"hash":"a45f0688a8638f2ef0fa6df27cf3400862e0fe89","isMergeCommit":false,"messageTitle":"Changed project structure","messageBody":"","tags":["8.2"],"fileTypesAndContributionMap":{"gradle":{"insertions":1,"deletions":1},"java":{"insertions":119,"deletions":137}}}]},{"date":"2024-03-28","commitResults":[{"hash":"67bbbb78bb872e2044f04103fd4d26879a6194ba","isMergeCommit":false,"messageTitle":"Completed level-9 find function, impletemented individual feature, now program able to search a specific date and return all the event/deadline that still available at the date. Improved code quality of all classes, modified/removed bad functions, reduced hard code","messageBody":"","fileTypesAndContributionMap":{"java":{"insertions":283,"deletions":84}}}]}]},"authorFileTypeContributionMap":{"Pc1234321":{"java":2036,"md":27,"fxml":0,"sh":0,"bat":0,"gradle":1,"txt":0}},"authorContributionVariance":{"Pc1234321":43179.55},"authorDisplayNameMap":{"Pc1234321":"WANG..HENG"}}
