{"authorDailyContributionsMap":{"Pc1234321":[{"date":"2024-02-03","commitResults":[{"hash":"a2a90a559841b3618ad2a916d0344d8be319698a","isMergeCommit":false,"messageTitle":"add readme file","messageBody":"","fileTypesAndContributionMap":{"md":{"insertions":24,"deletions":1}}},{"hash":"0a281a100151709152c3f1a3d2e25714b07f584e","isMergeCommit":false,"messageTitle":"Completed level 1, level 2. fucntion todo, function list are working","messageBody":"","fileTypesAndContributionMap":{"java":{"insertions":185,"deletions":6}}}]},{"date":"2024-02-10","commitResults":[{"hash":"1b293f9c4fdf79c7884a6acd3d9c76c70446f3fd","isMergeCommit":false,"messageTitle":"Implement Level 3. Mark as Done function Implement inherit classes Implement error handler","messageBody":"","fileTypesAndContributionMap":{"java":{"insertions":98,"deletions":48}}}]},{"date":"2024-02-17","commitResults":[{"hash":"3fa1140e7eca7180d2a21d61fe994a0c59b7786b","isMergeCommit":false,"messageTitle":"Completed level 4, all task, event, deadline able to add, list, mark, unmark","messageBody":"","fileTypesAndContributionMap":{"java":{"insertions":118,"deletions":14}}}]}]},"authorFileTypeContributionMap":{"Pc1234321":{"java":334,"md":24,"fxml":0,"sh":0,"bat":0,"gradle":0,"txt":0}},"authorContributionVariance":{"Pc1234321":2300.5437},"authorDisplayNameMap":{"Pc1234321":"WANG..HENG"}}
