[{"path":"src/main/java/Deadline.java","fileType":"java","lines":[{"lineNumber":1,"author":{"gitId":"mfarhan-s"},"content":"public class Deadline extends Task {","lastModifiedDate":"2024-02-17"},{"lineNumber":2,"author":{"gitId":"mfarhan-s"},"content":"    protected String by;","lastModifiedDate":"2024-02-17"},{"lineNumber":3,"author":{"gitId":"mfarhan-s"},"content":"","lastModifiedDate":"2024-02-17"},{"lineNumber":4,"author":{"gitId":"mfarhan-s"},"content":"    public Deadline(String description, String by) {","lastModifiedDate":"2024-02-17"},{"lineNumber":5,"author":{"gitId":"mfarhan-s"},"content":"        super(description);","lastModifiedDate":"2024-02-17"},{"lineNumber":6,"author":{"gitId":"mfarhan-s"},"content":"        this.by \u003d by;","lastModifiedDate":"2024-02-17"},{"lineNumber":7,"author":{"gitId":"mfarhan-s"},"content":"    }","lastModifiedDate":"2024-02-17"},{"lineNumber":8,"author":{"gitId":"mfarhan-s"},"content":"    public static Deadline createDeadlineFromCommand(String command) {","lastModifiedDate":"2024-02-17"},{"lineNumber":9,"author":{"gitId":"mfarhan-s"},"content":"        int byIndex \u003d command.indexOf(\"/by\");","lastModifiedDate":"2024-02-17"},{"lineNumber":10,"author":{"gitId":"mfarhan-s"},"content":"        if (byIndex !\u003d -1) {","lastModifiedDate":"2024-02-17"},{"lineNumber":11,"author":{"gitId":"mfarhan-s"},"content":"            String deadlineDescription \u003d command.substring(8, byIndex).trim(); // Assuming \"deadline \".length() is 8","lastModifiedDate":"2024-02-17"},{"lineNumber":12,"author":{"gitId":"mfarhan-s"},"content":"            String by \u003d command.substring(byIndex + 3).trim(); // Assuming \"/by\".length() is 3","lastModifiedDate":"2024-02-17"},{"lineNumber":13,"author":{"gitId":"mfarhan-s"},"content":"","lastModifiedDate":"2024-02-17"},{"lineNumber":14,"author":{"gitId":"mfarhan-s"},"content":"            if (!deadlineDescription.isEmpty() \u0026\u0026 !by.isEmpty()) {","lastModifiedDate":"2024-02-17"},{"lineNumber":15,"author":{"gitId":"mfarhan-s"},"content":"                return new Deadline(deadlineDescription, by);","lastModifiedDate":"2024-02-17"},{"lineNumber":16,"author":{"gitId":"mfarhan-s"},"content":"            }","lastModifiedDate":"2024-02-17"},{"lineNumber":17,"author":{"gitId":"mfarhan-s"},"content":"        }","lastModifiedDate":"2024-02-17"},{"lineNumber":18,"author":{"gitId":"mfarhan-s"},"content":"        return null;","lastModifiedDate":"2024-02-17"},{"lineNumber":19,"author":{"gitId":"mfarhan-s"},"content":"    }","lastModifiedDate":"2024-02-17"},{"lineNumber":20,"author":{"gitId":"mfarhan-s"},"content":"    @Override","lastModifiedDate":"2024-02-17"},{"lineNumber":21,"author":{"gitId":"mfarhan-s"},"content":"    public String toString() {","lastModifiedDate":"2024-02-17"},{"lineNumber":22,"author":{"gitId":"mfarhan-s"},"content":"        return \"[D]\" + super.toString() + \" (by: \" + by + \")\";","lastModifiedDate":"2024-02-17"},{"lineNumber":23,"author":{"gitId":"mfarhan-s"},"content":"    }","lastModifiedDate":"2024-02-17"},{"lineNumber":24,"author":{"gitId":"mfarhan-s"},"content":"}","lastModifiedDate":"2024-02-17"}],"authorContributionMap":{"mfarhan-s":24}},{"path":"src/main/java/Duke.java","fileType":"java","lines":[{"lineNumber":1,"author":{"gitId":"mfarhan-s"},"content":"import java.util.Scanner;","lastModifiedDate":"2024-02-03"},{"lineNumber":2,"author":{"gitId":"mfarhan-s"},"content":"","lastModifiedDate":"2024-02-03"},{"lineNumber":3,"author":{"gitId":"-"},"content":"public class Duke {","lastModifiedDate":"2024-02-03"},{"lineNumber":4,"author":{"gitId":"mfarhan-s"},"content":"","lastModifiedDate":"2024-02-03"},{"lineNumber":5,"author":{"gitId":"-"},"content":"    public static void main(String[] args) {","lastModifiedDate":"2024-02-03"},{"lineNumber":6,"author":{"gitId":"mfarhan-s"},"content":"        greetUser();","lastModifiedDate":"2024-02-03"},{"lineNumber":7,"author":{"gitId":"mfarhan-s"},"content":"        runDuke();","lastModifiedDate":"2024-02-03"},{"lineNumber":8,"author":{"gitId":"mfarhan-s"},"content":"        sayGoodbye();","lastModifiedDate":"2024-02-03"},{"lineNumber":9,"author":{"gitId":"mfarhan-s"},"content":"    }","lastModifiedDate":"2024-02-03"},{"lineNumber":10,"author":{"gitId":"mfarhan-s"},"content":"    public static void greetUser() {","lastModifiedDate":"2024-02-03"},{"lineNumber":11,"author":{"gitId":"mfarhan-s"},"content":"        System.out.println(\"    Greetings, mortal! I am Balrog, the fiery demon.\");","lastModifiedDate":"2024-02-03"},{"lineNumber":12,"author":{"gitId":"mfarhan-s"},"content":"        System.out.println(\"    What foolish commands do you wish to utter?\");","lastModifiedDate":"2024-02-03"},{"lineNumber":13,"author":{"gitId":"mfarhan-s"},"content":"        printHorizontalLine();","lastModifiedDate":"2024-02-03"},{"lineNumber":14,"author":{"gitId":"mfarhan-s"},"content":"    }","lastModifiedDate":"2024-02-03"},{"lineNumber":15,"author":{"gitId":"mfarhan-s"},"content":"    public static void sayGoodbye() {","lastModifiedDate":"2024-02-03"},{"lineNumber":16,"author":{"gitId":"mfarhan-s"},"content":"        System.out.println(\"    Flee, mortal! Until our paths cross again!\");","lastModifiedDate":"2024-02-03"},{"lineNumber":17,"author":{"gitId":"mfarhan-s"},"content":"        printHorizontalLine();","lastModifiedDate":"2024-02-03"},{"lineNumber":18,"author":{"gitId":"mfarhan-s"},"content":"    }","lastModifiedDate":"2024-02-03"},{"lineNumber":19,"author":{"gitId":"mfarhan-s"},"content":"    public static void runDuke() {","lastModifiedDate":"2024-02-17"},{"lineNumber":20,"author":{"gitId":"mfarhan-s"},"content":"        String userInput;","lastModifiedDate":"2024-02-17"},{"lineNumber":21,"author":{"gitId":"mfarhan-s"},"content":"        Scanner in \u003d new Scanner(System.in);","lastModifiedDate":"2024-02-17"},{"lineNumber":22,"author":{"gitId":"mfarhan-s"},"content":"","lastModifiedDate":"2024-02-17"},{"lineNumber":23,"author":{"gitId":"mfarhan-s"},"content":"        do {","lastModifiedDate":"2024-02-17"},{"lineNumber":24,"author":{"gitId":"mfarhan-s"},"content":"            userInput \u003d in.nextLine().trim();","lastModifiedDate":"2024-02-17"},{"lineNumber":25,"author":{"gitId":"mfarhan-s"},"content":"            if (userInput.isEmpty()) {","lastModifiedDate":"2024-02-17"},{"lineNumber":26,"author":{"gitId":"mfarhan-s"},"content":"                System.out.println(\"    Enter a valid command.\");","lastModifiedDate":"2024-02-17"},{"lineNumber":27,"author":{"gitId":"mfarhan-s"},"content":"                printHorizontalLine();","lastModifiedDate":"2024-02-17"},{"lineNumber":28,"author":{"gitId":"mfarhan-s"},"content":"                continue;","lastModifiedDate":"2024-02-17"},{"lineNumber":29,"author":{"gitId":"mfarhan-s"},"content":"            }","lastModifiedDate":"2024-02-17"},{"lineNumber":30,"author":{"gitId":"mfarhan-s"},"content":"","lastModifiedDate":"2024-02-17"},{"lineNumber":31,"author":{"gitId":"mfarhan-s"},"content":"            if (userInput.equalsIgnoreCase(\"bye\")) {","lastModifiedDate":"2024-02-17"},{"lineNumber":32,"author":{"gitId":"mfarhan-s"},"content":"                continue;","lastModifiedDate":"2024-02-17"},{"lineNumber":33,"author":{"gitId":"mfarhan-s"},"content":"            } else if (userInput.equalsIgnoreCase(\"list\")) {","lastModifiedDate":"2024-02-17"},{"lineNumber":34,"author":{"gitId":"mfarhan-s"},"content":"                TaskListManager.displayList();","lastModifiedDate":"2024-02-17"},{"lineNumber":35,"author":{"gitId":"mfarhan-s"},"content":"                continue;","lastModifiedDate":"2024-02-17"},{"lineNumber":36,"author":{"gitId":"mfarhan-s"},"content":"            }","lastModifiedDate":"2024-02-03"},{"lineNumber":37,"author":{"gitId":"mfarhan-s"},"content":"            executeCommand(userInput);","lastModifiedDate":"2024-02-17"},{"lineNumber":38,"author":{"gitId":"mfarhan-s"},"content":"            printHorizontalLine();","lastModifiedDate":"2024-02-03"},{"lineNumber":39,"author":{"gitId":"mfarhan-s"},"content":"        } while (!userInput.equalsIgnoreCase(\"bye\"));","lastModifiedDate":"2024-02-17"},{"lineNumber":40,"author":{"gitId":"mfarhan-s"},"content":"    }","lastModifiedDate":"2024-02-13"},{"lineNumber":41,"author":{"gitId":"mfarhan-s"},"content":"    public static void executeCommand(String command) {","lastModifiedDate":"2024-02-13"},{"lineNumber":42,"author":{"gitId":"mfarhan-s"},"content":"        String[] commandParts \u003d command.split(\" \", 2);","lastModifiedDate":"2024-02-17"},{"lineNumber":43,"author":{"gitId":"mfarhan-s"},"content":"","lastModifiedDate":"2024-02-13"},{"lineNumber":44,"author":{"gitId":"mfarhan-s"},"content":"        switch (commandParts[0].toLowerCase()) {","lastModifiedDate":"2024-02-13"},{"lineNumber":45,"author":{"gitId":"mfarhan-s"},"content":"            case \"list\":","lastModifiedDate":"2024-02-13"},{"lineNumber":46,"author":{"gitId":"mfarhan-s"},"content":"                TaskListManager.displayList();","lastModifiedDate":"2024-02-17"},{"lineNumber":47,"author":{"gitId":"mfarhan-s"},"content":"                break;","lastModifiedDate":"2024-02-13"},{"lineNumber":48,"author":{"gitId":"mfarhan-s"},"content":"            case \"mark\":","lastModifiedDate":"2024-02-13"},{"lineNumber":49,"author":{"gitId":"mfarhan-s"},"content":"                if (commandParts.length \u003e 1) {","lastModifiedDate":"2024-02-13"},{"lineNumber":50,"author":{"gitId":"mfarhan-s"},"content":"                    Task.markTaskAsDone(Integer.parseInt(commandParts[1]));","lastModifiedDate":"2024-02-17"},{"lineNumber":51,"author":{"gitId":"mfarhan-s"},"content":"                } else {","lastModifiedDate":"2024-02-13"},{"lineNumber":52,"author":{"gitId":"mfarhan-s"},"content":"                    System.out.println(\"    Specify the task number to mark as done.\");","lastModifiedDate":"2024-02-13"},{"lineNumber":53,"author":{"gitId":"mfarhan-s"},"content":"                }","lastModifiedDate":"2024-02-13"},{"lineNumber":54,"author":{"gitId":"mfarhan-s"},"content":"                break;","lastModifiedDate":"2024-02-13"},{"lineNumber":55,"author":{"gitId":"mfarhan-s"},"content":"            case \"unmark\":","lastModifiedDate":"2024-02-13"},{"lineNumber":56,"author":{"gitId":"mfarhan-s"},"content":"                if (commandParts.length \u003e 1) {","lastModifiedDate":"2024-02-13"},{"lineNumber":57,"author":{"gitId":"mfarhan-s"},"content":"                    Task.unmarkTaskAsDone(Integer.parseInt(commandParts[1]));","lastModifiedDate":"2024-02-17"},{"lineNumber":58,"author":{"gitId":"mfarhan-s"},"content":"                } else {","lastModifiedDate":"2024-02-13"},{"lineNumber":59,"author":{"gitId":"mfarhan-s"},"content":"                    System.out.println(\"    Specify the task number to mark as not done.\");","lastModifiedDate":"2024-02-13"},{"lineNumber":60,"author":{"gitId":"mfarhan-s"},"content":"                }","lastModifiedDate":"2024-02-13"},{"lineNumber":61,"author":{"gitId":"mfarhan-s"},"content":"                break;","lastModifiedDate":"2024-02-13"},{"lineNumber":62,"author":{"gitId":"mfarhan-s"},"content":"            case \"todo\":","lastModifiedDate":"2024-02-17"},{"lineNumber":63,"author":{"gitId":"mfarhan-s"},"content":"                if (commandParts.length \u003e 1) {","lastModifiedDate":"2024-02-17"},{"lineNumber":64,"author":{"gitId":"mfarhan-s"},"content":"                    ToDo toDoTask \u003d ToDo.createToDoFromCommand(command);","lastModifiedDate":"2024-02-17"},{"lineNumber":65,"author":{"gitId":"mfarhan-s"},"content":"                    if (toDoTask !\u003d null) {","lastModifiedDate":"2024-02-17"},{"lineNumber":66,"author":{"gitId":"mfarhan-s"},"content":"                        TaskListManager.addTask(toDoTask);","lastModifiedDate":"2024-02-17"},{"lineNumber":67,"author":{"gitId":"mfarhan-s"},"content":"                    } else {","lastModifiedDate":"2024-02-17"},{"lineNumber":68,"author":{"gitId":"mfarhan-s"},"content":"                        System.out.println(\"    Specify the task ToDo properly, if you dare!\");","lastModifiedDate":"2024-02-17"},{"lineNumber":69,"author":{"gitId":"mfarhan-s"},"content":"                    }","lastModifiedDate":"2024-02-17"},{"lineNumber":70,"author":{"gitId":"mfarhan-s"},"content":"                } else {","lastModifiedDate":"2024-02-17"},{"lineNumber":71,"author":{"gitId":"mfarhan-s"},"content":"                    System.out.println(\"    Specify the task ToDo properly, if you dare!\");","lastModifiedDate":"2024-02-17"},{"lineNumber":72,"author":{"gitId":"mfarhan-s"},"content":"                }","lastModifiedDate":"2024-02-17"},{"lineNumber":73,"author":{"gitId":"mfarhan-s"},"content":"                break;","lastModifiedDate":"2024-02-17"},{"lineNumber":74,"author":{"gitId":"mfarhan-s"},"content":"            case \"deadline\":","lastModifiedDate":"2024-02-17"},{"lineNumber":75,"author":{"gitId":"mfarhan-s"},"content":"                if (commandParts.length \u003e 1) {","lastModifiedDate":"2024-02-17"},{"lineNumber":76,"author":{"gitId":"mfarhan-s"},"content":"                    Deadline deadlineTask \u003d Deadline.createDeadlineFromCommand(command);","lastModifiedDate":"2024-02-17"},{"lineNumber":77,"author":{"gitId":"mfarhan-s"},"content":"                    if (deadlineTask !\u003d null) {","lastModifiedDate":"2024-02-17"},{"lineNumber":78,"author":{"gitId":"mfarhan-s"},"content":"                        TaskListManager.addTask(deadlineTask);","lastModifiedDate":"2024-02-17"},{"lineNumber":79,"author":{"gitId":"mfarhan-s"},"content":"                    } else {","lastModifiedDate":"2024-02-17"},{"lineNumber":80,"author":{"gitId":"mfarhan-s"},"content":"                        System.out.println(\"    Enter the correct format, mortal!\");","lastModifiedDate":"2024-02-17"},{"lineNumber":81,"author":{"gitId":"mfarhan-s"},"content":"                    }","lastModifiedDate":"2024-02-17"},{"lineNumber":82,"author":{"gitId":"mfarhan-s"},"content":"                } else {","lastModifiedDate":"2024-02-17"},{"lineNumber":83,"author":{"gitId":"mfarhan-s"},"content":"                    System.out.println(\"   Specify the task deadline properly, if you dare!\");","lastModifiedDate":"2024-02-17"},{"lineNumber":84,"author":{"gitId":"mfarhan-s"},"content":"                }","lastModifiedDate":"2024-02-17"},{"lineNumber":85,"author":{"gitId":"mfarhan-s"},"content":"                break;","lastModifiedDate":"2024-02-17"},{"lineNumber":86,"author":{"gitId":"mfarhan-s"},"content":"            case \"event\":","lastModifiedDate":"2024-02-17"},{"lineNumber":87,"author":{"gitId":"mfarhan-s"},"content":"                if (commandParts.length \u003e 1) {","lastModifiedDate":"2024-02-17"},{"lineNumber":88,"author":{"gitId":"mfarhan-s"},"content":"                    Event eventTask \u003d Event.createEventFromCommand(command);","lastModifiedDate":"2024-02-17"},{"lineNumber":89,"author":{"gitId":"mfarhan-s"},"content":"                    if (eventTask !\u003d null) {","lastModifiedDate":"2024-02-17"},{"lineNumber":90,"author":{"gitId":"mfarhan-s"},"content":"                        TaskListManager.addTask(eventTask);","lastModifiedDate":"2024-02-17"},{"lineNumber":91,"author":{"gitId":"mfarhan-s"},"content":"                    } else {","lastModifiedDate":"2024-02-17"},{"lineNumber":92,"author":{"gitId":"mfarhan-s"},"content":"                        System.out.println(\"    Enter the correct format for the event command, mortal!\");","lastModifiedDate":"2024-02-17"},{"lineNumber":93,"author":{"gitId":"mfarhan-s"},"content":"                    }","lastModifiedDate":"2024-02-17"},{"lineNumber":94,"author":{"gitId":"mfarhan-s"},"content":"                } else {","lastModifiedDate":"2024-02-13"},{"lineNumber":95,"author":{"gitId":"mfarhan-s"},"content":"                    System.out.println(\"   Specify the event details properly, if you dare!\");","lastModifiedDate":"2024-02-17"},{"lineNumber":96,"author":{"gitId":"mfarhan-s"},"content":"                }","lastModifiedDate":"2024-02-13"},{"lineNumber":97,"author":{"gitId":"mfarhan-s"},"content":"                break;","lastModifiedDate":"2024-02-17"},{"lineNumber":98,"author":{"gitId":"mfarhan-s"},"content":"            default:","lastModifiedDate":"2024-02-17"},{"lineNumber":99,"author":{"gitId":"mfarhan-s"},"content":"                TaskListManager.addTask(new Task(command));","lastModifiedDate":"2024-02-17"},{"lineNumber":100,"author":{"gitId":"mfarhan-s"},"content":"        }","lastModifiedDate":"2024-02-13"},{"lineNumber":101,"author":{"gitId":"mfarhan-s"},"content":"    }","lastModifiedDate":"2024-02-13"},{"lineNumber":102,"author":{"gitId":"mfarhan-s"},"content":"    public static void printHorizontalLine() {","lastModifiedDate":"2024-02-17"},{"lineNumber":103,"author":{"gitId":"mfarhan-s"},"content":"        System.out.println(\"-------------------------------------------------\");","lastModifiedDate":"2024-02-17"},{"lineNumber":104,"author":{"gitId":"-"},"content":"    }","lastModifiedDate":"2024-02-13"},{"lineNumber":105,"author":{"gitId":"-"},"content":"}","lastModifiedDate":"2019-07-29"}],"authorContributionMap":{"mfarhan-s":101,"-":4}},{"path":"src/main/java/Event.java","fileType":"java","lines":[{"lineNumber":1,"author":{"gitId":"mfarhan-s"},"content":"public class Event extends Task {","lastModifiedDate":"2024-02-17"},{"lineNumber":2,"author":{"gitId":"mfarhan-s"},"content":"    private String from;","lastModifiedDate":"2024-02-17"},{"lineNumber":3,"author":{"gitId":"mfarhan-s"},"content":"    private String to;","lastModifiedDate":"2024-02-17"},{"lineNumber":4,"author":{"gitId":"mfarhan-s"},"content":"","lastModifiedDate":"2024-02-17"},{"lineNumber":5,"author":{"gitId":"mfarhan-s"},"content":"    public Event(String description, String from, String to) {","lastModifiedDate":"2024-02-17"},{"lineNumber":6,"author":{"gitId":"mfarhan-s"},"content":"        super(description);","lastModifiedDate":"2024-02-17"},{"lineNumber":7,"author":{"gitId":"mfarhan-s"},"content":"        this.from \u003d from;","lastModifiedDate":"2024-02-17"},{"lineNumber":8,"author":{"gitId":"mfarhan-s"},"content":"        this.to \u003d to;","lastModifiedDate":"2024-02-17"},{"lineNumber":9,"author":{"gitId":"mfarhan-s"},"content":"    }","lastModifiedDate":"2024-02-17"},{"lineNumber":10,"author":{"gitId":"mfarhan-s"},"content":"","lastModifiedDate":"2024-02-17"},{"lineNumber":11,"author":{"gitId":"mfarhan-s"},"content":"    @Override","lastModifiedDate":"2024-02-17"},{"lineNumber":12,"author":{"gitId":"mfarhan-s"},"content":"    public String toString() {","lastModifiedDate":"2024-02-17"},{"lineNumber":13,"author":{"gitId":"mfarhan-s"},"content":"        return \"[E]\" + super.toString() + \" (from: \" + from + \" to: \" + to + \")\";","lastModifiedDate":"2024-02-17"},{"lineNumber":14,"author":{"gitId":"mfarhan-s"},"content":"    }","lastModifiedDate":"2024-02-17"},{"lineNumber":15,"author":{"gitId":"mfarhan-s"},"content":"//event project meeting /from Mon 2pm /to 4pm","lastModifiedDate":"2024-02-17"},{"lineNumber":16,"author":{"gitId":"mfarhan-s"},"content":"    public static Event createEventFromCommand(String command) {","lastModifiedDate":"2024-02-17"},{"lineNumber":17,"author":{"gitId":"mfarhan-s"},"content":"        int fromIndex \u003d command.indexOf(\"/from\");","lastModifiedDate":"2024-02-17"},{"lineNumber":18,"author":{"gitId":"mfarhan-s"},"content":"        int toIndex \u003d command.indexOf(\"/to\");","lastModifiedDate":"2024-02-17"},{"lineNumber":19,"author":{"gitId":"mfarhan-s"},"content":"","lastModifiedDate":"2024-02-17"},{"lineNumber":20,"author":{"gitId":"mfarhan-s"},"content":"        if (fromIndex !\u003d -1 \u0026\u0026 toIndex !\u003d -1) {","lastModifiedDate":"2024-02-17"},{"lineNumber":21,"author":{"gitId":"mfarhan-s"},"content":"            String eventDescription \u003d command.substring(6, fromIndex).trim(); // Assuming \"event \".length() is 6","lastModifiedDate":"2024-02-17"},{"lineNumber":22,"author":{"gitId":"mfarhan-s"},"content":"            String from \u003d command.substring(fromIndex + 5, toIndex).trim(); // Assuming \"/from\".length() is 5","lastModifiedDate":"2024-02-17"},{"lineNumber":23,"author":{"gitId":"mfarhan-s"},"content":"            String to \u003d command.substring(toIndex + 3).trim(); // Assuming \"/to\".length() is 3","lastModifiedDate":"2024-02-17"},{"lineNumber":24,"author":{"gitId":"mfarhan-s"},"content":"","lastModifiedDate":"2024-02-17"},{"lineNumber":25,"author":{"gitId":"mfarhan-s"},"content":"            if (!eventDescription.isEmpty() \u0026\u0026 !from.isEmpty() \u0026\u0026 !to.isEmpty()) {","lastModifiedDate":"2024-02-17"},{"lineNumber":26,"author":{"gitId":"mfarhan-s"},"content":"                return new Event(eventDescription, from, to);","lastModifiedDate":"2024-02-17"},{"lineNumber":27,"author":{"gitId":"mfarhan-s"},"content":"            }","lastModifiedDate":"2024-02-17"},{"lineNumber":28,"author":{"gitId":"mfarhan-s"},"content":"        }","lastModifiedDate":"2024-02-17"},{"lineNumber":29,"author":{"gitId":"mfarhan-s"},"content":"        return null;","lastModifiedDate":"2024-02-17"},{"lineNumber":30,"author":{"gitId":"mfarhan-s"},"content":"    }","lastModifiedDate":"2024-02-17"},{"lineNumber":31,"author":{"gitId":"mfarhan-s"},"content":"}","lastModifiedDate":"2024-02-17"}],"authorContributionMap":{"mfarhan-s":31}},{"path":"src/main/java/Task.java","fileType":"java","lines":[{"lineNumber":1,"author":{"gitId":"mfarhan-s"},"content":"public class Task {","lastModifiedDate":"2024-02-13"},{"lineNumber":2,"author":{"gitId":"mfarhan-s"},"content":"    private String description;","lastModifiedDate":"2024-02-13"},{"lineNumber":3,"author":{"gitId":"mfarhan-s"},"content":"    private boolean isDone;","lastModifiedDate":"2024-02-13"},{"lineNumber":4,"author":{"gitId":"mfarhan-s"},"content":"","lastModifiedDate":"2024-02-13"},{"lineNumber":5,"author":{"gitId":"mfarhan-s"},"content":"    public Task(String description) {","lastModifiedDate":"2024-02-13"},{"lineNumber":6,"author":{"gitId":"mfarhan-s"},"content":"        this.description \u003d description;","lastModifiedDate":"2024-02-13"},{"lineNumber":7,"author":{"gitId":"mfarhan-s"},"content":"        this.isDone \u003d false;","lastModifiedDate":"2024-02-13"},{"lineNumber":8,"author":{"gitId":"mfarhan-s"},"content":"    }","lastModifiedDate":"2024-02-13"},{"lineNumber":9,"author":{"gitId":"mfarhan-s"},"content":"    public String getDescription() {","lastModifiedDate":"2024-02-13"},{"lineNumber":10,"author":{"gitId":"mfarhan-s"},"content":"        return description;","lastModifiedDate":"2024-02-13"},{"lineNumber":11,"author":{"gitId":"mfarhan-s"},"content":"    }","lastModifiedDate":"2024-02-13"},{"lineNumber":12,"author":{"gitId":"mfarhan-s"},"content":"    public boolean isDone() {","lastModifiedDate":"2024-02-13"},{"lineNumber":13,"author":{"gitId":"mfarhan-s"},"content":"        return isDone;","lastModifiedDate":"2024-02-13"},{"lineNumber":14,"author":{"gitId":"mfarhan-s"},"content":"    }","lastModifiedDate":"2024-02-13"},{"lineNumber":15,"author":{"gitId":"mfarhan-s"},"content":"    public void markAsDone() {","lastModifiedDate":"2024-02-13"},{"lineNumber":16,"author":{"gitId":"mfarhan-s"},"content":"        this.isDone \u003d true;","lastModifiedDate":"2024-02-13"},{"lineNumber":17,"author":{"gitId":"mfarhan-s"},"content":"    }","lastModifiedDate":"2024-02-13"},{"lineNumber":18,"author":{"gitId":"mfarhan-s"},"content":"    public void unmarkAsDone() {","lastModifiedDate":"2024-02-13"},{"lineNumber":19,"author":{"gitId":"mfarhan-s"},"content":"        this.isDone \u003d false;","lastModifiedDate":"2024-02-13"},{"lineNumber":20,"author":{"gitId":"mfarhan-s"},"content":"    }","lastModifiedDate":"2024-02-13"},{"lineNumber":21,"author":{"gitId":"mfarhan-s"},"content":"    public String getStatusIcon() {","lastModifiedDate":"2024-02-13"},{"lineNumber":22,"author":{"gitId":"mfarhan-s"},"content":"        return (isDone ? \"X\" : \" \"); // mark done task with X","lastModifiedDate":"2024-02-13"},{"lineNumber":23,"author":{"gitId":"mfarhan-s"},"content":"    }","lastModifiedDate":"2024-02-13"},{"lineNumber":24,"author":{"gitId":"mfarhan-s"},"content":"    public String toString() {","lastModifiedDate":"2024-02-13"},{"lineNumber":25,"author":{"gitId":"mfarhan-s"},"content":"        return \"[\" + getStatusIcon() + \"] \" + description;","lastModifiedDate":"2024-02-13"},{"lineNumber":26,"author":{"gitId":"mfarhan-s"},"content":"    }","lastModifiedDate":"2024-02-13"},{"lineNumber":27,"author":{"gitId":"mfarhan-s"},"content":"    public static void echoUserCommand(Task task) {","lastModifiedDate":"2024-02-17"},{"lineNumber":28,"author":{"gitId":"mfarhan-s"},"content":"        System.out.println(\"    A foolish command, mortal! You dare to utter:\\n \" + \"     \" + task.toString());","lastModifiedDate":"2024-02-17"},{"lineNumber":29,"author":{"gitId":"mfarhan-s"},"content":"    }","lastModifiedDate":"2024-02-17"},{"lineNumber":30,"author":{"gitId":"mfarhan-s"},"content":"    protected static void markTaskAsDone(int taskNumber) {","lastModifiedDate":"2024-02-17"},{"lineNumber":31,"author":{"gitId":"mfarhan-s"},"content":"        if (isValidTaskNumber(taskNumber)) {","lastModifiedDate":"2024-02-17"},{"lineNumber":32,"author":{"gitId":"mfarhan-s"},"content":"            TaskListManager.taskList[taskNumber - 1].markAsDone();","lastModifiedDate":"2024-02-17"},{"lineNumber":33,"author":{"gitId":"mfarhan-s"},"content":"            System.out.println(\"    Hmph! I\u0027ve smitten this task from the list:\\n      \" +","lastModifiedDate":"2024-02-17"},{"lineNumber":34,"author":{"gitId":"mfarhan-s"},"content":"                    TaskListManager.taskList[taskNumber - 1].toString());","lastModifiedDate":"2024-02-17"},{"lineNumber":35,"author":{"gitId":"mfarhan-s"},"content":"        } else {","lastModifiedDate":"2024-02-17"},{"lineNumber":36,"author":{"gitId":"mfarhan-s"},"content":"            System.out.println(\"    Fool! That task number is beyond the realm of your pitiful list!\");","lastModifiedDate":"2024-02-17"},{"lineNumber":37,"author":{"gitId":"mfarhan-s"},"content":"        }","lastModifiedDate":"2024-02-17"},{"lineNumber":38,"author":{"gitId":"mfarhan-s"},"content":"    }","lastModifiedDate":"2024-02-17"},{"lineNumber":39,"author":{"gitId":"mfarhan-s"},"content":"    public static void unmarkTaskAsDone(int taskNumber) {","lastModifiedDate":"2024-02-17"},{"lineNumber":40,"author":{"gitId":"mfarhan-s"},"content":"        if (isValidTaskNumber(taskNumber)) {","lastModifiedDate":"2024-02-17"},{"lineNumber":41,"author":{"gitId":"mfarhan-s"},"content":"            TaskListManager.taskList[taskNumber - 1].unmarkAsDone();","lastModifiedDate":"2024-02-17"},{"lineNumber":42,"author":{"gitId":"mfarhan-s"},"content":"            System.out.println(\"    Bah! I\u0027ve restored this task to its pathetic existence:\\n    \" +","lastModifiedDate":"2024-02-17"},{"lineNumber":43,"author":{"gitId":"mfarhan-s"},"content":"                    TaskListManager.taskList[taskNumber - 1].toString());","lastModifiedDate":"2024-02-17"},{"lineNumber":44,"author":{"gitId":"mfarhan-s"},"content":"        } else {","lastModifiedDate":"2024-02-17"},{"lineNumber":45,"author":{"gitId":"mfarhan-s"},"content":"            System.out.println(\"    You dare invoke the invalid task number? Pathetic!\");","lastModifiedDate":"2024-02-17"},{"lineNumber":46,"author":{"gitId":"mfarhan-s"},"content":"        }","lastModifiedDate":"2024-02-17"},{"lineNumber":47,"author":{"gitId":"mfarhan-s"},"content":"    }","lastModifiedDate":"2024-02-17"},{"lineNumber":48,"author":{"gitId":"mfarhan-s"},"content":"    public static boolean isValidTaskNumber(int taskNumber) {","lastModifiedDate":"2024-02-17"},{"lineNumber":49,"author":{"gitId":"mfarhan-s"},"content":"        return taskNumber \u003e 0 \u0026\u0026 taskNumber \u003c\u003d TaskListManager.taskCount;","lastModifiedDate":"2024-02-17"},{"lineNumber":50,"author":{"gitId":"mfarhan-s"},"content":"    }","lastModifiedDate":"2024-02-17"},{"lineNumber":51,"author":{"gitId":"mfarhan-s"},"content":"}","lastModifiedDate":"2024-02-13"}],"authorContributionMap":{"mfarhan-s":51}},{"path":"src/main/java/TaskListManager.java","fileType":"java","lines":[{"lineNumber":1,"author":{"gitId":"mfarhan-s"},"content":"public class TaskListManager {","lastModifiedDate":"2024-02-17"},{"lineNumber":2,"author":{"gitId":"mfarhan-s"},"content":"    private static final int MAX_TASKS \u003d 100;","lastModifiedDate":"2024-02-17"},{"lineNumber":3,"author":{"gitId":"mfarhan-s"},"content":"    protected static Task[] taskList \u003d new Task[MAX_TASKS];","lastModifiedDate":"2024-02-17"},{"lineNumber":4,"author":{"gitId":"mfarhan-s"},"content":"    protected static int taskCount \u003d 0;","lastModifiedDate":"2024-02-17"},{"lineNumber":5,"author":{"gitId":"mfarhan-s"},"content":"","lastModifiedDate":"2024-02-17"},{"lineNumber":6,"author":{"gitId":"mfarhan-s"},"content":"    public static void addTask(Task task) {","lastModifiedDate":"2024-02-17"},{"lineNumber":7,"author":{"gitId":"mfarhan-s"},"content":"        if (taskCount \u003c MAX_TASKS) {","lastModifiedDate":"2024-02-17"},{"lineNumber":8,"author":{"gitId":"mfarhan-s"},"content":"            taskList[taskCount] \u003d task;","lastModifiedDate":"2024-02-17"},{"lineNumber":9,"author":{"gitId":"mfarhan-s"},"content":"            taskCount++;","lastModifiedDate":"2024-02-17"},{"lineNumber":10,"author":{"gitId":"mfarhan-s"},"content":"            Task.echoUserCommand(task);","lastModifiedDate":"2024-02-17"},{"lineNumber":11,"author":{"gitId":"mfarhan-s"},"content":"            System.out.println(\"    Now you have \" + taskCount + \" task(s) in your list\");","lastModifiedDate":"2024-02-17"},{"lineNumber":12,"author":{"gitId":"mfarhan-s"},"content":"        } else {","lastModifiedDate":"2024-02-17"},{"lineNumber":13,"author":{"gitId":"mfarhan-s"},"content":"            System.out.println(\"    The list of tasks is full! I shall not be burdened further.\");","lastModifiedDate":"2024-02-17"},{"lineNumber":14,"author":{"gitId":"mfarhan-s"},"content":"        }","lastModifiedDate":"2024-02-17"},{"lineNumber":15,"author":{"gitId":"mfarhan-s"},"content":"    }","lastModifiedDate":"2024-02-17"},{"lineNumber":16,"author":{"gitId":"mfarhan-s"},"content":"    public static void displayList() {","lastModifiedDate":"2024-02-17"},{"lineNumber":17,"author":{"gitId":"mfarhan-s"},"content":"        if (taskCount \u003d\u003d 0) {","lastModifiedDate":"2024-02-17"},{"lineNumber":18,"author":{"gitId":"mfarhan-s"},"content":"            System.out.println(\"    Your feeble Task List is Empty!\");","lastModifiedDate":"2024-02-17"},{"lineNumber":19,"author":{"gitId":"mfarhan-s"},"content":"        } else {","lastModifiedDate":"2024-02-17"},{"lineNumber":20,"author":{"gitId":"mfarhan-s"},"content":"            System.out.println(\"    \u003d\u003d\u003d\u003d\u003d\u003d\u003d Scroll of Puny Tasks \u003d\u003d\u003d\u003d\u003d\u003d\u003d\");","lastModifiedDate":"2024-02-17"},{"lineNumber":21,"author":{"gitId":"mfarhan-s"},"content":"            for (int i \u003d 0; i \u003c taskCount; i++) {","lastModifiedDate":"2024-02-17"},{"lineNumber":22,"author":{"gitId":"mfarhan-s"},"content":"                System.out.println(\"        \" + (i + 1) + \". \" + taskList[i]);","lastModifiedDate":"2024-02-17"},{"lineNumber":23,"author":{"gitId":"mfarhan-s"},"content":"            }","lastModifiedDate":"2024-02-17"},{"lineNumber":24,"author":{"gitId":"mfarhan-s"},"content":"        }","lastModifiedDate":"2024-02-17"},{"lineNumber":25,"author":{"gitId":"mfarhan-s"},"content":"        Duke.printHorizontalLine();","lastModifiedDate":"2024-02-17"},{"lineNumber":26,"author":{"gitId":"mfarhan-s"},"content":"    }","lastModifiedDate":"2024-02-17"},{"lineNumber":27,"author":{"gitId":"mfarhan-s"},"content":"}","lastModifiedDate":"2024-02-17"}],"authorContributionMap":{"mfarhan-s":27}},{"path":"src/main/java/ToDo.java","fileType":"java","lines":[{"lineNumber":1,"author":{"gitId":"mfarhan-s"},"content":"public class ToDo extends Task {","lastModifiedDate":"2024-02-17"},{"lineNumber":2,"author":{"gitId":"mfarhan-s"},"content":"    public ToDo(String description) {","lastModifiedDate":"2024-02-17"},{"lineNumber":3,"author":{"gitId":"mfarhan-s"},"content":"        super(description);","lastModifiedDate":"2024-02-17"},{"lineNumber":4,"author":{"gitId":"mfarhan-s"},"content":"    }","lastModifiedDate":"2024-02-17"},{"lineNumber":5,"author":{"gitId":"mfarhan-s"},"content":"    public static ToDo createToDoFromCommand(String command) {","lastModifiedDate":"2024-02-17"},{"lineNumber":6,"author":{"gitId":"mfarhan-s"},"content":"        String todoDescription \u003d command.substring(5).trim(); // Assuming \"todo \".length() is 5","lastModifiedDate":"2024-02-17"},{"lineNumber":7,"author":{"gitId":"mfarhan-s"},"content":"","lastModifiedDate":"2024-02-17"},{"lineNumber":8,"author":{"gitId":"mfarhan-s"},"content":"        if (!todoDescription.isEmpty()) {","lastModifiedDate":"2024-02-17"},{"lineNumber":9,"author":{"gitId":"mfarhan-s"},"content":"            return new ToDo(todoDescription);","lastModifiedDate":"2024-02-17"},{"lineNumber":10,"author":{"gitId":"mfarhan-s"},"content":"        }","lastModifiedDate":"2024-02-17"},{"lineNumber":11,"author":{"gitId":"mfarhan-s"},"content":"        return null;","lastModifiedDate":"2024-02-17"},{"lineNumber":12,"author":{"gitId":"mfarhan-s"},"content":"    }","lastModifiedDate":"2024-02-17"},{"lineNumber":13,"author":{"gitId":"mfarhan-s"},"content":"    @Override","lastModifiedDate":"2024-02-17"},{"lineNumber":14,"author":{"gitId":"mfarhan-s"},"content":"    public String toString() {","lastModifiedDate":"2024-02-17"},{"lineNumber":15,"author":{"gitId":"mfarhan-s"},"content":"        return \"[T]\" + super.toString();","lastModifiedDate":"2024-02-17"},{"lineNumber":16,"author":{"gitId":"mfarhan-s"},"content":"    }","lastModifiedDate":"2024-02-17"},{"lineNumber":17,"author":{"gitId":"mfarhan-s"},"content":"}","lastModifiedDate":"2024-02-17"}],"authorContributionMap":{"mfarhan-s":17}}]
