[{"path":"src/main/java/Deadline.java","fileType":"java","lines":[{"lineNumber":1,"author":{"gitId":"mfarhan-s"},"content":"public class Deadline extends Task {","lastModifiedDate":"2024-02-17"},{"lineNumber":2,"author":{"gitId":"mfarhan-s"},"content":"    protected String by;","lastModifiedDate":"2024-02-17"},{"lineNumber":3,"author":{"gitId":"mfarhan-s"},"content":"","lastModifiedDate":"2024-02-17"},{"lineNumber":4,"author":{"gitId":"mfarhan-s"},"content":"    public Deadline(String description, String by) {","lastModifiedDate":"2024-02-17"},{"lineNumber":5,"author":{"gitId":"mfarhan-s"},"content":"        super(description);","lastModifiedDate":"2024-02-17"},{"lineNumber":6,"author":{"gitId":"mfarhan-s"},"content":"        this.by \u003d by;","lastModifiedDate":"2024-02-17"},{"lineNumber":7,"author":{"gitId":"mfarhan-s"},"content":"    }","lastModifiedDate":"2024-02-17"},{"lineNumber":8,"author":{"gitId":"mfarhan-s"},"content":"    public String getBy() {","lastModifiedDate":"2024-03-17"},{"lineNumber":9,"author":{"gitId":"mfarhan-s"},"content":"        return by;","lastModifiedDate":"2024-03-17"},{"lineNumber":10,"author":{"gitId":"mfarhan-s"},"content":"    }","lastModifiedDate":"2024-03-17"},{"lineNumber":11,"author":{"gitId":"mfarhan-s"},"content":"    public static Deadline createDeadlineFromCommand(String command) {","lastModifiedDate":"2024-02-17"},{"lineNumber":12,"author":{"gitId":"mfarhan-s"},"content":"        String prefix \u003d \"deadline\";","lastModifiedDate":"2024-03-17"},{"lineNumber":13,"author":{"gitId":"mfarhan-s"},"content":"        String byKeyword \u003d \"/by\";","lastModifiedDate":"2024-03-17"},{"lineNumber":14,"author":{"gitId":"mfarhan-s"},"content":"","lastModifiedDate":"2024-03-17"},{"lineNumber":15,"author":{"gitId":"mfarhan-s"},"content":"        int prefixIndex \u003d command.toLowerCase().indexOf(prefix);","lastModifiedDate":"2024-03-17"},{"lineNumber":16,"author":{"gitId":"mfarhan-s"},"content":"        int byIndex \u003d command.indexOf(byKeyword);","lastModifiedDate":"2024-03-17"},{"lineNumber":17,"author":{"gitId":"mfarhan-s"},"content":"","lastModifiedDate":"2024-03-17"},{"lineNumber":18,"author":{"gitId":"mfarhan-s"},"content":"        if (prefixIndex !\u003d -1 \u0026\u0026 byIndex !\u003d -1) {","lastModifiedDate":"2024-03-17"},{"lineNumber":19,"author":{"gitId":"mfarhan-s"},"content":"            String deadlineDescription \u003d command.substring(prefixIndex + prefix.length(), byIndex).trim();","lastModifiedDate":"2024-03-17"},{"lineNumber":20,"author":{"gitId":"mfarhan-s"},"content":"            String by \u003d command.substring(byIndex + byKeyword.length()).trim();","lastModifiedDate":"2024-03-17"},{"lineNumber":21,"author":{"gitId":"mfarhan-s"},"content":"","lastModifiedDate":"2024-02-17"},{"lineNumber":22,"author":{"gitId":"mfarhan-s"},"content":"            if (!deadlineDescription.isEmpty() \u0026\u0026 !by.isEmpty()) {","lastModifiedDate":"2024-02-17"},{"lineNumber":23,"author":{"gitId":"mfarhan-s"},"content":"                return new Deadline(deadlineDescription, by);","lastModifiedDate":"2024-02-17"},{"lineNumber":24,"author":{"gitId":"mfarhan-s"},"content":"            }","lastModifiedDate":"2024-02-17"},{"lineNumber":25,"author":{"gitId":"mfarhan-s"},"content":"        }","lastModifiedDate":"2024-02-17"},{"lineNumber":26,"author":{"gitId":"mfarhan-s"},"content":"        return null;","lastModifiedDate":"2024-02-17"},{"lineNumber":27,"author":{"gitId":"mfarhan-s"},"content":"    }","lastModifiedDate":"2024-02-17"},{"lineNumber":28,"author":{"gitId":"mfarhan-s"},"content":"","lastModifiedDate":"2024-03-17"},{"lineNumber":29,"author":{"gitId":"mfarhan-s"},"content":"","lastModifiedDate":"2024-03-17"},{"lineNumber":30,"author":{"gitId":"mfarhan-s"},"content":"    @Override","lastModifiedDate":"2024-02-17"},{"lineNumber":31,"author":{"gitId":"mfarhan-s"},"content":"    public String toString() {","lastModifiedDate":"2024-02-17"},{"lineNumber":32,"author":{"gitId":"mfarhan-s"},"content":"        return \"[D]\" + super.toString() + \" (by: \" + by + \")\";","lastModifiedDate":"2024-02-17"},{"lineNumber":33,"author":{"gitId":"mfarhan-s"},"content":"    }","lastModifiedDate":"2024-02-17"},{"lineNumber":34,"author":{"gitId":"mfarhan-s"},"content":"}","lastModifiedDate":"2024-02-17"}],"authorContributionMap":{"mfarhan-s":34}},{"path":"src/main/java/Duke.java","fileType":"java","lines":[{"lineNumber":1,"author":{"gitId":"-"},"content":"public class Duke {","lastModifiedDate":"2024-02-03"},{"lineNumber":2,"author":{"gitId":"mfarhan-s"},"content":"    public static void main(String[] args){","lastModifiedDate":"2024-02-03"},{"lineNumber":3,"author":{"gitId":"mfarhan-s"},"content":"        TaskList.readTasksFromFile();","lastModifiedDate":"2024-03-20"},{"lineNumber":4,"author":{"gitId":"mfarhan-s"},"content":"        Ui.greetUser();","lastModifiedDate":"2024-03-20"},{"lineNumber":5,"author":{"gitId":"mfarhan-s"},"content":"        Parser.runDuke();","lastModifiedDate":"2024-03-20"},{"lineNumber":6,"author":{"gitId":"mfarhan-s"},"content":"        Ui.sayGoodbye();","lastModifiedDate":"2024-03-20"},{"lineNumber":7,"author":{"gitId":"-"},"content":"    }","lastModifiedDate":"2024-02-13"},{"lineNumber":8,"author":{"gitId":"-"},"content":"}","lastModifiedDate":"2019-07-29"}],"authorContributionMap":{"mfarhan-s":5,"-":3}},{"path":"src/main/java/DukeException.java","fileType":"java","lines":[{"lineNumber":1,"author":{"gitId":"mfarhan-s"},"content":"public class DukeException extends Exception {","lastModifiedDate":"2024-03-09"},{"lineNumber":2,"author":{"gitId":"mfarhan-s"},"content":"    public DukeException(String message) {","lastModifiedDate":"2024-03-09"},{"lineNumber":3,"author":{"gitId":"mfarhan-s"},"content":"        super(message);","lastModifiedDate":"2024-03-09"},{"lineNumber":4,"author":{"gitId":"mfarhan-s"},"content":"    }","lastModifiedDate":"2024-03-09"},{"lineNumber":5,"author":{"gitId":"mfarhan-s"},"content":"    public String getErrorMessage() {","lastModifiedDate":"2024-03-09"},{"lineNumber":6,"author":{"gitId":"mfarhan-s"},"content":"        return \"    Arise, ERROR!: \" + getMessage();","lastModifiedDate":"2024-03-16"},{"lineNumber":7,"author":{"gitId":"mfarhan-s"},"content":"    }","lastModifiedDate":"2024-03-09"},{"lineNumber":8,"author":{"gitId":"mfarhan-s"},"content":"    public static void handleGracefulError(DukeException exception) {","lastModifiedDate":"2024-03-09"},{"lineNumber":9,"author":{"gitId":"mfarhan-s"},"content":"        System.out.println(exception.getErrorMessage());","lastModifiedDate":"2024-03-09"},{"lineNumber":10,"author":{"gitId":"mfarhan-s"},"content":"    }","lastModifiedDate":"2024-03-09"},{"lineNumber":11,"author":{"gitId":"mfarhan-s"},"content":"    public static DukeException invalidTaskNumber() {","lastModifiedDate":"2024-03-09"},{"lineNumber":12,"author":{"gitId":"mfarhan-s"},"content":"        return new DukeException(\"Foolish mortal! Specify a valid task number.\");","lastModifiedDate":"2024-03-16"},{"lineNumber":13,"author":{"gitId":"mfarhan-s"},"content":"    }","lastModifiedDate":"2024-03-09"},{"lineNumber":14,"author":{"gitId":"mfarhan-s"},"content":"","lastModifiedDate":"2024-03-09"},{"lineNumber":15,"author":{"gitId":"mfarhan-s"},"content":"    public static DukeException invalidToDoFormat() {","lastModifiedDate":"2024-03-09"},{"lineNumber":16,"author":{"gitId":"mfarhan-s"},"content":"        return new DukeException(\"Aha! Enter the ToDo format as follows: todo \u003cdescription\u003e\");","lastModifiedDate":"2024-03-16"},{"lineNumber":17,"author":{"gitId":"mfarhan-s"},"content":"    }","lastModifiedDate":"2024-03-09"},{"lineNumber":18,"author":{"gitId":"mfarhan-s"},"content":"","lastModifiedDate":"2024-03-09"},{"lineNumber":19,"author":{"gitId":"mfarhan-s"},"content":"    public static DukeException invalidDeadlineFormat() {","lastModifiedDate":"2024-03-09"},{"lineNumber":20,"author":{"gitId":"mfarhan-s"},"content":"        return new DukeException(\"Pathetic creature! Enter the Deadline format as follows: deadline \u003cdescription\u003e /by \u003cdate\u003e\");","lastModifiedDate":"2024-03-16"},{"lineNumber":21,"author":{"gitId":"mfarhan-s"},"content":"    }","lastModifiedDate":"2024-03-09"},{"lineNumber":22,"author":{"gitId":"mfarhan-s"},"content":"","lastModifiedDate":"2024-03-09"},{"lineNumber":23,"author":{"gitId":"mfarhan-s"},"content":"    public static DukeException invalidEventFormat() {","lastModifiedDate":"2024-03-09"},{"lineNumber":24,"author":{"gitId":"mfarhan-s"},"content":"        return new DukeException(\"Worthless Being! Enter the Event format as follows: event \u003cdescription\u003e /from \u003cdate\u003e /to \u003cdate\u003e\");","lastModifiedDate":"2024-03-16"},{"lineNumber":25,"author":{"gitId":"mfarhan-s"},"content":"    }","lastModifiedDate":"2024-03-09"},{"lineNumber":26,"author":{"gitId":"mfarhan-s"},"content":"}","lastModifiedDate":"2024-03-09"}],"authorContributionMap":{"mfarhan-s":26}},{"path":"src/main/java/Event.java","fileType":"java","lines":[{"lineNumber":1,"author":{"gitId":"mfarhan-s"},"content":"public class Event extends Task {","lastModifiedDate":"2024-02-17"},{"lineNumber":2,"author":{"gitId":"mfarhan-s"},"content":"    private final String from;","lastModifiedDate":"2024-03-17"},{"lineNumber":3,"author":{"gitId":"mfarhan-s"},"content":"    private final String to;","lastModifiedDate":"2024-03-17"},{"lineNumber":4,"author":{"gitId":"mfarhan-s"},"content":"","lastModifiedDate":"2024-02-17"},{"lineNumber":5,"author":{"gitId":"mfarhan-s"},"content":"    public Event(String description, String from, String to) {","lastModifiedDate":"2024-02-17"},{"lineNumber":6,"author":{"gitId":"mfarhan-s"},"content":"        super(description);","lastModifiedDate":"2024-02-17"},{"lineNumber":7,"author":{"gitId":"mfarhan-s"},"content":"        this.from \u003d from;","lastModifiedDate":"2024-02-17"},{"lineNumber":8,"author":{"gitId":"mfarhan-s"},"content":"        this.to \u003d to;","lastModifiedDate":"2024-02-17"},{"lineNumber":9,"author":{"gitId":"mfarhan-s"},"content":"    }","lastModifiedDate":"2024-02-17"},{"lineNumber":10,"author":{"gitId":"mfarhan-s"},"content":"    public String getFrom() {","lastModifiedDate":"2024-03-17"},{"lineNumber":11,"author":{"gitId":"mfarhan-s"},"content":"        return from;","lastModifiedDate":"2024-03-17"},{"lineNumber":12,"author":{"gitId":"mfarhan-s"},"content":"    }","lastModifiedDate":"2024-03-17"},{"lineNumber":13,"author":{"gitId":"mfarhan-s"},"content":"","lastModifiedDate":"2024-02-17"},{"lineNumber":14,"author":{"gitId":"mfarhan-s"},"content":"    public String getTo() {","lastModifiedDate":"2024-03-17"},{"lineNumber":15,"author":{"gitId":"mfarhan-s"},"content":"        return to;","lastModifiedDate":"2024-03-17"},{"lineNumber":16,"author":{"gitId":"mfarhan-s"},"content":"    }","lastModifiedDate":"2024-02-17"},{"lineNumber":17,"author":{"gitId":"mfarhan-s"},"content":"","lastModifiedDate":"2024-03-17"},{"lineNumber":18,"author":{"gitId":"mfarhan-s"},"content":"    public static Event createEventFromCommand(String command) {","lastModifiedDate":"2024-02-17"},{"lineNumber":19,"author":{"gitId":"mfarhan-s"},"content":"        String prefix \u003d \"event\";","lastModifiedDate":"2024-03-17"},{"lineNumber":20,"author":{"gitId":"mfarhan-s"},"content":"        String fromKeyword \u003d \"/from\";","lastModifiedDate":"2024-03-17"},{"lineNumber":21,"author":{"gitId":"mfarhan-s"},"content":"        String toKeyword \u003d \"/to\";","lastModifiedDate":"2024-03-17"},{"lineNumber":22,"author":{"gitId":"mfarhan-s"},"content":"","lastModifiedDate":"2024-03-17"},{"lineNumber":23,"author":{"gitId":"mfarhan-s"},"content":"        int prefixIndex \u003d command.toLowerCase().indexOf(prefix);","lastModifiedDate":"2024-03-17"},{"lineNumber":24,"author":{"gitId":"mfarhan-s"},"content":"        int fromIndex \u003d command.indexOf(fromKeyword);","lastModifiedDate":"2024-03-17"},{"lineNumber":25,"author":{"gitId":"mfarhan-s"},"content":"        int toIndex \u003d command.indexOf(toKeyword);","lastModifiedDate":"2024-03-17"},{"lineNumber":26,"author":{"gitId":"mfarhan-s"},"content":"","lastModifiedDate":"2024-02-17"},{"lineNumber":27,"author":{"gitId":"mfarhan-s"},"content":"        if (prefixIndex !\u003d -1 \u0026\u0026 fromIndex !\u003d -1 \u0026\u0026 toIndex !\u003d -1) {","lastModifiedDate":"2024-03-17"},{"lineNumber":28,"author":{"gitId":"mfarhan-s"},"content":"            String eventDescription \u003d command.substring(prefixIndex + prefix.length(), fromIndex).trim();","lastModifiedDate":"2024-03-17"},{"lineNumber":29,"author":{"gitId":"mfarhan-s"},"content":"            String from \u003d command.substring(fromIndex + fromKeyword.length(), toIndex).trim();","lastModifiedDate":"2024-03-17"},{"lineNumber":30,"author":{"gitId":"mfarhan-s"},"content":"            String to \u003d command.substring(toIndex + toKeyword.length()).trim();","lastModifiedDate":"2024-03-17"},{"lineNumber":31,"author":{"gitId":"mfarhan-s"},"content":"","lastModifiedDate":"2024-02-17"},{"lineNumber":32,"author":{"gitId":"mfarhan-s"},"content":"            if (!eventDescription.isEmpty() \u0026\u0026 !from.isEmpty() \u0026\u0026 !to.isEmpty()) {","lastModifiedDate":"2024-02-17"},{"lineNumber":33,"author":{"gitId":"mfarhan-s"},"content":"                return new Event(eventDescription, from, to);","lastModifiedDate":"2024-02-17"},{"lineNumber":34,"author":{"gitId":"mfarhan-s"},"content":"            }","lastModifiedDate":"2024-02-17"},{"lineNumber":35,"author":{"gitId":"mfarhan-s"},"content":"        }","lastModifiedDate":"2024-02-17"},{"lineNumber":36,"author":{"gitId":"mfarhan-s"},"content":"        return null;","lastModifiedDate":"2024-02-17"},{"lineNumber":37,"author":{"gitId":"mfarhan-s"},"content":"    }","lastModifiedDate":"2024-02-17"},{"lineNumber":38,"author":{"gitId":"mfarhan-s"},"content":"","lastModifiedDate":"2024-03-17"},{"lineNumber":39,"author":{"gitId":"mfarhan-s"},"content":"    @Override","lastModifiedDate":"2024-03-17"},{"lineNumber":40,"author":{"gitId":"mfarhan-s"},"content":"    public String toString() {","lastModifiedDate":"2024-03-17"},{"lineNumber":41,"author":{"gitId":"mfarhan-s"},"content":"        return \"[E]\" + super.toString() + \" (from: \" + from + \" to: \" + to + \")\";","lastModifiedDate":"2024-03-17"},{"lineNumber":42,"author":{"gitId":"mfarhan-s"},"content":"    }","lastModifiedDate":"2024-03-17"},{"lineNumber":43,"author":{"gitId":"mfarhan-s"},"content":"}","lastModifiedDate":"2024-02-17"}],"authorContributionMap":{"mfarhan-s":43}},{"path":"src/main/java/Parser.java","fileType":"java","lines":[{"lineNumber":1,"author":{"gitId":"mfarhan-s"},"content":"import java.util.Scanner;","lastModifiedDate":"2024-03-20"},{"lineNumber":2,"author":{"gitId":"mfarhan-s"},"content":"public class Parser {","lastModifiedDate":"2024-03-20"},{"lineNumber":3,"author":{"gitId":"mfarhan-s"},"content":"    public static void executeCommand(String command) {","lastModifiedDate":"2024-03-20"},{"lineNumber":4,"author":{"gitId":"mfarhan-s"},"content":"        String[] commandParts \u003d command.split(\" \", 2);","lastModifiedDate":"2024-03-20"},{"lineNumber":5,"author":{"gitId":"mfarhan-s"},"content":"","lastModifiedDate":"2024-03-20"},{"lineNumber":6,"author":{"gitId":"mfarhan-s"},"content":"        switch (commandParts[0].toLowerCase()) {","lastModifiedDate":"2024-03-20"},{"lineNumber":7,"author":{"gitId":"mfarhan-s"},"content":"            case \"list\":","lastModifiedDate":"2024-03-20"},{"lineNumber":8,"author":{"gitId":"mfarhan-s"},"content":"                Ui.displayTaskList(TaskList.taskList);","lastModifiedDate":"2024-03-20"},{"lineNumber":9,"author":{"gitId":"mfarhan-s"},"content":"                break;","lastModifiedDate":"2024-03-20"},{"lineNumber":10,"author":{"gitId":"mfarhan-s"},"content":"            case \"mark\":","lastModifiedDate":"2024-03-20"},{"lineNumber":11,"author":{"gitId":"mfarhan-s"},"content":"                if (commandParts.length \u003e 1) {","lastModifiedDate":"2024-03-20"},{"lineNumber":12,"author":{"gitId":"mfarhan-s"},"content":"                    try {","lastModifiedDate":"2024-03-20"},{"lineNumber":13,"author":{"gitId":"mfarhan-s"},"content":"                        TaskList.markTaskAsDone(Integer.parseInt(commandParts[1]));","lastModifiedDate":"2024-03-20"},{"lineNumber":14,"author":{"gitId":"mfarhan-s"},"content":"                    } catch (NumberFormatException e) {","lastModifiedDate":"2024-03-20"},{"lineNumber":15,"author":{"gitId":"mfarhan-s"},"content":"                        DukeException.handleGracefulError(DukeException.invalidTaskNumber());","lastModifiedDate":"2024-03-20"},{"lineNumber":16,"author":{"gitId":"mfarhan-s"},"content":"                    }","lastModifiedDate":"2024-03-20"},{"lineNumber":17,"author":{"gitId":"mfarhan-s"},"content":"                } else {","lastModifiedDate":"2024-03-20"},{"lineNumber":18,"author":{"gitId":"mfarhan-s"},"content":"                    DukeException.handleGracefulError(DukeException.invalidTaskNumber());","lastModifiedDate":"2024-03-20"},{"lineNumber":19,"author":{"gitId":"mfarhan-s"},"content":"                }","lastModifiedDate":"2024-03-20"},{"lineNumber":20,"author":{"gitId":"mfarhan-s"},"content":"                break;","lastModifiedDate":"2024-03-20"},{"lineNumber":21,"author":{"gitId":"mfarhan-s"},"content":"            case \"unmark\":","lastModifiedDate":"2024-03-20"},{"lineNumber":22,"author":{"gitId":"mfarhan-s"},"content":"                if (commandParts.length \u003e 1) {","lastModifiedDate":"2024-03-20"},{"lineNumber":23,"author":{"gitId":"mfarhan-s"},"content":"                    try {","lastModifiedDate":"2024-03-20"},{"lineNumber":24,"author":{"gitId":"mfarhan-s"},"content":"                        TaskList.unmarkTaskAsDone(Integer.parseInt(commandParts[1]));","lastModifiedDate":"2024-03-20"},{"lineNumber":25,"author":{"gitId":"mfarhan-s"},"content":"                    } catch (NumberFormatException e) {","lastModifiedDate":"2024-03-20"},{"lineNumber":26,"author":{"gitId":"mfarhan-s"},"content":"                        DukeException.handleGracefulError(DukeException.invalidTaskNumber());","lastModifiedDate":"2024-03-20"},{"lineNumber":27,"author":{"gitId":"mfarhan-s"},"content":"                    }","lastModifiedDate":"2024-03-20"},{"lineNumber":28,"author":{"gitId":"mfarhan-s"},"content":"                } else {","lastModifiedDate":"2024-03-20"},{"lineNumber":29,"author":{"gitId":"mfarhan-s"},"content":"                    DukeException.handleGracefulError(DukeException.invalidTaskNumber());","lastModifiedDate":"2024-03-20"},{"lineNumber":30,"author":{"gitId":"mfarhan-s"},"content":"                }","lastModifiedDate":"2024-03-20"},{"lineNumber":31,"author":{"gitId":"mfarhan-s"},"content":"                break;","lastModifiedDate":"2024-03-20"},{"lineNumber":32,"author":{"gitId":"mfarhan-s"},"content":"            case \"todo\":","lastModifiedDate":"2024-03-20"},{"lineNumber":33,"author":{"gitId":"mfarhan-s"},"content":"                if (commandParts.length \u003e 1) {","lastModifiedDate":"2024-03-20"},{"lineNumber":34,"author":{"gitId":"mfarhan-s"},"content":"                    ToDo toDoTask \u003d ToDo.createToDoFromCommand(command);","lastModifiedDate":"2024-03-20"},{"lineNumber":35,"author":{"gitId":"mfarhan-s"},"content":"                    if (toDoTask !\u003d null) {","lastModifiedDate":"2024-03-20"},{"lineNumber":36,"author":{"gitId":"mfarhan-s"},"content":"                        TaskList.addTask(toDoTask);","lastModifiedDate":"2024-03-20"},{"lineNumber":37,"author":{"gitId":"mfarhan-s"},"content":"                    } else {","lastModifiedDate":"2024-03-20"},{"lineNumber":38,"author":{"gitId":"mfarhan-s"},"content":"                        DukeException.handleGracefulError(DukeException.invalidToDoFormat());","lastModifiedDate":"2024-03-20"},{"lineNumber":39,"author":{"gitId":"mfarhan-s"},"content":"                    }","lastModifiedDate":"2024-03-20"},{"lineNumber":40,"author":{"gitId":"mfarhan-s"},"content":"                } else {","lastModifiedDate":"2024-03-20"},{"lineNumber":41,"author":{"gitId":"mfarhan-s"},"content":"                    DukeException.handleGracefulError(DukeException.invalidToDoFormat());","lastModifiedDate":"2024-03-20"},{"lineNumber":42,"author":{"gitId":"mfarhan-s"},"content":"                }","lastModifiedDate":"2024-03-20"},{"lineNumber":43,"author":{"gitId":"mfarhan-s"},"content":"                break;","lastModifiedDate":"2024-03-20"},{"lineNumber":44,"author":{"gitId":"mfarhan-s"},"content":"            case \"deadline\":","lastModifiedDate":"2024-03-20"},{"lineNumber":45,"author":{"gitId":"mfarhan-s"},"content":"                if (commandParts.length \u003e 1) {","lastModifiedDate":"2024-03-20"},{"lineNumber":46,"author":{"gitId":"mfarhan-s"},"content":"                    Deadline deadlineTask \u003d Deadline.createDeadlineFromCommand(command);","lastModifiedDate":"2024-03-20"},{"lineNumber":47,"author":{"gitId":"mfarhan-s"},"content":"                    if (deadlineTask !\u003d null) {","lastModifiedDate":"2024-03-20"},{"lineNumber":48,"author":{"gitId":"mfarhan-s"},"content":"                        TaskList.addTask(deadlineTask);","lastModifiedDate":"2024-03-20"},{"lineNumber":49,"author":{"gitId":"mfarhan-s"},"content":"                    } else {","lastModifiedDate":"2024-03-20"},{"lineNumber":50,"author":{"gitId":"mfarhan-s"},"content":"                        DukeException.handleGracefulError(DukeException.invalidDeadlineFormat());","lastModifiedDate":"2024-03-20"},{"lineNumber":51,"author":{"gitId":"mfarhan-s"},"content":"                    }","lastModifiedDate":"2024-03-20"},{"lineNumber":52,"author":{"gitId":"mfarhan-s"},"content":"                }","lastModifiedDate":"2024-03-20"},{"lineNumber":53,"author":{"gitId":"mfarhan-s"},"content":"                else {","lastModifiedDate":"2024-03-20"},{"lineNumber":54,"author":{"gitId":"mfarhan-s"},"content":"                    DukeException.handleGracefulError(DukeException.invalidDeadlineFormat());","lastModifiedDate":"2024-03-20"},{"lineNumber":55,"author":{"gitId":"mfarhan-s"},"content":"                }","lastModifiedDate":"2024-03-20"},{"lineNumber":56,"author":{"gitId":"mfarhan-s"},"content":"                break;","lastModifiedDate":"2024-03-20"},{"lineNumber":57,"author":{"gitId":"mfarhan-s"},"content":"            case \"event\":","lastModifiedDate":"2024-03-20"},{"lineNumber":58,"author":{"gitId":"mfarhan-s"},"content":"                if (commandParts.length \u003e 1) {","lastModifiedDate":"2024-03-20"},{"lineNumber":59,"author":{"gitId":"mfarhan-s"},"content":"                    Event eventTask \u003d Event.createEventFromCommand(command);","lastModifiedDate":"2024-03-20"},{"lineNumber":60,"author":{"gitId":"mfarhan-s"},"content":"                    if (eventTask !\u003d null) {","lastModifiedDate":"2024-03-20"},{"lineNumber":61,"author":{"gitId":"mfarhan-s"},"content":"                        TaskList.addTask(eventTask);","lastModifiedDate":"2024-03-20"},{"lineNumber":62,"author":{"gitId":"mfarhan-s"},"content":"                    } else {","lastModifiedDate":"2024-03-20"},{"lineNumber":63,"author":{"gitId":"mfarhan-s"},"content":"                        DukeException.handleGracefulError(DukeException.invalidEventFormat());","lastModifiedDate":"2024-03-20"},{"lineNumber":64,"author":{"gitId":"mfarhan-s"},"content":"                    }","lastModifiedDate":"2024-03-20"},{"lineNumber":65,"author":{"gitId":"mfarhan-s"},"content":"                } else {","lastModifiedDate":"2024-03-20"},{"lineNumber":66,"author":{"gitId":"mfarhan-s"},"content":"                    DukeException.handleGracefulError(DukeException.invalidEventFormat());","lastModifiedDate":"2024-03-20"},{"lineNumber":67,"author":{"gitId":"mfarhan-s"},"content":"                }","lastModifiedDate":"2024-03-20"},{"lineNumber":68,"author":{"gitId":"mfarhan-s"},"content":"                break;","lastModifiedDate":"2024-03-20"},{"lineNumber":69,"author":{"gitId":"mfarhan-s"},"content":"            case \"delete\":","lastModifiedDate":"2024-03-20"},{"lineNumber":70,"author":{"gitId":"mfarhan-s"},"content":"                if (commandParts.length \u003e 1) {","lastModifiedDate":"2024-03-20"},{"lineNumber":71,"author":{"gitId":"mfarhan-s"},"content":"                    try {","lastModifiedDate":"2024-03-20"},{"lineNumber":72,"author":{"gitId":"mfarhan-s"},"content":"                        int taskNumber \u003d Integer.parseInt(commandParts[1]);","lastModifiedDate":"2024-03-20"},{"lineNumber":73,"author":{"gitId":"mfarhan-s"},"content":"                        TaskList.deleteTask(taskNumber, TaskList.taskList);","lastModifiedDate":"2024-03-20"},{"lineNumber":74,"author":{"gitId":"mfarhan-s"},"content":"                    } catch (NumberFormatException e) {","lastModifiedDate":"2024-03-20"},{"lineNumber":75,"author":{"gitId":"mfarhan-s"},"content":"                        DukeException.handleGracefulError(DukeException.invalidTaskNumber());","lastModifiedDate":"2024-03-20"},{"lineNumber":76,"author":{"gitId":"mfarhan-s"},"content":"                    }","lastModifiedDate":"2024-03-20"},{"lineNumber":77,"author":{"gitId":"mfarhan-s"},"content":"                } else {","lastModifiedDate":"2024-03-20"},{"lineNumber":78,"author":{"gitId":"mfarhan-s"},"content":"                    DukeException.handleGracefulError(DukeException.invalidTaskNumber());","lastModifiedDate":"2024-03-20"},{"lineNumber":79,"author":{"gitId":"mfarhan-s"},"content":"                }","lastModifiedDate":"2024-03-20"},{"lineNumber":80,"author":{"gitId":"mfarhan-s"},"content":"                break;","lastModifiedDate":"2024-03-20"},{"lineNumber":81,"author":{"gitId":"mfarhan-s"},"content":"            default:","lastModifiedDate":"2024-03-20"},{"lineNumber":82,"author":{"gitId":"mfarhan-s"},"content":"                TaskList.addTask(new Task(command));","lastModifiedDate":"2024-03-20"},{"lineNumber":83,"author":{"gitId":"mfarhan-s"},"content":"        }","lastModifiedDate":"2024-03-20"},{"lineNumber":84,"author":{"gitId":"mfarhan-s"},"content":"    }","lastModifiedDate":"2024-03-20"},{"lineNumber":85,"author":{"gitId":"mfarhan-s"},"content":"    public static void runDuke() {","lastModifiedDate":"2024-03-20"},{"lineNumber":86,"author":{"gitId":"mfarhan-s"},"content":"        String userInput;","lastModifiedDate":"2024-03-20"},{"lineNumber":87,"author":{"gitId":"mfarhan-s"},"content":"        Scanner in \u003d new Scanner(System.in);","lastModifiedDate":"2024-03-20"},{"lineNumber":88,"author":{"gitId":"mfarhan-s"},"content":"","lastModifiedDate":"2024-03-20"},{"lineNumber":89,"author":{"gitId":"mfarhan-s"},"content":"        do {","lastModifiedDate":"2024-03-20"},{"lineNumber":90,"author":{"gitId":"mfarhan-s"},"content":"            userInput \u003d in.nextLine().trim();","lastModifiedDate":"2024-03-20"},{"lineNumber":91,"author":{"gitId":"mfarhan-s"},"content":"            if (userInput.isEmpty()) {","lastModifiedDate":"2024-03-20"},{"lineNumber":92,"author":{"gitId":"mfarhan-s"},"content":"                System.out.println(new DukeException(\"Enter a valid command\").getErrorMessage());","lastModifiedDate":"2024-03-20"},{"lineNumber":93,"author":{"gitId":"mfarhan-s"},"content":"            }","lastModifiedDate":"2024-03-20"},{"lineNumber":94,"author":{"gitId":"mfarhan-s"},"content":"            if (userInput.equalsIgnoreCase(\"bye\")) {","lastModifiedDate":"2024-03-20"},{"lineNumber":95,"author":{"gitId":"mfarhan-s"},"content":"                continue;","lastModifiedDate":"2024-03-20"},{"lineNumber":96,"author":{"gitId":"mfarhan-s"},"content":"            } else if (userInput.equalsIgnoreCase(\"list\")) {","lastModifiedDate":"2024-03-20"},{"lineNumber":97,"author":{"gitId":"mfarhan-s"},"content":"                TaskList.displayList();","lastModifiedDate":"2024-03-20"},{"lineNumber":98,"author":{"gitId":"mfarhan-s"},"content":"                continue;","lastModifiedDate":"2024-03-20"},{"lineNumber":99,"author":{"gitId":"mfarhan-s"},"content":"            }","lastModifiedDate":"2024-03-20"},{"lineNumber":100,"author":{"gitId":"mfarhan-s"},"content":"            Parser.executeCommand(userInput);","lastModifiedDate":"2024-03-20"},{"lineNumber":101,"author":{"gitId":"mfarhan-s"},"content":"            Ui.printHorizontalLine();","lastModifiedDate":"2024-03-20"},{"lineNumber":102,"author":{"gitId":"mfarhan-s"},"content":"        } while (!userInput.equalsIgnoreCase(\"bye\"));","lastModifiedDate":"2024-03-20"},{"lineNumber":103,"author":{"gitId":"mfarhan-s"},"content":"    }","lastModifiedDate":"2024-03-20"},{"lineNumber":104,"author":{"gitId":"mfarhan-s"},"content":"}","lastModifiedDate":"2024-03-20"},{"lineNumber":105,"author":{"gitId":"mfarhan-s"},"content":"","lastModifiedDate":"2024-03-20"}],"authorContributionMap":{"mfarhan-s":105}},{"path":"src/main/java/Storage.java","fileType":"java","lines":[{"lineNumber":1,"author":{"gitId":"mfarhan-s"},"content":"import java.io.IOException;","lastModifiedDate":"2024-03-17"},{"lineNumber":2,"author":{"gitId":"mfarhan-s"},"content":"import java.nio.file.Files;","lastModifiedDate":"2024-03-17"},{"lineNumber":3,"author":{"gitId":"mfarhan-s"},"content":"import java.nio.file.Path;","lastModifiedDate":"2024-03-17"},{"lineNumber":4,"author":{"gitId":"mfarhan-s"},"content":"import java.nio.file.Paths;","lastModifiedDate":"2024-03-17"},{"lineNumber":5,"author":{"gitId":"mfarhan-s"},"content":"import java.util.ArrayList;","lastModifiedDate":"2024-03-17"},{"lineNumber":6,"author":{"gitId":"mfarhan-s"},"content":"import java.util.List;","lastModifiedDate":"2024-03-17"},{"lineNumber":7,"author":{"gitId":"mfarhan-s"},"content":"","lastModifiedDate":"2024-03-17"},{"lineNumber":8,"author":{"gitId":"mfarhan-s"},"content":"public class Storage {","lastModifiedDate":"2024-03-20"},{"lineNumber":9,"author":{"gitId":"mfarhan-s"},"content":"    private static final String FILE_PATH \u003d \"./data/duke.txt\";","lastModifiedDate":"2024-03-17"},{"lineNumber":10,"author":{"gitId":"mfarhan-s"},"content":"","lastModifiedDate":"2024-03-17"},{"lineNumber":11,"author":{"gitId":"mfarhan-s"},"content":"    public static void saveTasksToFile(ArrayList\u003cTask\u003e taskList) {","lastModifiedDate":"2024-03-17"},{"lineNumber":12,"author":{"gitId":"mfarhan-s"},"content":"        try {","lastModifiedDate":"2024-03-17"},{"lineNumber":13,"author":{"gitId":"mfarhan-s"},"content":"            Path filePath \u003d Paths.get(FILE_PATH);","lastModifiedDate":"2024-03-17"},{"lineNumber":14,"author":{"gitId":"mfarhan-s"},"content":"            createDirectoriesIfNeeded(filePath);","lastModifiedDate":"2024-03-17"},{"lineNumber":15,"author":{"gitId":"mfarhan-s"},"content":"            List\u003cString\u003e lines \u003d new ArrayList\u003c\u003e();","lastModifiedDate":"2024-03-17"},{"lineNumber":16,"author":{"gitId":"mfarhan-s"},"content":"            for (Task task : taskList) {","lastModifiedDate":"2024-03-17"},{"lineNumber":17,"author":{"gitId":"mfarhan-s"},"content":"                lines.add(taskToFileString(task));","lastModifiedDate":"2024-03-17"},{"lineNumber":18,"author":{"gitId":"mfarhan-s"},"content":"            }","lastModifiedDate":"2024-03-17"},{"lineNumber":19,"author":{"gitId":"mfarhan-s"},"content":"            Files.write(filePath, lines);","lastModifiedDate":"2024-03-17"},{"lineNumber":20,"author":{"gitId":"mfarhan-s"},"content":"        } catch (IOException e) {","lastModifiedDate":"2024-03-17"},{"lineNumber":21,"author":{"gitId":"mfarhan-s"},"content":"            System.err.println(\"Error saving tasks to file: \" + e.getMessage());","lastModifiedDate":"2024-03-17"},{"lineNumber":22,"author":{"gitId":"mfarhan-s"},"content":"        }","lastModifiedDate":"2024-03-17"},{"lineNumber":23,"author":{"gitId":"mfarhan-s"},"content":"    }","lastModifiedDate":"2024-03-17"},{"lineNumber":24,"author":{"gitId":"mfarhan-s"},"content":"","lastModifiedDate":"2024-03-17"},{"lineNumber":25,"author":{"gitId":"mfarhan-s"},"content":"    public static ArrayList\u003cTask\u003e loadTasksFromFile() {","lastModifiedDate":"2024-03-17"},{"lineNumber":26,"author":{"gitId":"mfarhan-s"},"content":"        ArrayList\u003cTask\u003e loadedTasks \u003d new ArrayList\u003c\u003e();","lastModifiedDate":"2024-03-17"},{"lineNumber":27,"author":{"gitId":"mfarhan-s"},"content":"        try {","lastModifiedDate":"2024-03-17"},{"lineNumber":28,"author":{"gitId":"mfarhan-s"},"content":"            Path filePath \u003d Paths.get(FILE_PATH);","lastModifiedDate":"2024-03-17"},{"lineNumber":29,"author":{"gitId":"mfarhan-s"},"content":"            createDirectoriesIfNeeded(filePath);","lastModifiedDate":"2024-03-17"},{"lineNumber":30,"author":{"gitId":"mfarhan-s"},"content":"            createFileIfNeeded(filePath);","lastModifiedDate":"2024-03-17"},{"lineNumber":31,"author":{"gitId":"mfarhan-s"},"content":"            List\u003cString\u003e lines \u003d Files.readAllLines(filePath);","lastModifiedDate":"2024-03-17"},{"lineNumber":32,"author":{"gitId":"mfarhan-s"},"content":"            for (String line : lines) {","lastModifiedDate":"2024-03-17"},{"lineNumber":33,"author":{"gitId":"mfarhan-s"},"content":"                Task task \u003d fileStringToTask(line);","lastModifiedDate":"2024-03-17"},{"lineNumber":34,"author":{"gitId":"mfarhan-s"},"content":"                if (task !\u003d null) {","lastModifiedDate":"2024-03-17"},{"lineNumber":35,"author":{"gitId":"mfarhan-s"},"content":"                    loadedTasks.add(task);","lastModifiedDate":"2024-03-17"},{"lineNumber":36,"author":{"gitId":"mfarhan-s"},"content":"                }","lastModifiedDate":"2024-03-17"},{"lineNumber":37,"author":{"gitId":"mfarhan-s"},"content":"            }","lastModifiedDate":"2024-03-17"},{"lineNumber":38,"author":{"gitId":"mfarhan-s"},"content":"        } catch (IOException e) {","lastModifiedDate":"2024-03-17"},{"lineNumber":39,"author":{"gitId":"mfarhan-s"},"content":"            System.err.println(\"Error loading tasks from file: \" + e.getMessage());","lastModifiedDate":"2024-03-17"},{"lineNumber":40,"author":{"gitId":"mfarhan-s"},"content":"        }","lastModifiedDate":"2024-03-17"},{"lineNumber":41,"author":{"gitId":"mfarhan-s"},"content":"        return loadedTasks;","lastModifiedDate":"2024-03-17"},{"lineNumber":42,"author":{"gitId":"mfarhan-s"},"content":"    }","lastModifiedDate":"2024-03-17"},{"lineNumber":43,"author":{"gitId":"mfarhan-s"},"content":"","lastModifiedDate":"2024-03-17"},{"lineNumber":44,"author":{"gitId":"mfarhan-s"},"content":"    private static void createDirectoriesIfNeeded(Path filePath) {","lastModifiedDate":"2024-03-17"},{"lineNumber":45,"author":{"gitId":"mfarhan-s"},"content":"        Path directoryPath \u003d filePath.getParent();","lastModifiedDate":"2024-03-17"},{"lineNumber":46,"author":{"gitId":"mfarhan-s"},"content":"        if (!Files.exists(directoryPath)) {","lastModifiedDate":"2024-03-17"},{"lineNumber":47,"author":{"gitId":"mfarhan-s"},"content":"            try {","lastModifiedDate":"2024-03-17"},{"lineNumber":48,"author":{"gitId":"mfarhan-s"},"content":"                Files.createDirectories(directoryPath);","lastModifiedDate":"2024-03-17"},{"lineNumber":49,"author":{"gitId":"mfarhan-s"},"content":"            } catch (IOException e) {","lastModifiedDate":"2024-03-17"},{"lineNumber":50,"author":{"gitId":"mfarhan-s"},"content":"                System.err.println(\"Error creating directory: \" + e.getMessage());","lastModifiedDate":"2024-03-17"},{"lineNumber":51,"author":{"gitId":"mfarhan-s"},"content":"            }","lastModifiedDate":"2024-03-17"},{"lineNumber":52,"author":{"gitId":"mfarhan-s"},"content":"        }","lastModifiedDate":"2024-03-17"},{"lineNumber":53,"author":{"gitId":"mfarhan-s"},"content":"    }","lastModifiedDate":"2024-03-17"},{"lineNumber":54,"author":{"gitId":"mfarhan-s"},"content":"","lastModifiedDate":"2024-03-17"},{"lineNumber":55,"author":{"gitId":"mfarhan-s"},"content":"    private static void createFileIfNeeded(Path filePath) {","lastModifiedDate":"2024-03-17"},{"lineNumber":56,"author":{"gitId":"mfarhan-s"},"content":"        if (!Files.exists(filePath)) {","lastModifiedDate":"2024-03-17"},{"lineNumber":57,"author":{"gitId":"mfarhan-s"},"content":"            try {","lastModifiedDate":"2024-03-17"},{"lineNumber":58,"author":{"gitId":"mfarhan-s"},"content":"                Files.createFile(filePath);","lastModifiedDate":"2024-03-17"},{"lineNumber":59,"author":{"gitId":"mfarhan-s"},"content":"            } catch (IOException e) {","lastModifiedDate":"2024-03-17"},{"lineNumber":60,"author":{"gitId":"mfarhan-s"},"content":"                System.err.println(\"Error creating file: \" + e.getMessage());","lastModifiedDate":"2024-03-17"},{"lineNumber":61,"author":{"gitId":"mfarhan-s"},"content":"            }","lastModifiedDate":"2024-03-17"},{"lineNumber":62,"author":{"gitId":"mfarhan-s"},"content":"        }","lastModifiedDate":"2024-03-17"},{"lineNumber":63,"author":{"gitId":"mfarhan-s"},"content":"    }","lastModifiedDate":"2024-03-17"},{"lineNumber":64,"author":{"gitId":"mfarhan-s"},"content":"    private static String taskToFileString(Task task) {","lastModifiedDate":"2024-03-17"},{"lineNumber":65,"author":{"gitId":"mfarhan-s"},"content":"        StringBuilder sb \u003d new StringBuilder();","lastModifiedDate":"2024-03-17"},{"lineNumber":66,"author":{"gitId":"mfarhan-s"},"content":"","lastModifiedDate":"2024-03-17"},{"lineNumber":67,"author":{"gitId":"mfarhan-s"},"content":"        if (task instanceof ToDo) {","lastModifiedDate":"2024-03-17"},{"lineNumber":68,"author":{"gitId":"mfarhan-s"},"content":"            sb.append(\"T | \");","lastModifiedDate":"2024-03-17"},{"lineNumber":69,"author":{"gitId":"mfarhan-s"},"content":"        } else if (task instanceof Deadline) {","lastModifiedDate":"2024-03-17"},{"lineNumber":70,"author":{"gitId":"mfarhan-s"},"content":"            sb.append(\"D | \");","lastModifiedDate":"2024-03-17"},{"lineNumber":71,"author":{"gitId":"mfarhan-s"},"content":"        } else if (task instanceof Event) {","lastModifiedDate":"2024-03-17"},{"lineNumber":72,"author":{"gitId":"mfarhan-s"},"content":"            sb.append(\"E | \");","lastModifiedDate":"2024-03-17"},{"lineNumber":73,"author":{"gitId":"mfarhan-s"},"content":"        } else {","lastModifiedDate":"2024-03-17"},{"lineNumber":74,"author":{"gitId":"mfarhan-s"},"content":"            return \"\";","lastModifiedDate":"2024-03-17"},{"lineNumber":75,"author":{"gitId":"mfarhan-s"},"content":"        }","lastModifiedDate":"2024-03-17"},{"lineNumber":76,"author":{"gitId":"mfarhan-s"},"content":"","lastModifiedDate":"2024-03-17"},{"lineNumber":77,"author":{"gitId":"mfarhan-s"},"content":"        sb.append(task.isDone() ? \"1\" : \"0\").append(\" | \").append(task.getDescription());","lastModifiedDate":"2024-03-17"},{"lineNumber":78,"author":{"gitId":"mfarhan-s"},"content":"","lastModifiedDate":"2024-03-17"},{"lineNumber":79,"author":{"gitId":"mfarhan-s"},"content":"        if (task instanceof Deadline) {","lastModifiedDate":"2024-03-17"},{"lineNumber":80,"author":{"gitId":"mfarhan-s"},"content":"            Deadline deadlineTask \u003d (Deadline) task;","lastModifiedDate":"2024-03-17"},{"lineNumber":81,"author":{"gitId":"mfarhan-s"},"content":"            sb.append(\" | \").append(deadlineTask.getBy());","lastModifiedDate":"2024-03-17"},{"lineNumber":82,"author":{"gitId":"mfarhan-s"},"content":"        } else if (task instanceof Event) {","lastModifiedDate":"2024-03-17"},{"lineNumber":83,"author":{"gitId":"mfarhan-s"},"content":"            Event eventTask \u003d (Event) task;","lastModifiedDate":"2024-03-17"},{"lineNumber":84,"author":{"gitId":"mfarhan-s"},"content":"            sb.append(\" | \").append(eventTask.getFrom()).append(\" - \").append(eventTask.getTo());","lastModifiedDate":"2024-03-17"},{"lineNumber":85,"author":{"gitId":"mfarhan-s"},"content":"        }","lastModifiedDate":"2024-03-17"},{"lineNumber":86,"author":{"gitId":"mfarhan-s"},"content":"","lastModifiedDate":"2024-03-17"},{"lineNumber":87,"author":{"gitId":"mfarhan-s"},"content":"        return sb.toString();","lastModifiedDate":"2024-03-17"},{"lineNumber":88,"author":{"gitId":"mfarhan-s"},"content":"    }","lastModifiedDate":"2024-03-17"},{"lineNumber":89,"author":{"gitId":"mfarhan-s"},"content":"    private static Task fileStringToTask(String fileString) {","lastModifiedDate":"2024-03-17"},{"lineNumber":90,"author":{"gitId":"mfarhan-s"},"content":"        String[] fields \u003d fileString.split(\" \\\\| \");","lastModifiedDate":"2024-03-17"},{"lineNumber":91,"author":{"gitId":"mfarhan-s"},"content":"        if (fields.length \u003c 3) {","lastModifiedDate":"2024-03-17"},{"lineNumber":92,"author":{"gitId":"mfarhan-s"},"content":"            System.err.println(\"Invalid task format: \" + fileString);","lastModifiedDate":"2024-03-17"},{"lineNumber":93,"author":{"gitId":"mfarhan-s"},"content":"            return null;","lastModifiedDate":"2024-03-17"},{"lineNumber":94,"author":{"gitId":"mfarhan-s"},"content":"        }","lastModifiedDate":"2024-03-17"},{"lineNumber":95,"author":{"gitId":"mfarhan-s"},"content":"","lastModifiedDate":"2024-03-17"},{"lineNumber":96,"author":{"gitId":"mfarhan-s"},"content":"        char taskType \u003d fields[0].charAt(0);","lastModifiedDate":"2024-03-17"},{"lineNumber":97,"author":{"gitId":"mfarhan-s"},"content":"        boolean isDone \u003d fields[1].equals(\"1\");","lastModifiedDate":"2024-03-17"},{"lineNumber":98,"author":{"gitId":"mfarhan-s"},"content":"        String description \u003d fields[2];","lastModifiedDate":"2024-03-17"},{"lineNumber":99,"author":{"gitId":"mfarhan-s"},"content":"","lastModifiedDate":"2024-03-17"},{"lineNumber":100,"author":{"gitId":"mfarhan-s"},"content":"        switch (taskType) {","lastModifiedDate":"2024-03-17"},{"lineNumber":101,"author":{"gitId":"mfarhan-s"},"content":"            case \u0027T\u0027:","lastModifiedDate":"2024-03-17"},{"lineNumber":102,"author":{"gitId":"mfarhan-s"},"content":"                ToDo todo \u003d new ToDo(description);","lastModifiedDate":"2024-03-17"},{"lineNumber":103,"author":{"gitId":"mfarhan-s"},"content":"                if (isDone) {","lastModifiedDate":"2024-03-17"},{"lineNumber":104,"author":{"gitId":"mfarhan-s"},"content":"                    todo.markAsDone();","lastModifiedDate":"2024-03-17"},{"lineNumber":105,"author":{"gitId":"mfarhan-s"},"content":"                }","lastModifiedDate":"2024-03-17"},{"lineNumber":106,"author":{"gitId":"mfarhan-s"},"content":"                return todo;","lastModifiedDate":"2024-03-17"},{"lineNumber":107,"author":{"gitId":"mfarhan-s"},"content":"            case \u0027D\u0027:","lastModifiedDate":"2024-03-17"},{"lineNumber":108,"author":{"gitId":"mfarhan-s"},"content":"                if (fields.length \u003c 4) {","lastModifiedDate":"2024-03-17"},{"lineNumber":109,"author":{"gitId":"mfarhan-s"},"content":"                    System.err.println(\"Invalid deadline format: \" + fileString);","lastModifiedDate":"2024-03-17"},{"lineNumber":110,"author":{"gitId":"mfarhan-s"},"content":"                    return null;","lastModifiedDate":"2024-03-17"},{"lineNumber":111,"author":{"gitId":"mfarhan-s"},"content":"                }","lastModifiedDate":"2024-03-17"},{"lineNumber":112,"author":{"gitId":"mfarhan-s"},"content":"                String by \u003d fields[3];","lastModifiedDate":"2024-03-17"},{"lineNumber":113,"author":{"gitId":"mfarhan-s"},"content":"                Deadline deadline \u003d new Deadline(description, by);","lastModifiedDate":"2024-03-17"},{"lineNumber":114,"author":{"gitId":"mfarhan-s"},"content":"                if (isDone) {","lastModifiedDate":"2024-03-17"},{"lineNumber":115,"author":{"gitId":"mfarhan-s"},"content":"                    deadline.markAsDone();","lastModifiedDate":"2024-03-17"},{"lineNumber":116,"author":{"gitId":"mfarhan-s"},"content":"                }","lastModifiedDate":"2024-03-17"},{"lineNumber":117,"author":{"gitId":"mfarhan-s"},"content":"                return deadline;","lastModifiedDate":"2024-03-17"},{"lineNumber":118,"author":{"gitId":"mfarhan-s"},"content":"            case \u0027E\u0027:","lastModifiedDate":"2024-03-17"},{"lineNumber":119,"author":{"gitId":"mfarhan-s"},"content":"                if (fields.length \u003c 4) {","lastModifiedDate":"2024-03-17"},{"lineNumber":120,"author":{"gitId":"mfarhan-s"},"content":"                    System.err.println(\"Invalid event format: \" + fileString);","lastModifiedDate":"2024-03-17"},{"lineNumber":121,"author":{"gitId":"mfarhan-s"},"content":"                    return null;","lastModifiedDate":"2024-03-17"},{"lineNumber":122,"author":{"gitId":"mfarhan-s"},"content":"                }","lastModifiedDate":"2024-03-17"},{"lineNumber":123,"author":{"gitId":"mfarhan-s"},"content":"                String[] fromTo \u003d fields[3].split(\" - \");","lastModifiedDate":"2024-03-17"},{"lineNumber":124,"author":{"gitId":"mfarhan-s"},"content":"                if (fromTo.length !\u003d 2) {","lastModifiedDate":"2024-03-17"},{"lineNumber":125,"author":{"gitId":"mfarhan-s"},"content":"                    System.err.println(\"Invalid event format: \" + fileString);","lastModifiedDate":"2024-03-17"},{"lineNumber":126,"author":{"gitId":"mfarhan-s"},"content":"                    return null;","lastModifiedDate":"2024-03-17"},{"lineNumber":127,"author":{"gitId":"mfarhan-s"},"content":"                }","lastModifiedDate":"2024-03-17"},{"lineNumber":128,"author":{"gitId":"mfarhan-s"},"content":"                String from \u003d fromTo[0];","lastModifiedDate":"2024-03-17"},{"lineNumber":129,"author":{"gitId":"mfarhan-s"},"content":"                String to \u003d fromTo[1];","lastModifiedDate":"2024-03-17"},{"lineNumber":130,"author":{"gitId":"mfarhan-s"},"content":"                Event event \u003d new Event(description, from, to);","lastModifiedDate":"2024-03-17"},{"lineNumber":131,"author":{"gitId":"mfarhan-s"},"content":"                if (isDone) {","lastModifiedDate":"2024-03-17"},{"lineNumber":132,"author":{"gitId":"mfarhan-s"},"content":"                    event.markAsDone();","lastModifiedDate":"2024-03-17"},{"lineNumber":133,"author":{"gitId":"mfarhan-s"},"content":"                }","lastModifiedDate":"2024-03-17"},{"lineNumber":134,"author":{"gitId":"mfarhan-s"},"content":"                return event;","lastModifiedDate":"2024-03-17"},{"lineNumber":135,"author":{"gitId":"mfarhan-s"},"content":"            default:","lastModifiedDate":"2024-03-17"},{"lineNumber":136,"author":{"gitId":"mfarhan-s"},"content":"                System.err.println(\"Unknown task type: \" + taskType);","lastModifiedDate":"2024-03-17"},{"lineNumber":137,"author":{"gitId":"mfarhan-s"},"content":"                return null;","lastModifiedDate":"2024-03-17"},{"lineNumber":138,"author":{"gitId":"mfarhan-s"},"content":"        }","lastModifiedDate":"2024-03-17"},{"lineNumber":139,"author":{"gitId":"mfarhan-s"},"content":"    }","lastModifiedDate":"2024-03-17"},{"lineNumber":140,"author":{"gitId":"mfarhan-s"},"content":"}","lastModifiedDate":"2024-03-17"}],"authorContributionMap":{"mfarhan-s":140}},{"path":"src/main/java/Task.java","fileType":"java","lines":[{"lineNumber":1,"author":{"gitId":"mfarhan-s"},"content":"public class Task {","lastModifiedDate":"2024-02-13"},{"lineNumber":2,"author":{"gitId":"mfarhan-s"},"content":"    private String description;","lastModifiedDate":"2024-02-13"},{"lineNumber":3,"author":{"gitId":"mfarhan-s"},"content":"    private boolean isDone;","lastModifiedDate":"2024-02-13"},{"lineNumber":4,"author":{"gitId":"mfarhan-s"},"content":"","lastModifiedDate":"2024-02-13"},{"lineNumber":5,"author":{"gitId":"mfarhan-s"},"content":"    public Task(String description) {","lastModifiedDate":"2024-02-13"},{"lineNumber":6,"author":{"gitId":"mfarhan-s"},"content":"        this.description \u003d description;","lastModifiedDate":"2024-02-13"},{"lineNumber":7,"author":{"gitId":"mfarhan-s"},"content":"        this.isDone \u003d false;","lastModifiedDate":"2024-02-13"},{"lineNumber":8,"author":{"gitId":"mfarhan-s"},"content":"    }","lastModifiedDate":"2024-02-13"},{"lineNumber":9,"author":{"gitId":"mfarhan-s"},"content":"    public String getDescription() {","lastModifiedDate":"2024-02-13"},{"lineNumber":10,"author":{"gitId":"mfarhan-s"},"content":"        return description;","lastModifiedDate":"2024-02-13"},{"lineNumber":11,"author":{"gitId":"mfarhan-s"},"content":"    }","lastModifiedDate":"2024-02-13"},{"lineNumber":12,"author":{"gitId":"mfarhan-s"},"content":"    public boolean isDone() {","lastModifiedDate":"2024-02-13"},{"lineNumber":13,"author":{"gitId":"mfarhan-s"},"content":"        return isDone;","lastModifiedDate":"2024-02-13"},{"lineNumber":14,"author":{"gitId":"mfarhan-s"},"content":"    }","lastModifiedDate":"2024-02-13"},{"lineNumber":15,"author":{"gitId":"mfarhan-s"},"content":"    public void markAsDone() {","lastModifiedDate":"2024-02-13"},{"lineNumber":16,"author":{"gitId":"mfarhan-s"},"content":"        this.isDone \u003d true;","lastModifiedDate":"2024-02-13"},{"lineNumber":17,"author":{"gitId":"mfarhan-s"},"content":"    }","lastModifiedDate":"2024-02-13"},{"lineNumber":18,"author":{"gitId":"mfarhan-s"},"content":"    public void unmarkAsDone() {","lastModifiedDate":"2024-02-13"},{"lineNumber":19,"author":{"gitId":"mfarhan-s"},"content":"        this.isDone \u003d false;","lastModifiedDate":"2024-02-13"},{"lineNumber":20,"author":{"gitId":"mfarhan-s"},"content":"    }","lastModifiedDate":"2024-02-13"},{"lineNumber":21,"author":{"gitId":"mfarhan-s"},"content":"    public String getStatusIcon() {","lastModifiedDate":"2024-02-13"},{"lineNumber":22,"author":{"gitId":"mfarhan-s"},"content":"        return (isDone ? \"X\" : \" \"); // mark done task with X","lastModifiedDate":"2024-02-13"},{"lineNumber":23,"author":{"gitId":"mfarhan-s"},"content":"    }","lastModifiedDate":"2024-02-13"},{"lineNumber":24,"author":{"gitId":"mfarhan-s"},"content":"    public String toString() {","lastModifiedDate":"2024-02-13"},{"lineNumber":25,"author":{"gitId":"mfarhan-s"},"content":"        return \"[\" + getStatusIcon() + \"] \" + description;","lastModifiedDate":"2024-02-13"},{"lineNumber":26,"author":{"gitId":"mfarhan-s"},"content":"    }","lastModifiedDate":"2024-02-13"},{"lineNumber":27,"author":{"gitId":"mfarhan-s"},"content":"    public static void echoUserCommand(Task task) {","lastModifiedDate":"2024-02-17"},{"lineNumber":28,"author":{"gitId":"mfarhan-s"},"content":"        System.out.println(\"    A foolish command, mortal! You dare to utter:\\n      \" + task.toString());","lastModifiedDate":"2024-03-16"},{"lineNumber":29,"author":{"gitId":"mfarhan-s"},"content":"    }","lastModifiedDate":"2024-02-17"},{"lineNumber":30,"author":{"gitId":"mfarhan-s"},"content":"","lastModifiedDate":"2024-03-17"},{"lineNumber":31,"author":{"gitId":"mfarhan-s"},"content":"}","lastModifiedDate":"2024-02-13"}],"authorContributionMap":{"mfarhan-s":31}},{"path":"src/main/java/TaskList.java","fileType":"java","lines":[{"lineNumber":1,"author":{"gitId":"mfarhan-s"},"content":"import java.util.ArrayList;","lastModifiedDate":"2024-03-20"},{"lineNumber":2,"author":{"gitId":"mfarhan-s"},"content":"","lastModifiedDate":"2024-03-20"},{"lineNumber":3,"author":{"gitId":"mfarhan-s"},"content":"public class TaskList {","lastModifiedDate":"2024-03-20"},{"lineNumber":4,"author":{"gitId":"mfarhan-s"},"content":"    public static ArrayList\u003cTask\u003e taskList \u003d new ArrayList\u003c\u003e();","lastModifiedDate":"2024-03-20"},{"lineNumber":5,"author":{"gitId":"mfarhan-s"},"content":"","lastModifiedDate":"2024-03-20"},{"lineNumber":6,"author":{"gitId":"mfarhan-s"},"content":"    protected static void readTasksFromFile () {","lastModifiedDate":"2024-03-20"},{"lineNumber":7,"author":{"gitId":"mfarhan-s"},"content":"        ArrayList\u003cTask\u003e loadedTasks \u003d Storage.loadTasksFromFile();","lastModifiedDate":"2024-03-20"},{"lineNumber":8,"author":{"gitId":"mfarhan-s"},"content":"        if (!loadedTasks.isEmpty()) {","lastModifiedDate":"2024-03-20"},{"lineNumber":9,"author":{"gitId":"mfarhan-s"},"content":"            taskList.addAll(loadedTasks);","lastModifiedDate":"2024-03-20"},{"lineNumber":10,"author":{"gitId":"mfarhan-s"},"content":"            System.out.println(\"    \" + taskList.size() + \" task(s) loaded from previous session!\");","lastModifiedDate":"2024-03-20"},{"lineNumber":11,"author":{"gitId":"mfarhan-s"},"content":"            Ui.printHorizontalLine();","lastModifiedDate":"2024-03-20"},{"lineNumber":12,"author":{"gitId":"mfarhan-s"},"content":"        }","lastModifiedDate":"2024-03-20"},{"lineNumber":13,"author":{"gitId":"mfarhan-s"},"content":"    }","lastModifiedDate":"2024-03-20"},{"lineNumber":14,"author":{"gitId":"mfarhan-s"},"content":"","lastModifiedDate":"2024-03-20"},{"lineNumber":15,"author":{"gitId":"mfarhan-s"},"content":"    protected static void addTask(Task task) {","lastModifiedDate":"2024-03-20"},{"lineNumber":16,"author":{"gitId":"mfarhan-s"},"content":"        taskList.add(task);","lastModifiedDate":"2024-03-20"},{"lineNumber":17,"author":{"gitId":"mfarhan-s"},"content":"        Task.echoUserCommand(task);","lastModifiedDate":"2024-03-20"},{"lineNumber":18,"author":{"gitId":"mfarhan-s"},"content":"        System.out.println(\"    Now you have \" + taskList.size() + \" task(s) in your list.\");","lastModifiedDate":"2024-03-20"},{"lineNumber":19,"author":{"gitId":"mfarhan-s"},"content":"//        Ui.printHorizontalLine();","lastModifiedDate":"2024-03-20"},{"lineNumber":20,"author":{"gitId":"mfarhan-s"},"content":"        Storage.saveTasksToFile(taskList);","lastModifiedDate":"2024-03-20"},{"lineNumber":21,"author":{"gitId":"mfarhan-s"},"content":"    }","lastModifiedDate":"2024-03-20"},{"lineNumber":22,"author":{"gitId":"mfarhan-s"},"content":"    public static void displayList() {","lastModifiedDate":"2024-03-20"},{"lineNumber":23,"author":{"gitId":"mfarhan-s"},"content":"        if (taskList.isEmpty()) {","lastModifiedDate":"2024-03-20"},{"lineNumber":24,"author":{"gitId":"mfarhan-s"},"content":"            System.out.println(\"    Your feeble Task List is Empty!\");","lastModifiedDate":"2024-03-20"},{"lineNumber":25,"author":{"gitId":"mfarhan-s"},"content":"        } else {","lastModifiedDate":"2024-03-20"},{"lineNumber":26,"author":{"gitId":"mfarhan-s"},"content":"            System.out.println(\"    \u003d\u003d\u003d\u003d\u003d\u003d\u003d Scroll of Puny Tasks \u003d\u003d\u003d\u003d\u003d\u003d\u003d\");","lastModifiedDate":"2024-03-20"},{"lineNumber":27,"author":{"gitId":"mfarhan-s"},"content":"            for (int i \u003d 0; i \u003c taskList.size(); i++) {","lastModifiedDate":"2024-03-20"},{"lineNumber":28,"author":{"gitId":"mfarhan-s"},"content":"                System.out.println(\"        \" + (i + 1) + \". \" + taskList.get(i));","lastModifiedDate":"2024-03-20"},{"lineNumber":29,"author":{"gitId":"mfarhan-s"},"content":"            }","lastModifiedDate":"2024-03-20"},{"lineNumber":30,"author":{"gitId":"mfarhan-s"},"content":"        }","lastModifiedDate":"2024-03-20"},{"lineNumber":31,"author":{"gitId":"mfarhan-s"},"content":"        Ui.printHorizontalLine();","lastModifiedDate":"2024-03-20"},{"lineNumber":32,"author":{"gitId":"mfarhan-s"},"content":"    }","lastModifiedDate":"2024-03-20"},{"lineNumber":33,"author":{"gitId":"mfarhan-s"},"content":"    protected static void deleteTask(int taskNumber, ArrayList\u003cTask\u003e taskList) {","lastModifiedDate":"2024-03-20"},{"lineNumber":34,"author":{"gitId":"mfarhan-s"},"content":"        if (isValidTaskNumber(taskNumber, taskList)) {","lastModifiedDate":"2024-03-20"},{"lineNumber":35,"author":{"gitId":"mfarhan-s"},"content":"            Task deletedTask \u003d taskList.remove(taskNumber - 1);","lastModifiedDate":"2024-03-20"},{"lineNumber":36,"author":{"gitId":"mfarhan-s"},"content":"            Storage.saveTasksToFile(TaskList.taskList);","lastModifiedDate":"2024-03-20"},{"lineNumber":37,"author":{"gitId":"mfarhan-s"},"content":"            System.out.println(\"    Witness the eradication of this feeble task:\\n      \" + deletedTask.toString());","lastModifiedDate":"2024-03-20"},{"lineNumber":38,"author":{"gitId":"mfarhan-s"},"content":"            System.out.println(\"    Now you have \" + taskList.size() + \" task(s) in the list. Tremble!\");","lastModifiedDate":"2024-03-20"},{"lineNumber":39,"author":{"gitId":"mfarhan-s"},"content":"        } else {","lastModifiedDate":"2024-03-20"},{"lineNumber":40,"author":{"gitId":"mfarhan-s"},"content":"            System.out.println(\"    Fool! That task number is beyond the realm of your pitiful list!\");","lastModifiedDate":"2024-03-20"},{"lineNumber":41,"author":{"gitId":"mfarhan-s"},"content":"        }","lastModifiedDate":"2024-03-20"},{"lineNumber":42,"author":{"gitId":"mfarhan-s"},"content":"    }","lastModifiedDate":"2024-03-20"},{"lineNumber":43,"author":{"gitId":"mfarhan-s"},"content":"    public static boolean isValidTaskNumber(int taskNumber, ArrayList\u003cTask\u003e taskList) {","lastModifiedDate":"2024-03-20"},{"lineNumber":44,"author":{"gitId":"mfarhan-s"},"content":"        return taskNumber \u003e 0 \u0026\u0026 taskNumber \u003c\u003d taskList.size();","lastModifiedDate":"2024-03-20"},{"lineNumber":45,"author":{"gitId":"mfarhan-s"},"content":"    }","lastModifiedDate":"2024-03-20"},{"lineNumber":46,"author":{"gitId":"mfarhan-s"},"content":"    protected static void markTaskAsDone(int taskNumber) {","lastModifiedDate":"2024-03-20"},{"lineNumber":47,"author":{"gitId":"mfarhan-s"},"content":"        if (TaskList.isValidTaskNumber(taskNumber, TaskList.taskList)) {","lastModifiedDate":"2024-03-20"},{"lineNumber":48,"author":{"gitId":"mfarhan-s"},"content":"            Task task \u003d TaskList.taskList.get(taskNumber - 1);","lastModifiedDate":"2024-03-20"},{"lineNumber":49,"author":{"gitId":"mfarhan-s"},"content":"            if (!task.isDone()) {","lastModifiedDate":"2024-03-20"},{"lineNumber":50,"author":{"gitId":"mfarhan-s"},"content":"                task.markAsDone();","lastModifiedDate":"2024-03-20"},{"lineNumber":51,"author":{"gitId":"mfarhan-s"},"content":"                System.out.println(\"    Hmph! I\u0027ve smitten this task from the list:\\n      \" + task.toString());","lastModifiedDate":"2024-03-20"},{"lineNumber":52,"author":{"gitId":"mfarhan-s"},"content":"                Storage.saveTasksToFile(TaskList.taskList);","lastModifiedDate":"2024-03-20"},{"lineNumber":53,"author":{"gitId":"mfarhan-s"},"content":"            } else {","lastModifiedDate":"2024-03-20"},{"lineNumber":54,"author":{"gitId":"mfarhan-s"},"content":"                System.out.println(\"    Fool! This task has already been marked as done!\\n      \" + task.toString());","lastModifiedDate":"2024-03-20"},{"lineNumber":55,"author":{"gitId":"mfarhan-s"},"content":"            }","lastModifiedDate":"2024-03-20"},{"lineNumber":56,"author":{"gitId":"mfarhan-s"},"content":"        } else {","lastModifiedDate":"2024-03-20"},{"lineNumber":57,"author":{"gitId":"mfarhan-s"},"content":"            System.out.println(\"    Fool! That task number is beyond the realm of your pitiful list!\");","lastModifiedDate":"2024-03-20"},{"lineNumber":58,"author":{"gitId":"mfarhan-s"},"content":"        }","lastModifiedDate":"2024-03-20"},{"lineNumber":59,"author":{"gitId":"mfarhan-s"},"content":"    }","lastModifiedDate":"2024-03-20"},{"lineNumber":60,"author":{"gitId":"mfarhan-s"},"content":"    protected static void unmarkTaskAsDone(int taskNumber) {","lastModifiedDate":"2024-03-20"},{"lineNumber":61,"author":{"gitId":"mfarhan-s"},"content":"        if (TaskList.isValidTaskNumber(taskNumber, TaskList.taskList)) {","lastModifiedDate":"2024-03-20"},{"lineNumber":62,"author":{"gitId":"mfarhan-s"},"content":"            Task task \u003d TaskList.taskList.get(taskNumber - 1);","lastModifiedDate":"2024-03-20"},{"lineNumber":63,"author":{"gitId":"mfarhan-s"},"content":"            if (task.isDone()) {","lastModifiedDate":"2024-03-20"},{"lineNumber":64,"author":{"gitId":"mfarhan-s"},"content":"                task.unmarkAsDone();","lastModifiedDate":"2024-03-20"},{"lineNumber":65,"author":{"gitId":"mfarhan-s"},"content":"                System.out.println(\"    Bah! I\u0027ve restored this task to its pathetic existence:\\n      \" + task.toString());","lastModifiedDate":"2024-03-20"},{"lineNumber":66,"author":{"gitId":"mfarhan-s"},"content":"                Storage.saveTasksToFile(TaskList.taskList);","lastModifiedDate":"2024-03-20"},{"lineNumber":67,"author":{"gitId":"mfarhan-s"},"content":"            } else {","lastModifiedDate":"2024-03-20"},{"lineNumber":68,"author":{"gitId":"mfarhan-s"},"content":"                System.out.println(\"    Fool! This task is already in its wretched, incomplete state!\\n      \" + task.toString());","lastModifiedDate":"2024-03-20"},{"lineNumber":69,"author":{"gitId":"mfarhan-s"},"content":"            }","lastModifiedDate":"2024-03-20"},{"lineNumber":70,"author":{"gitId":"mfarhan-s"},"content":"        } else {","lastModifiedDate":"2024-03-20"},{"lineNumber":71,"author":{"gitId":"mfarhan-s"},"content":"            System.out.println(\"    You dare invoke the invalid task number? Pathetic!\");","lastModifiedDate":"2024-03-20"},{"lineNumber":72,"author":{"gitId":"mfarhan-s"},"content":"        }","lastModifiedDate":"2024-03-20"},{"lineNumber":73,"author":{"gitId":"mfarhan-s"},"content":"    }","lastModifiedDate":"2024-03-20"},{"lineNumber":74,"author":{"gitId":"mfarhan-s"},"content":"}","lastModifiedDate":"2024-03-20"}],"authorContributionMap":{"mfarhan-s":74}},{"path":"src/main/java/ToDo.java","fileType":"java","lines":[{"lineNumber":1,"author":{"gitId":"mfarhan-s"},"content":"public class ToDo extends Task {","lastModifiedDate":"2024-02-17"},{"lineNumber":2,"author":{"gitId":"mfarhan-s"},"content":"    public ToDo(String description) {","lastModifiedDate":"2024-02-17"},{"lineNumber":3,"author":{"gitId":"mfarhan-s"},"content":"        super(description);","lastModifiedDate":"2024-02-17"},{"lineNumber":4,"author":{"gitId":"mfarhan-s"},"content":"    }","lastModifiedDate":"2024-02-17"},{"lineNumber":5,"author":{"gitId":"mfarhan-s"},"content":"","lastModifiedDate":"2024-03-17"},{"lineNumber":6,"author":{"gitId":"mfarhan-s"},"content":"    public static ToDo createToDoFromCommand(String command) {","lastModifiedDate":"2024-02-17"},{"lineNumber":7,"author":{"gitId":"mfarhan-s"},"content":"        String prefix \u003d \"todo\";","lastModifiedDate":"2024-03-17"},{"lineNumber":8,"author":{"gitId":"mfarhan-s"},"content":"        int prefixIndex \u003d command.toLowerCase().indexOf(prefix);","lastModifiedDate":"2024-03-17"},{"lineNumber":9,"author":{"gitId":"mfarhan-s"},"content":"        if (prefixIndex !\u003d -1) {","lastModifiedDate":"2024-03-17"},{"lineNumber":10,"author":{"gitId":"mfarhan-s"},"content":"            String todoDescription \u003d command.substring(prefixIndex + prefix.length()).trim();","lastModifiedDate":"2024-03-17"},{"lineNumber":11,"author":{"gitId":"mfarhan-s"},"content":"","lastModifiedDate":"2024-02-17"},{"lineNumber":12,"author":{"gitId":"mfarhan-s"},"content":"            if (!todoDescription.isEmpty()) {","lastModifiedDate":"2024-02-17"},{"lineNumber":13,"author":{"gitId":"mfarhan-s"},"content":"                return new ToDo(todoDescription);","lastModifiedDate":"2024-02-17"},{"lineNumber":14,"author":{"gitId":"mfarhan-s"},"content":"            }","lastModifiedDate":"2024-02-17"},{"lineNumber":15,"author":{"gitId":"mfarhan-s"},"content":"        }","lastModifiedDate":"2024-03-17"},{"lineNumber":16,"author":{"gitId":"mfarhan-s"},"content":"        return null;","lastModifiedDate":"2024-02-17"},{"lineNumber":17,"author":{"gitId":"mfarhan-s"},"content":"    }","lastModifiedDate":"2024-02-17"},{"lineNumber":18,"author":{"gitId":"mfarhan-s"},"content":"","lastModifiedDate":"2024-03-17"},{"lineNumber":19,"author":{"gitId":"mfarhan-s"},"content":"    @Override","lastModifiedDate":"2024-02-17"},{"lineNumber":20,"author":{"gitId":"mfarhan-s"},"content":"    public String toString() {","lastModifiedDate":"2024-02-17"},{"lineNumber":21,"author":{"gitId":"mfarhan-s"},"content":"        return \"[T]\" + super.toString();","lastModifiedDate":"2024-02-17"},{"lineNumber":22,"author":{"gitId":"mfarhan-s"},"content":"    }","lastModifiedDate":"2024-02-17"},{"lineNumber":23,"author":{"gitId":"mfarhan-s"},"content":"","lastModifiedDate":"2024-03-17"},{"lineNumber":24,"author":{"gitId":"mfarhan-s"},"content":"}","lastModifiedDate":"2024-02-17"}],"authorContributionMap":{"mfarhan-s":24}},{"path":"src/main/java/Ui.java","fileType":"java","lines":[{"lineNumber":1,"author":{"gitId":"mfarhan-s"},"content":"import java.util.ArrayList;","lastModifiedDate":"2024-03-20"},{"lineNumber":2,"author":{"gitId":"mfarhan-s"},"content":"import java.util.Scanner;","lastModifiedDate":"2024-03-20"},{"lineNumber":3,"author":{"gitId":"mfarhan-s"},"content":"public class Ui {","lastModifiedDate":"2024-03-20"},{"lineNumber":4,"author":{"gitId":"mfarhan-s"},"content":"    private static final String HORIZONTAL_LINE \u003d \"    -------------------------------------------------\";","lastModifiedDate":"2024-03-20"},{"lineNumber":5,"author":{"gitId":"mfarhan-s"},"content":"","lastModifiedDate":"2024-03-20"},{"lineNumber":6,"author":{"gitId":"mfarhan-s"},"content":"    public Ui() {","lastModifiedDate":"2024-03-20"},{"lineNumber":7,"author":{"gitId":"mfarhan-s"},"content":"        Scanner scanner \u003d new Scanner(System.in);","lastModifiedDate":"2024-03-20"},{"lineNumber":8,"author":{"gitId":"mfarhan-s"},"content":"    }","lastModifiedDate":"2024-03-20"},{"lineNumber":9,"author":{"gitId":"mfarhan-s"},"content":"","lastModifiedDate":"2024-03-20"},{"lineNumber":10,"author":{"gitId":"mfarhan-s"},"content":"    public static void greetUser() {","lastModifiedDate":"2024-03-20"},{"lineNumber":11,"author":{"gitId":"mfarhan-s"},"content":"        System.out.println(\"    Greetings, mortal! I am Balrog, the fiery demon.\");","lastModifiedDate":"2024-03-20"},{"lineNumber":12,"author":{"gitId":"mfarhan-s"},"content":"        System.out.println(\"    What foolish commands do you wish to utter?\");","lastModifiedDate":"2024-03-20"},{"lineNumber":13,"author":{"gitId":"mfarhan-s"},"content":"        printHorizontalLine();","lastModifiedDate":"2024-03-20"},{"lineNumber":14,"author":{"gitId":"mfarhan-s"},"content":"    }","lastModifiedDate":"2024-03-20"},{"lineNumber":15,"author":{"gitId":"mfarhan-s"},"content":"","lastModifiedDate":"2024-03-20"},{"lineNumber":16,"author":{"gitId":"mfarhan-s"},"content":"    public static void sayGoodbye() {","lastModifiedDate":"2024-03-20"},{"lineNumber":17,"author":{"gitId":"mfarhan-s"},"content":"        Storage.saveTasksToFile(TaskList.taskList);","lastModifiedDate":"2024-03-20"},{"lineNumber":18,"author":{"gitId":"mfarhan-s"},"content":"        displayMessage(\"    Flee, mortal! Until our paths cross again!\");","lastModifiedDate":"2024-03-20"},{"lineNumber":19,"author":{"gitId":"mfarhan-s"},"content":"        printHorizontalLine();","lastModifiedDate":"2024-03-20"},{"lineNumber":20,"author":{"gitId":"mfarhan-s"},"content":"    }","lastModifiedDate":"2024-03-20"},{"lineNumber":21,"author":{"gitId":"mfarhan-s"},"content":"","lastModifiedDate":"2024-03-20"},{"lineNumber":22,"author":{"gitId":"mfarhan-s"},"content":"    public static void displayMessage(String message) {","lastModifiedDate":"2024-03-20"},{"lineNumber":23,"author":{"gitId":"mfarhan-s"},"content":"        System.out.println(message);","lastModifiedDate":"2024-03-20"},{"lineNumber":24,"author":{"gitId":"mfarhan-s"},"content":"    }","lastModifiedDate":"2024-03-20"},{"lineNumber":25,"author":{"gitId":"mfarhan-s"},"content":"","lastModifiedDate":"2024-03-20"},{"lineNumber":26,"author":{"gitId":"mfarhan-s"},"content":"    public static void displayTaskList(ArrayList\u003cTask\u003e taskList) {","lastModifiedDate":"2024-03-20"},{"lineNumber":27,"author":{"gitId":"mfarhan-s"},"content":"        if (taskList.isEmpty()) {","lastModifiedDate":"2024-03-20"},{"lineNumber":28,"author":{"gitId":"mfarhan-s"},"content":"            displayMessage(\"    Your feeble Task List is Empty!\");","lastModifiedDate":"2024-03-20"},{"lineNumber":29,"author":{"gitId":"mfarhan-s"},"content":"        } else {","lastModifiedDate":"2024-03-20"},{"lineNumber":30,"author":{"gitId":"mfarhan-s"},"content":"            displayMessage(\"    \u003d\u003d\u003d\u003d\u003d\u003d\u003d Scroll of Puny Tasks \u003d\u003d\u003d\u003d\u003d\u003d\u003d\");","lastModifiedDate":"2024-03-20"},{"lineNumber":31,"author":{"gitId":"mfarhan-s"},"content":"            for (int i \u003d 0; i \u003c taskList.size(); i++) {","lastModifiedDate":"2024-03-20"},{"lineNumber":32,"author":{"gitId":"mfarhan-s"},"content":"                displayMessage(\"        \" + (i + 1) + \". \" + taskList.get(i));","lastModifiedDate":"2024-03-20"},{"lineNumber":33,"author":{"gitId":"mfarhan-s"},"content":"            }","lastModifiedDate":"2024-03-20"},{"lineNumber":34,"author":{"gitId":"mfarhan-s"},"content":"        }","lastModifiedDate":"2024-03-20"},{"lineNumber":35,"author":{"gitId":"mfarhan-s"},"content":"        printHorizontalLine();","lastModifiedDate":"2024-03-20"},{"lineNumber":36,"author":{"gitId":"mfarhan-s"},"content":"    }","lastModifiedDate":"2024-03-20"},{"lineNumber":37,"author":{"gitId":"mfarhan-s"},"content":"","lastModifiedDate":"2024-03-20"},{"lineNumber":38,"author":{"gitId":"mfarhan-s"},"content":"    public static void printHorizontalLine() {","lastModifiedDate":"2024-03-20"},{"lineNumber":39,"author":{"gitId":"mfarhan-s"},"content":"        displayMessage(HORIZONTAL_LINE);","lastModifiedDate":"2024-03-20"},{"lineNumber":40,"author":{"gitId":"mfarhan-s"},"content":"    }","lastModifiedDate":"2024-03-20"},{"lineNumber":41,"author":{"gitId":"mfarhan-s"},"content":"}","lastModifiedDate":"2024-03-20"}],"authorContributionMap":{"mfarhan-s":41}}]
