{"authorDailyContributionsMap":{"mfarhan-s":[{"date":"2024-02-03","commitResults":[{"hash":"22b1a454b1a22f287cd2693cb87e3133149a9de9","isMergeCommit":false,"messageTitle":"Rename, Greet, Exit","messageBody":"","tags":["Level-0"],"fileTypesAndContributionMap":{"java":{"insertions":12,"deletions":6}}},{"hash":"93432d20257f302e70fc788f8d7d4b9d268d9f91","isMergeCommit":false,"messageTitle":"add runDuke, echoUserInput, printHorizontalLine edit greetUser, sayGoodbye","messageBody":"","tags":["Level-1"],"fileTypesAndContributionMap":{"java":{"insertions":30,"deletions":8}}},{"hash":"741822cbcdc5313fd88fc19803a25d8da46dbb3c","isMergeCommit":false,"messageTitle":"added ability to add tasks to a list, print out all the items in list","messageBody":"","tags":["Level-2"],"fileTypesAndContributionMap":{"java":{"insertions":25,"deletions":2}}}]},{"date":"2024-02-13","commitResults":[{"hash":"811937fb6893ad14b65ba98f63428464c1e5f8fa","isMergeCommit":false,"messageTitle":"Add a new class named Task, edited Main to utilise new class","messageBody":"","tags":["Level-3"],"fileTypesAndContributionMap":{"java":{"insertions":108,"deletions":27}}}]},{"date":"2024-02-17","commitResults":[{"hash":"dfd4feca01e64f7da78449bd7663556877bc6d44","isMergeCommit":false,"messageTitle":"added new class TaskListManager to handle list of tasks, moved codes handling tasks out of Duke to Task, added new class ToDo inheriting from Task","messageBody":"","fileTypesAndContributionMap":{"java":{"insertions":89,"deletions":74}}},{"hash":"d6f534e2f0e03b3191fec76778c61d628d51f110","isMergeCommit":false,"messageTitle":"added new classes Deadline and Event","messageBody":"","tags":["Level-4"],"fileTypesAndContributionMap":{"java":{"insertions":114,"deletions":16}}}]}]},"authorFileTypeContributionMap":{"mfarhan-s":{"java":251,"md":0,"fxml":0,"sh":0,"bat":0,"gradle":0,"txt":0}},"authorContributionVariance":{"mfarhan-s":3037.7341},"authorDisplayNameMap":{"mfarhan-s":"MUHA..ALIM"}}
