[{"path":"src/main/java/Deadline.java","fileType":"java","lines":[{"lineNumber":1,"author":{"gitId":"youyiwan"},"content":"public class Deadline extends Task {","lastModifiedDate":"2024-02-12"},{"lineNumber":2,"author":{"gitId":"youyiwan"},"content":"","lastModifiedDate":"2024-02-12"},{"lineNumber":3,"author":{"gitId":"youyiwan"},"content":"    protected String by;","lastModifiedDate":"2024-02-12"},{"lineNumber":4,"author":{"gitId":"youyiwan"},"content":"","lastModifiedDate":"2024-02-12"},{"lineNumber":5,"author":{"gitId":"youyiwan"},"content":"    public Deadline(String description, boolean isDone, String by) {","lastModifiedDate":"2024-02-12"},{"lineNumber":6,"author":{"gitId":"youyiwan"},"content":"        super(description, isDone);","lastModifiedDate":"2024-02-12"},{"lineNumber":7,"author":{"gitId":"youyiwan"},"content":"        this.by \u003d by;","lastModifiedDate":"2024-02-12"},{"lineNumber":8,"author":{"gitId":"youyiwan"},"content":"    }","lastModifiedDate":"2024-02-12"},{"lineNumber":9,"author":{"gitId":"youyiwan"},"content":"","lastModifiedDate":"2024-02-12"},{"lineNumber":10,"author":{"gitId":"youyiwan"},"content":"","lastModifiedDate":"2024-02-12"},{"lineNumber":11,"author":{"gitId":"youyiwan"},"content":"","lastModifiedDate":"2024-02-12"},{"lineNumber":12,"author":{"gitId":"youyiwan"},"content":"    @Override","lastModifiedDate":"2024-02-12"},{"lineNumber":13,"author":{"gitId":"youyiwan"},"content":"    public String markAsDone(){","lastModifiedDate":"2024-02-12"},{"lineNumber":14,"author":{"gitId":"youyiwan"},"content":"        return \"[D][X]\";","lastModifiedDate":"2024-02-12"},{"lineNumber":15,"author":{"gitId":"youyiwan"},"content":"    }","lastModifiedDate":"2024-02-12"},{"lineNumber":16,"author":{"gitId":"youyiwan"},"content":"","lastModifiedDate":"2024-02-12"},{"lineNumber":17,"author":{"gitId":"youyiwan"},"content":"    public String markAsNotDone(){","lastModifiedDate":"2024-02-12"},{"lineNumber":18,"author":{"gitId":"youyiwan"},"content":"        return \"[D][ ]\";","lastModifiedDate":"2024-02-12"},{"lineNumber":19,"author":{"gitId":"youyiwan"},"content":"    }","lastModifiedDate":"2024-02-12"},{"lineNumber":20,"author":{"gitId":"youyiwan"},"content":"","lastModifiedDate":"2024-02-12"},{"lineNumber":21,"author":{"gitId":"youyiwan"},"content":"    public String toString() {","lastModifiedDate":"2024-02-12"},{"lineNumber":22,"author":{"gitId":"youyiwan"},"content":"        if (isDone)","lastModifiedDate":"2024-02-12"},{"lineNumber":23,"author":{"gitId":"youyiwan"},"content":"        {","lastModifiedDate":"2024-02-12"},{"lineNumber":24,"author":{"gitId":"youyiwan"},"content":"            return markAsDone() + description + \" (by: \" + by + \")\";","lastModifiedDate":"2024-02-12"},{"lineNumber":25,"author":{"gitId":"youyiwan"},"content":"        }","lastModifiedDate":"2024-02-12"},{"lineNumber":26,"author":{"gitId":"youyiwan"},"content":"        else return markAsNotDone() + description + \" (by: \" + by + \")\";","lastModifiedDate":"2024-02-12"},{"lineNumber":27,"author":{"gitId":"youyiwan"},"content":"    }","lastModifiedDate":"2024-02-12"},{"lineNumber":28,"author":{"gitId":"youyiwan"},"content":"","lastModifiedDate":"2024-02-12"},{"lineNumber":29,"author":{"gitId":"youyiwan"},"content":"    public String getBy(){","lastModifiedDate":"2024-02-12"},{"lineNumber":30,"author":{"gitId":"youyiwan"},"content":"        return by;","lastModifiedDate":"2024-02-12"},{"lineNumber":31,"author":{"gitId":"youyiwan"},"content":"    }","lastModifiedDate":"2024-02-12"},{"lineNumber":32,"author":{"gitId":"youyiwan"},"content":"","lastModifiedDate":"2024-02-12"},{"lineNumber":33,"author":{"gitId":"youyiwan"},"content":"    public String booleanToString(boolean isDone) {","lastModifiedDate":"2024-02-12"},{"lineNumber":34,"author":{"gitId":"youyiwan"},"content":"","lastModifiedDate":"2024-02-12"},{"lineNumber":35,"author":{"gitId":"youyiwan"},"content":"        if (isDone)","lastModifiedDate":"2024-02-12"},{"lineNumber":36,"author":{"gitId":"youyiwan"},"content":"        {","lastModifiedDate":"2024-02-12"},{"lineNumber":37,"author":{"gitId":"youyiwan"},"content":"            return markAsDone() + super.toString() + \" (by: \" + by + \")\";","lastModifiedDate":"2024-02-12"},{"lineNumber":38,"author":{"gitId":"youyiwan"},"content":"        }","lastModifiedDate":"2024-02-12"},{"lineNumber":39,"author":{"gitId":"youyiwan"},"content":"        else return markAsNotDone() + super.toString() + \" (by: \" + by + \")\";","lastModifiedDate":"2024-02-12"},{"lineNumber":40,"author":{"gitId":"youyiwan"},"content":"    }","lastModifiedDate":"2024-02-12"},{"lineNumber":41,"author":{"gitId":"youyiwan"},"content":"}","lastModifiedDate":"2024-02-12"}],"authorContributionMap":{"youyiwan":41}},{"path":"src/main/java/Event.java","fileType":"java","lines":[{"lineNumber":1,"author":{"gitId":"youyiwan"},"content":"public class Event extends Task {","lastModifiedDate":"2024-02-12"},{"lineNumber":2,"author":{"gitId":"youyiwan"},"content":"","lastModifiedDate":"2024-02-12"},{"lineNumber":3,"author":{"gitId":"youyiwan"},"content":"","lastModifiedDate":"2024-02-12"},{"lineNumber":4,"author":{"gitId":"youyiwan"},"content":"    protected String from;","lastModifiedDate":"2024-02-12"},{"lineNumber":5,"author":{"gitId":"youyiwan"},"content":"    protected String to;","lastModifiedDate":"2024-02-12"},{"lineNumber":6,"author":{"gitId":"youyiwan"},"content":"","lastModifiedDate":"2024-02-12"},{"lineNumber":7,"author":{"gitId":"youyiwan"},"content":"    public Event(String description, boolean isDone, String from, String to) {","lastModifiedDate":"2024-02-12"},{"lineNumber":8,"author":{"gitId":"youyiwan"},"content":"        super(description, isDone);","lastModifiedDate":"2024-02-12"},{"lineNumber":9,"author":{"gitId":"youyiwan"},"content":"        this.from\u003dfrom;","lastModifiedDate":"2024-02-12"},{"lineNumber":10,"author":{"gitId":"youyiwan"},"content":"        this.to \u003d to;","lastModifiedDate":"2024-02-12"},{"lineNumber":11,"author":{"gitId":"youyiwan"},"content":"    }","lastModifiedDate":"2024-02-12"},{"lineNumber":12,"author":{"gitId":"youyiwan"},"content":"","lastModifiedDate":"2024-02-12"},{"lineNumber":13,"author":{"gitId":"youyiwan"},"content":"    @Override","lastModifiedDate":"2024-02-12"},{"lineNumber":14,"author":{"gitId":"youyiwan"},"content":"    public String markAsDone(){","lastModifiedDate":"2024-02-12"},{"lineNumber":15,"author":{"gitId":"youyiwan"},"content":"        return \"[E][X]\";","lastModifiedDate":"2024-02-12"},{"lineNumber":16,"author":{"gitId":"youyiwan"},"content":"    }","lastModifiedDate":"2024-02-12"},{"lineNumber":17,"author":{"gitId":"youyiwan"},"content":"","lastModifiedDate":"2024-02-12"},{"lineNumber":18,"author":{"gitId":"youyiwan"},"content":"    public String markAsNotDone(){","lastModifiedDate":"2024-02-12"},{"lineNumber":19,"author":{"gitId":"youyiwan"},"content":"        return \"[E][ ]\";","lastModifiedDate":"2024-02-12"},{"lineNumber":20,"author":{"gitId":"youyiwan"},"content":"    }","lastModifiedDate":"2024-02-12"},{"lineNumber":21,"author":{"gitId":"youyiwan"},"content":"","lastModifiedDate":"2024-02-12"},{"lineNumber":22,"author":{"gitId":"youyiwan"},"content":"    public String toString() {","lastModifiedDate":"2024-02-12"},{"lineNumber":23,"author":{"gitId":"youyiwan"},"content":"        if (isDone)","lastModifiedDate":"2024-02-12"},{"lineNumber":24,"author":{"gitId":"youyiwan"},"content":"        {","lastModifiedDate":"2024-02-12"},{"lineNumber":25,"author":{"gitId":"youyiwan"},"content":"            return markAsDone() + description + \" (from: \" + from + \"to: \" + to + \")\";","lastModifiedDate":"2024-02-12"},{"lineNumber":26,"author":{"gitId":"youyiwan"},"content":"        }","lastModifiedDate":"2024-02-12"},{"lineNumber":27,"author":{"gitId":"youyiwan"},"content":"        else return markAsNotDone() + description + \" (from: \" + from + \"to: \" + to + \")\";","lastModifiedDate":"2024-02-12"},{"lineNumber":28,"author":{"gitId":"youyiwan"},"content":"    }","lastModifiedDate":"2024-02-12"},{"lineNumber":29,"author":{"gitId":"youyiwan"},"content":"","lastModifiedDate":"2024-02-12"},{"lineNumber":30,"author":{"gitId":"youyiwan"},"content":"    public String getFrom(){","lastModifiedDate":"2024-02-12"},{"lineNumber":31,"author":{"gitId":"youyiwan"},"content":"        return from;","lastModifiedDate":"2024-02-12"},{"lineNumber":32,"author":{"gitId":"youyiwan"},"content":"    }","lastModifiedDate":"2024-02-12"},{"lineNumber":33,"author":{"gitId":"youyiwan"},"content":"    public String getTo(){","lastModifiedDate":"2024-02-12"},{"lineNumber":34,"author":{"gitId":"youyiwan"},"content":"        return to;","lastModifiedDate":"2024-02-12"},{"lineNumber":35,"author":{"gitId":"youyiwan"},"content":"    }","lastModifiedDate":"2024-02-12"},{"lineNumber":36,"author":{"gitId":"youyiwan"},"content":"","lastModifiedDate":"2024-02-12"},{"lineNumber":37,"author":{"gitId":"youyiwan"},"content":"","lastModifiedDate":"2024-02-12"},{"lineNumber":38,"author":{"gitId":"youyiwan"},"content":"    public String booleanToString(boolean isDone) {","lastModifiedDate":"2024-02-12"},{"lineNumber":39,"author":{"gitId":"youyiwan"},"content":"","lastModifiedDate":"2024-02-12"},{"lineNumber":40,"author":{"gitId":"youyiwan"},"content":"        if (isDone)","lastModifiedDate":"2024-02-12"},{"lineNumber":41,"author":{"gitId":"youyiwan"},"content":"        {","lastModifiedDate":"2024-02-12"},{"lineNumber":42,"author":{"gitId":"youyiwan"},"content":"            return markAsDone() + super.toString() + \" (from: \" + from + \"to: \" + to + \")\";","lastModifiedDate":"2024-02-12"},{"lineNumber":43,"author":{"gitId":"youyiwan"},"content":"        }","lastModifiedDate":"2024-02-12"},{"lineNumber":44,"author":{"gitId":"youyiwan"},"content":"        else return markAsNotDone() + super.toString() + \" (from: \" + from + \"to: \" + to + \")\";","lastModifiedDate":"2024-02-12"},{"lineNumber":45,"author":{"gitId":"youyiwan"},"content":"    }","lastModifiedDate":"2024-02-12"},{"lineNumber":46,"author":{"gitId":"youyiwan"},"content":"}","lastModifiedDate":"2024-02-12"}],"authorContributionMap":{"youyiwan":46}},{"path":"src/main/java/Main.java","fileType":"java","lines":[{"lineNumber":1,"author":{"gitId":"youyiwan"},"content":"import java.util.Scanner;","lastModifiedDate":"2024-01-29"},{"lineNumber":2,"author":{"gitId":"youyiwan"},"content":"import java.util.Arrays;","lastModifiedDate":"2024-01-29"},{"lineNumber":3,"author":{"gitId":"youyiwan"},"content":"import java.util.Map;","lastModifiedDate":"2024-02-03"},{"lineNumber":4,"author":{"gitId":"youyiwan"},"content":"import java.util.HashMap;","lastModifiedDate":"2024-02-03"},{"lineNumber":5,"author":{"gitId":"youyiwan"},"content":"public class Main {","lastModifiedDate":"2024-01-28"},{"lineNumber":6,"author":{"gitId":"youyiwan"},"content":"    public static Task[] myTask \u003d new Task[100];","lastModifiedDate":"2024-02-04"},{"lineNumber":7,"author":{"gitId":"youyiwan"},"content":"    public static HashMap\u003cInteger, Task\u003e taskMap \u003d new HashMap\u003cInteger, Task\u003e ();","lastModifiedDate":"2024-02-04"},{"lineNumber":8,"author":{"gitId":"youyiwan"},"content":"    private static int taskCount \u003d 0;","lastModifiedDate":"2024-02-04"},{"lineNumber":9,"author":{"gitId":"youyiwan"},"content":"    public static void addTask(Task m){","lastModifiedDate":"2024-02-04"},{"lineNumber":10,"author":{"gitId":"youyiwan"},"content":"        myTask[taskCount] \u003d m;","lastModifiedDate":"2024-02-04"},{"lineNumber":11,"author":{"gitId":"youyiwan"},"content":"        taskCount++;","lastModifiedDate":"2024-02-04"},{"lineNumber":12,"author":{"gitId":"youyiwan"},"content":"    }","lastModifiedDate":"2024-01-29"},{"lineNumber":13,"author":{"gitId":"youyiwan"},"content":"    public static void main(String[] args) {","lastModifiedDate":"2024-01-28"},{"lineNumber":14,"author":{"gitId":"youyiwan"},"content":"        String line;","lastModifiedDate":"2024-01-29"},{"lineNumber":15,"author":{"gitId":"youyiwan"},"content":"        boolean isSame \u003d false;","lastModifiedDate":"2024-02-03"},{"lineNumber":16,"author":{"gitId":"youyiwan"},"content":"        Scanner in \u003d new Scanner(System.in);","lastModifiedDate":"2024-01-29"},{"lineNumber":17,"author":{"gitId":"youyiwan"},"content":"        String name \u003d \"Euan\";","lastModifiedDate":"2024-01-28"},{"lineNumber":18,"author":{"gitId":"youyiwan"},"content":"        System.out.println(\"Hello! I\u0027m \" + name+\"\\n\"+\"What can I do for you?\");","lastModifiedDate":"2024-01-28"},{"lineNumber":19,"author":{"gitId":"youyiwan"},"content":"        while(true)","lastModifiedDate":"2024-01-29"},{"lineNumber":20,"author":{"gitId":"youyiwan"},"content":"        {","lastModifiedDate":"2024-01-29"},{"lineNumber":21,"author":{"gitId":"youyiwan"},"content":"            line \u003d in.nextLine();","lastModifiedDate":"2024-01-29"},{"lineNumber":22,"author":{"gitId":"youyiwan"},"content":"            isSame \u003d false;","lastModifiedDate":"2024-02-03"},{"lineNumber":23,"author":{"gitId":"youyiwan"},"content":"            if (line.equalsIgnoreCase(\"bye\")) // 1. Exit application","lastModifiedDate":"2024-02-04"},{"lineNumber":24,"author":{"gitId":"youyiwan"},"content":"            {","lastModifiedDate":"2024-01-29"},{"lineNumber":25,"author":{"gitId":"youyiwan"},"content":"                System.out.println(\"Bye. Hope to see you again soon!\");","lastModifiedDate":"2024-01-28"},{"lineNumber":26,"author":{"gitId":"youyiwan"},"content":"                break;","lastModifiedDate":"2024-01-29"},{"lineNumber":27,"author":{"gitId":"youyiwan"},"content":"            }","lastModifiedDate":"2024-01-29"},{"lineNumber":28,"author":{"gitId":"youyiwan"},"content":"            else if(line.equalsIgnoreCase(\"list\")) // 2. Print Task","lastModifiedDate":"2024-02-04"},{"lineNumber":29,"author":{"gitId":"youyiwan"},"content":"            {","lastModifiedDate":"2024-01-29"},{"lineNumber":30,"author":{"gitId":"youyiwan"},"content":"                for (HashMap.Entry\u003cInteger,Task\u003e entry : taskMap.entrySet()){","lastModifiedDate":"2024-02-04"},{"lineNumber":31,"author":{"gitId":"youyiwan"},"content":"                    System.out.println( entry.getKey() + \".\" + entry.getValue().toString());","lastModifiedDate":"2024-02-12"},{"lineNumber":32,"author":{"gitId":"youyiwan"},"content":"                }","lastModifiedDate":"2024-01-29"},{"lineNumber":33,"author":{"gitId":"youyiwan"},"content":"","lastModifiedDate":"2024-02-03"},{"lineNumber":34,"author":{"gitId":"youyiwan"},"content":"            }","lastModifiedDate":"2024-02-03"},{"lineNumber":35,"author":{"gitId":"youyiwan"},"content":"            else if( line.length() \u003e\u003d 4 \u0026\u0026  line.substring(0,4).equalsIgnoreCase(\"mark\") ){    // 3. mark task as done","lastModifiedDate":"2024-02-04"},{"lineNumber":36,"author":{"gitId":"youyiwan"},"content":"                String[] words \u003d line.split(\" \");","lastModifiedDate":"2024-02-03"},{"lineNumber":37,"author":{"gitId":"youyiwan"},"content":"                boolean isDone \u003d true;","lastModifiedDate":"2024-02-04"},{"lineNumber":38,"author":{"gitId":"youyiwan"},"content":"","lastModifiedDate":"2024-02-03"},{"lineNumber":39,"author":{"gitId":"youyiwan"},"content":"                // check if key exist if not prompt user to check the list again","lastModifiedDate":"2024-02-03"},{"lineNumber":40,"author":{"gitId":"youyiwan"},"content":"                if(taskMap.containsKey(Integer.valueOf(words[1])))","lastModifiedDate":"2024-02-04"},{"lineNumber":41,"author":{"gitId":"youyiwan"},"content":"                {","lastModifiedDate":"2024-02-03"},{"lineNumber":42,"author":{"gitId":"youyiwan"},"content":"                    for (HashMap.Entry\u003cInteger,Task\u003e entry : taskMap.entrySet()){","lastModifiedDate":"2024-02-04"},{"lineNumber":43,"author":{"gitId":"youyiwan"},"content":"                        if(entry.getKey().equals(Integer.valueOf(words[1])))","lastModifiedDate":"2024-02-12"},{"lineNumber":44,"author":{"gitId":"youyiwan"},"content":"                        {","lastModifiedDate":"2024-02-03"},{"lineNumber":45,"author":{"gitId":"youyiwan"},"content":"                            System.out.println(\"Nice! I\u0027ve marked this task as done:\");","lastModifiedDate":"2024-02-03"},{"lineNumber":46,"author":{"gitId":"youyiwan"},"content":"                            if(entry.getValue().markAsDone().startsWith(\"[D]\")){   // Here you need to check if its deadline, event or todo","lastModifiedDate":"2024-02-12"},{"lineNumber":47,"author":{"gitId":"youyiwan"},"content":"                                Deadline d \u003d new Deadline( entry.getValue().getDescription(), isDone, entry.getValue().getBy());","lastModifiedDate":"2024-02-12"},{"lineNumber":48,"author":{"gitId":"youyiwan"},"content":"                                taskMap.put(entry.getKey(), d);","lastModifiedDate":"2024-02-12"},{"lineNumber":49,"author":{"gitId":"youyiwan"},"content":"                                System.out.println(d);","lastModifiedDate":"2024-02-12"},{"lineNumber":50,"author":{"gitId":"youyiwan"},"content":"                            }","lastModifiedDate":"2024-02-12"},{"lineNumber":51,"author":{"gitId":"youyiwan"},"content":"                            else if (entry.getValue().markAsDone().startsWith(\"[E]\")) {","lastModifiedDate":"2024-02-12"},{"lineNumber":52,"author":{"gitId":"youyiwan"},"content":"                                Event e \u003d new Event( entry.getValue().getDescription(), isDone, entry.getValue().getFrom(), entry.getValue().getTo());","lastModifiedDate":"2024-02-12"},{"lineNumber":53,"author":{"gitId":"youyiwan"},"content":"                                taskMap.put(entry.getKey(), e);","lastModifiedDate":"2024-02-12"},{"lineNumber":54,"author":{"gitId":"youyiwan"},"content":"                                System.out.println(e);","lastModifiedDate":"2024-02-12"},{"lineNumber":55,"author":{"gitId":"youyiwan"},"content":"                            }","lastModifiedDate":"2024-02-12"},{"lineNumber":56,"author":{"gitId":"youyiwan"},"content":"                            else {","lastModifiedDate":"2024-02-12"},{"lineNumber":57,"author":{"gitId":"youyiwan"},"content":"                                Todo t \u003d new Todo(entry.getValue().description, isDone);","lastModifiedDate":"2024-02-12"},{"lineNumber":58,"author":{"gitId":"youyiwan"},"content":"                                taskMap.put( entry.getKey() , t);","lastModifiedDate":"2024-02-12"},{"lineNumber":59,"author":{"gitId":"youyiwan"},"content":"                                System.out.println(t);","lastModifiedDate":"2024-02-12"},{"lineNumber":60,"author":{"gitId":"youyiwan"},"content":"                            }","lastModifiedDate":"2024-02-12"},{"lineNumber":61,"author":{"gitId":"youyiwan"},"content":"                        }","lastModifiedDate":"2024-02-03"},{"lineNumber":62,"author":{"gitId":"youyiwan"},"content":"                    }","lastModifiedDate":"2024-02-03"},{"lineNumber":63,"author":{"gitId":"youyiwan"},"content":"                }","lastModifiedDate":"2024-02-03"},{"lineNumber":64,"author":{"gitId":"youyiwan"},"content":"                else System.out.println(\"No such task, please check the list\");","lastModifiedDate":"2024-02-03"},{"lineNumber":65,"author":{"gitId":"youyiwan"},"content":"            }","lastModifiedDate":"2024-02-03"},{"lineNumber":66,"author":{"gitId":"youyiwan"},"content":"            else if( line.length() \u003e\u003d 6 \u0026\u0026 line.substring(0,6).equalsIgnoreCase(\"unmark\") ){ // 4. unmark task","lastModifiedDate":"2024-02-04"},{"lineNumber":67,"author":{"gitId":"youyiwan"},"content":"                String[] words \u003d line.split(\" \");","lastModifiedDate":"2024-02-03"},{"lineNumber":68,"author":{"gitId":"youyiwan"},"content":"                boolean isDone \u003d false;","lastModifiedDate":"2024-02-04"},{"lineNumber":69,"author":{"gitId":"youyiwan"},"content":"                // check if key exist if not prompt user to check the task again","lastModifiedDate":"2024-02-04"},{"lineNumber":70,"author":{"gitId":"youyiwan"},"content":"                if(taskMap.containsKey(Integer.valueOf(words[1]))){","lastModifiedDate":"2024-02-04"},{"lineNumber":71,"author":{"gitId":"youyiwan"},"content":"                    for (HashMap.Entry\u003cInteger,Task\u003e entry : taskMap.entrySet()){","lastModifiedDate":"2024-02-04"},{"lineNumber":72,"author":{"gitId":"youyiwan"},"content":"                        if(entry.getKey().equals(Integer.valueOf(words[1])) )","lastModifiedDate":"2024-02-12"},{"lineNumber":73,"author":{"gitId":"youyiwan"},"content":"                        {","lastModifiedDate":"2024-02-03"},{"lineNumber":74,"author":{"gitId":"youyiwan"},"content":"                            System.out.println(\"OK, I\u0027ve marked this task as not done yet\");","lastModifiedDate":"2024-02-03"},{"lineNumber":75,"author":{"gitId":"youyiwan"},"content":"                            if(entry.getValue().markAsDone().startsWith(\"[D]\")){   // Here you need to check if its deadline, event or ...","lastModifiedDate":"2024-02-12"},{"lineNumber":76,"author":{"gitId":"youyiwan"},"content":"                                Deadline d \u003d new Deadline( entry.getValue().getDescription(), isDone, entry.getValue().getBy());","lastModifiedDate":"2024-02-12"},{"lineNumber":77,"author":{"gitId":"youyiwan"},"content":"                                taskMap.put(entry.getKey(), d);","lastModifiedDate":"2024-02-12"},{"lineNumber":78,"author":{"gitId":"youyiwan"},"content":"                                System.out.println(d);","lastModifiedDate":"2024-02-12"},{"lineNumber":79,"author":{"gitId":"youyiwan"},"content":"                            }","lastModifiedDate":"2024-02-12"},{"lineNumber":80,"author":{"gitId":"youyiwan"},"content":"                            else if (entry.getValue().markAsDone().startsWith(\"[E]\")){","lastModifiedDate":"2024-02-12"},{"lineNumber":81,"author":{"gitId":"youyiwan"},"content":"                                Event e \u003d new Event( entry.getValue().getDescription(), isDone, entry.getValue().getFrom(), entry.getValue().getTo());","lastModifiedDate":"2024-02-12"},{"lineNumber":82,"author":{"gitId":"youyiwan"},"content":"                                taskMap.put(entry.getKey(), e);","lastModifiedDate":"2024-02-12"},{"lineNumber":83,"author":{"gitId":"youyiwan"},"content":"                                System.out.println(e);","lastModifiedDate":"2024-02-12"},{"lineNumber":84,"author":{"gitId":"youyiwan"},"content":"                            }","lastModifiedDate":"2024-02-12"},{"lineNumber":85,"author":{"gitId":"youyiwan"},"content":"                            else {","lastModifiedDate":"2024-02-12"},{"lineNumber":86,"author":{"gitId":"youyiwan"},"content":"                                Todo t \u003d new Todo(entry.getValue().description, isDone);","lastModifiedDate":"2024-02-12"},{"lineNumber":87,"author":{"gitId":"youyiwan"},"content":"                                taskMap.put( Integer.valueOf(words[1]) , t);","lastModifiedDate":"2024-02-12"},{"lineNumber":88,"author":{"gitId":"youyiwan"},"content":"                                System.out.println(t);","lastModifiedDate":"2024-02-12"},{"lineNumber":89,"author":{"gitId":"youyiwan"},"content":"                            }","lastModifiedDate":"2024-02-12"},{"lineNumber":90,"author":{"gitId":"youyiwan"},"content":"                        }","lastModifiedDate":"2024-02-03"},{"lineNumber":91,"author":{"gitId":"youyiwan"},"content":"                    }","lastModifiedDate":"2024-02-03"},{"lineNumber":92,"author":{"gitId":"youyiwan"},"content":"                }","lastModifiedDate":"2024-02-03"},{"lineNumber":93,"author":{"gitId":"youyiwan"},"content":"                else System.out.println(\"No such task, please check the list\");","lastModifiedDate":"2024-02-03"},{"lineNumber":94,"author":{"gitId":"youyiwan"},"content":"            }","lastModifiedDate":"2024-01-29"},{"lineNumber":95,"author":{"gitId":"youyiwan"},"content":"            else {","lastModifiedDate":"2024-01-29"},{"lineNumber":96,"author":{"gitId":"youyiwan"},"content":"                 // 5. check for duplicate task","lastModifiedDate":"2024-02-04"},{"lineNumber":97,"author":{"gitId":"youyiwan"},"content":"                for (HashMap.Entry\u003cInteger,Task\u003e entry : taskMap.entrySet() ){","lastModifiedDate":"2024-02-04"},{"lineNumber":98,"author":{"gitId":"youyiwan"},"content":"                    String str1 \u003d entry.getValue().description;","lastModifiedDate":"2024-02-12"},{"lineNumber":99,"author":{"gitId":"youyiwan"},"content":"                    isSame \u003d str1.equals(line);","lastModifiedDate":"2024-02-03"},{"lineNumber":100,"author":{"gitId":"youyiwan"},"content":"                    if( isSame ) ;","lastModifiedDate":"2024-02-12"},{"lineNumber":101,"author":{"gitId":"youyiwan"},"content":"                    {","lastModifiedDate":"2024-02-03"},{"lineNumber":102,"author":{"gitId":"youyiwan"},"content":"                        break;","lastModifiedDate":"2024-02-03"},{"lineNumber":103,"author":{"gitId":"youyiwan"},"content":"                    }","lastModifiedDate":"2024-02-03"},{"lineNumber":104,"author":{"gitId":"youyiwan"},"content":"                }","lastModifiedDate":"2024-02-03"},{"lineNumber":105,"author":{"gitId":"youyiwan"},"content":"                if (!isSame) { // 6. if false create new entry","lastModifiedDate":"2024-02-12"},{"lineNumber":106,"author":{"gitId":"youyiwan"},"content":"                    int dividerFirstSpace \u003d line.indexOf(\u0027 \u0027);","lastModifiedDate":"2024-02-12"},{"lineNumber":107,"author":{"gitId":"youyiwan"},"content":"                    System.out.println(\"Got it. I\u0027ve added this task:\");","lastModifiedDate":"2024-02-12"},{"lineNumber":108,"author":{"gitId":"youyiwan"},"content":"                    if (line.substring(0,dividerFirstSpace).equalsIgnoreCase(\"deadline\"))","lastModifiedDate":"2024-02-12"},{"lineNumber":109,"author":{"gitId":"youyiwan"},"content":"                    {","lastModifiedDate":"2024-02-12"},{"lineNumber":110,"author":{"gitId":"youyiwan"},"content":"                        int dividerBy \u003d line.indexOf(\"/by \");","lastModifiedDate":"2024-02-12"},{"lineNumber":111,"author":{"gitId":"youyiwan"},"content":"                        String taskDescription \u003d line.substring(dividerFirstSpace, dividerBy);","lastModifiedDate":"2024-02-12"},{"lineNumber":112,"author":{"gitId":"youyiwan"},"content":"                        String byDescription \u003d line.substring(dividerBy).replace(\"/by \", \"\");","lastModifiedDate":"2024-02-12"},{"lineNumber":113,"author":{"gitId":"youyiwan"},"content":"                        Deadline d \u003d new Deadline( taskDescription, isSame, byDescription ); // Create new object of Deadline class","lastModifiedDate":"2024-02-12"},{"lineNumber":114,"author":{"gitId":"youyiwan"},"content":"                        addTask(d); // Add object to Task[]","lastModifiedDate":"2024-02-12"},{"lineNumber":115,"author":{"gitId":"youyiwan"},"content":"                        taskMap.put(taskCount, d); // store deadline object in map","lastModifiedDate":"2024-02-12"},{"lineNumber":116,"author":{"gitId":"youyiwan"},"content":"","lastModifiedDate":"2024-02-12"},{"lineNumber":117,"author":{"gitId":"youyiwan"},"content":"                        System.out.println(d.booleanToString(isSame));","lastModifiedDate":"2024-02-12"},{"lineNumber":118,"author":{"gitId":"youyiwan"},"content":"                    }","lastModifiedDate":"2024-02-12"},{"lineNumber":119,"author":{"gitId":"youyiwan"},"content":"                    else if (line.substring(0,dividerFirstSpace).equalsIgnoreCase(\"event\"))","lastModifiedDate":"2024-02-12"},{"lineNumber":120,"author":{"gitId":"youyiwan"},"content":"                    {","lastModifiedDate":"2024-02-12"},{"lineNumber":121,"author":{"gitId":"youyiwan"},"content":"                        int dividerFrom \u003d line.indexOf(\"/from \");","lastModifiedDate":"2024-02-12"},{"lineNumber":122,"author":{"gitId":"youyiwan"},"content":"                        int dividerTo \u003d line.indexOf(\"/to \");","lastModifiedDate":"2024-02-12"},{"lineNumber":123,"author":{"gitId":"youyiwan"},"content":"                        String taskDescription \u003d line.substring(dividerFirstSpace, dividerFrom);","lastModifiedDate":"2024-02-12"},{"lineNumber":124,"author":{"gitId":"youyiwan"},"content":"                        String from \u003d line.substring(dividerFrom, dividerTo).replace(\"/from \", \"\");;","lastModifiedDate":"2024-02-12"},{"lineNumber":125,"author":{"gitId":"youyiwan"},"content":"                        String to \u003d line.substring(dividerTo).replace(\"/to \", \"\");","lastModifiedDate":"2024-02-12"},{"lineNumber":126,"author":{"gitId":"youyiwan"},"content":"                        Event e \u003d new Event( taskDescription, isSame, from, to ); // Create new object of Deadline class","lastModifiedDate":"2024-02-12"},{"lineNumber":127,"author":{"gitId":"youyiwan"},"content":"                        addTask(e); // Add object to Task[]","lastModifiedDate":"2024-02-12"},{"lineNumber":128,"author":{"gitId":"youyiwan"},"content":"                        taskMap.put(taskCount, e); // store deadline object in map","lastModifiedDate":"2024-02-12"},{"lineNumber":129,"author":{"gitId":"youyiwan"},"content":"                        System.out.println(e.booleanToString(isSame));","lastModifiedDate":"2024-02-12"},{"lineNumber":130,"author":{"gitId":"youyiwan"},"content":"                    }","lastModifiedDate":"2024-02-12"},{"lineNumber":131,"author":{"gitId":"youyiwan"},"content":"                    else {","lastModifiedDate":"2024-02-12"},{"lineNumber":132,"author":{"gitId":"youyiwan"},"content":"                        String newLine \u003d line.substring(dividerFirstSpace);","lastModifiedDate":"2024-02-12"},{"lineNumber":133,"author":{"gitId":"youyiwan"},"content":"                        Todo t \u003d new Todo(newLine, isSame); // Create new object of Todo class","lastModifiedDate":"2024-02-12"},{"lineNumber":134,"author":{"gitId":"youyiwan"},"content":"                        addTask(t); // Add object to Task[]","lastModifiedDate":"2024-02-04"},{"lineNumber":135,"author":{"gitId":"youyiwan"},"content":"                        taskMap.put(taskCount, t);","lastModifiedDate":"2024-02-04"},{"lineNumber":136,"author":{"gitId":"youyiwan"},"content":"                        System.out.println(t.booleanToString(isSame));","lastModifiedDate":"2024-02-12"},{"lineNumber":137,"author":{"gitId":"youyiwan"},"content":"                    }","lastModifiedDate":"2024-02-12"},{"lineNumber":138,"author":{"gitId":"youyiwan"},"content":"                    System.out.println(\"Now you have \" + taskCount + \" tasks in the list.\");","lastModifiedDate":"2024-02-12"},{"lineNumber":139,"author":{"gitId":"youyiwan"},"content":"                } else System.out.println(\"Task already exist\");","lastModifiedDate":"2024-02-03"},{"lineNumber":140,"author":{"gitId":"youyiwan"},"content":"            }","lastModifiedDate":"2024-01-29"},{"lineNumber":141,"author":{"gitId":"youyiwan"},"content":"        }","lastModifiedDate":"2024-01-29"},{"lineNumber":142,"author":{"gitId":"youyiwan"},"content":"","lastModifiedDate":"2024-01-28"},{"lineNumber":143,"author":{"gitId":"youyiwan"},"content":"    }","lastModifiedDate":"2024-01-28"},{"lineNumber":144,"author":{"gitId":"youyiwan"},"content":"","lastModifiedDate":"2024-01-28"},{"lineNumber":145,"author":{"gitId":"youyiwan"},"content":"}","lastModifiedDate":"2024-01-28"},{"lineNumber":146,"author":{"gitId":"youyiwan"},"content":"","lastModifiedDate":"2024-01-28"},{"lineNumber":147,"author":{"gitId":"youyiwan"},"content":"","lastModifiedDate":"2024-01-28"}],"authorContributionMap":{"youyiwan":147}},{"path":"src/main/java/Task.java","fileType":"java","lines":[{"lineNumber":1,"author":{"gitId":"youyiwan"},"content":"import java.util.Map;","lastModifiedDate":"2024-02-04"},{"lineNumber":2,"author":{"gitId":"youyiwan"},"content":"import java.util.HashMap;","lastModifiedDate":"2024-02-04"},{"lineNumber":3,"author":{"gitId":"youyiwan"},"content":"public class Task {","lastModifiedDate":"2024-02-04"},{"lineNumber":4,"author":{"gitId":"youyiwan"},"content":"    protected String description;","lastModifiedDate":"2024-02-04"},{"lineNumber":5,"author":{"gitId":"youyiwan"},"content":"    protected boolean isDone;","lastModifiedDate":"2024-02-04"},{"lineNumber":6,"author":{"gitId":"youyiwan"},"content":"","lastModifiedDate":"2024-02-04"},{"lineNumber":7,"author":{"gitId":"youyiwan"},"content":"    public Task(String description, boolean isDone)  {     // Constructor","lastModifiedDate":"2024-02-04"},{"lineNumber":8,"author":{"gitId":"youyiwan"},"content":"        this.description \u003d description;","lastModifiedDate":"2024-02-04"},{"lineNumber":9,"author":{"gitId":"youyiwan"},"content":"        this.isDone \u003d isDone;","lastModifiedDate":"2024-02-04"},{"lineNumber":10,"author":{"gitId":"youyiwan"},"content":"    }","lastModifiedDate":"2024-02-04"},{"lineNumber":11,"author":{"gitId":"youyiwan"},"content":"","lastModifiedDate":"2024-02-04"},{"lineNumber":12,"author":{"gitId":"youyiwan"},"content":"","lastModifiedDate":"2024-02-12"},{"lineNumber":13,"author":{"gitId":"youyiwan"},"content":"    public String markAsDone(){","lastModifiedDate":"2024-02-04"},{"lineNumber":14,"author":{"gitId":"youyiwan"},"content":"        return \"[X]\";","lastModifiedDate":"2024-02-04"},{"lineNumber":15,"author":{"gitId":"youyiwan"},"content":"    }","lastModifiedDate":"2024-02-04"},{"lineNumber":16,"author":{"gitId":"youyiwan"},"content":"","lastModifiedDate":"2024-02-04"},{"lineNumber":17,"author":{"gitId":"youyiwan"},"content":"    public String markAsNotDone(){","lastModifiedDate":"2024-02-04"},{"lineNumber":18,"author":{"gitId":"youyiwan"},"content":"        return \"[ ]\";","lastModifiedDate":"2024-02-04"},{"lineNumber":19,"author":{"gitId":"youyiwan"},"content":"    }","lastModifiedDate":"2024-02-04"},{"lineNumber":20,"author":{"gitId":"youyiwan"},"content":"","lastModifiedDate":"2024-02-04"},{"lineNumber":21,"author":{"gitId":"youyiwan"},"content":"    public String getDescription() {","lastModifiedDate":"2024-02-04"},{"lineNumber":22,"author":{"gitId":"youyiwan"},"content":"        return description;","lastModifiedDate":"2024-02-04"},{"lineNumber":23,"author":{"gitId":"youyiwan"},"content":"    }","lastModifiedDate":"2024-02-04"},{"lineNumber":24,"author":{"gitId":"youyiwan"},"content":"","lastModifiedDate":"2024-02-04"},{"lineNumber":25,"author":{"gitId":"youyiwan"},"content":"    public String getBy() {","lastModifiedDate":"2024-02-12"},{"lineNumber":26,"author":{"gitId":"youyiwan"},"content":"        return \"to be override in Deadline class\";","lastModifiedDate":"2024-02-12"},{"lineNumber":27,"author":{"gitId":"youyiwan"},"content":"    }","lastModifiedDate":"2024-02-12"},{"lineNumber":28,"author":{"gitId":"youyiwan"},"content":"    public String getFrom(){","lastModifiedDate":"2024-02-12"},{"lineNumber":29,"author":{"gitId":"youyiwan"},"content":"        return \"to be override in Event class\";","lastModifiedDate":"2024-02-12"},{"lineNumber":30,"author":{"gitId":"youyiwan"},"content":"    }","lastModifiedDate":"2024-02-12"},{"lineNumber":31,"author":{"gitId":"youyiwan"},"content":"    public String getTo(){","lastModifiedDate":"2024-02-12"},{"lineNumber":32,"author":{"gitId":"youyiwan"},"content":"        return \"to be override in Event class\";","lastModifiedDate":"2024-02-12"},{"lineNumber":33,"author":{"gitId":"youyiwan"},"content":"    }","lastModifiedDate":"2024-02-12"},{"lineNumber":34,"author":{"gitId":"youyiwan"},"content":"    @Override","lastModifiedDate":"2024-02-04"},{"lineNumber":35,"author":{"gitId":"youyiwan"},"content":"    public String toString() {","lastModifiedDate":"2024-02-04"},{"lineNumber":36,"author":{"gitId":"youyiwan"},"content":"        return getDescription();","lastModifiedDate":"2024-02-04"},{"lineNumber":37,"author":{"gitId":"youyiwan"},"content":"    }","lastModifiedDate":"2024-02-04"},{"lineNumber":38,"author":{"gitId":"youyiwan"},"content":"","lastModifiedDate":"2024-02-04"},{"lineNumber":39,"author":{"gitId":"youyiwan"},"content":"    public boolean toBoolean() {","lastModifiedDate":"2024-02-04"},{"lineNumber":40,"author":{"gitId":"youyiwan"},"content":"        return isDone;","lastModifiedDate":"2024-02-04"},{"lineNumber":41,"author":{"gitId":"youyiwan"},"content":"    }","lastModifiedDate":"2024-02-04"},{"lineNumber":42,"author":{"gitId":"youyiwan"},"content":"","lastModifiedDate":"2024-02-04"},{"lineNumber":43,"author":{"gitId":"youyiwan"},"content":"    public String booleanToString(boolean isDone) {","lastModifiedDate":"2024-02-04"},{"lineNumber":44,"author":{"gitId":"youyiwan"},"content":"","lastModifiedDate":"2024-02-12"},{"lineNumber":45,"author":{"gitId":"youyiwan"},"content":"        return (isDone ? markAsDone() +  getDescription()","lastModifiedDate":"2024-02-12"},{"lineNumber":46,"author":{"gitId":"youyiwan"},"content":"                : markAsNotDone() +  getDescription());","lastModifiedDate":"2024-02-12"},{"lineNumber":47,"author":{"gitId":"youyiwan"},"content":"    }","lastModifiedDate":"2024-02-04"},{"lineNumber":48,"author":{"gitId":"youyiwan"},"content":"","lastModifiedDate":"2024-02-04"},{"lineNumber":49,"author":{"gitId":"youyiwan"},"content":"","lastModifiedDate":"2024-02-04"},{"lineNumber":50,"author":{"gitId":"youyiwan"},"content":"}","lastModifiedDate":"2024-02-04"},{"lineNumber":51,"author":{"gitId":"youyiwan"},"content":"","lastModifiedDate":"2024-02-04"}],"authorContributionMap":{"youyiwan":51}},{"path":"src/main/java/Todo.java","fileType":"java","lines":[{"lineNumber":1,"author":{"gitId":"youyiwan"},"content":"public class Todo extends Task {","lastModifiedDate":"2024-02-12"},{"lineNumber":2,"author":{"gitId":"youyiwan"},"content":"","lastModifiedDate":"2024-02-12"},{"lineNumber":3,"author":{"gitId":"youyiwan"},"content":"    public Todo(String description, boolean isDone) {","lastModifiedDate":"2024-02-12"},{"lineNumber":4,"author":{"gitId":"youyiwan"},"content":"        super(description, isDone);","lastModifiedDate":"2024-02-12"},{"lineNumber":5,"author":{"gitId":"youyiwan"},"content":"    }","lastModifiedDate":"2024-02-12"},{"lineNumber":6,"author":{"gitId":"youyiwan"},"content":"","lastModifiedDate":"2024-02-12"},{"lineNumber":7,"author":{"gitId":"youyiwan"},"content":"    @Override","lastModifiedDate":"2024-02-12"},{"lineNumber":8,"author":{"gitId":"youyiwan"},"content":"    public String markAsDone(){","lastModifiedDate":"2024-02-12"},{"lineNumber":9,"author":{"gitId":"youyiwan"},"content":"        return \"[T][X]\";","lastModifiedDate":"2024-02-12"},{"lineNumber":10,"author":{"gitId":"youyiwan"},"content":"    }","lastModifiedDate":"2024-02-12"},{"lineNumber":11,"author":{"gitId":"youyiwan"},"content":"","lastModifiedDate":"2024-02-12"},{"lineNumber":12,"author":{"gitId":"youyiwan"},"content":"    public String markAsNotDone(){","lastModifiedDate":"2024-02-12"},{"lineNumber":13,"author":{"gitId":"youyiwan"},"content":"        return \"[T][ ]\";","lastModifiedDate":"2024-02-12"},{"lineNumber":14,"author":{"gitId":"youyiwan"},"content":"    }","lastModifiedDate":"2024-02-12"},{"lineNumber":15,"author":{"gitId":"youyiwan"},"content":"","lastModifiedDate":"2024-02-12"},{"lineNumber":16,"author":{"gitId":"youyiwan"},"content":"    public String toString() {","lastModifiedDate":"2024-02-12"},{"lineNumber":17,"author":{"gitId":"youyiwan"},"content":"        if (isDone)","lastModifiedDate":"2024-02-12"},{"lineNumber":18,"author":{"gitId":"youyiwan"},"content":"        {","lastModifiedDate":"2024-02-12"},{"lineNumber":19,"author":{"gitId":"youyiwan"},"content":"            return markAsDone()  + \" \" + description;","lastModifiedDate":"2024-02-12"},{"lineNumber":20,"author":{"gitId":"youyiwan"},"content":"        }","lastModifiedDate":"2024-02-12"},{"lineNumber":21,"author":{"gitId":"youyiwan"},"content":"        else return markAsNotDone()  + \" \" + description;","lastModifiedDate":"2024-02-12"},{"lineNumber":22,"author":{"gitId":"youyiwan"},"content":"    }","lastModifiedDate":"2024-02-12"},{"lineNumber":23,"author":{"gitId":"youyiwan"},"content":"    public String booleanToString(boolean isDone) {","lastModifiedDate":"2024-02-12"},{"lineNumber":24,"author":{"gitId":"youyiwan"},"content":"","lastModifiedDate":"2024-02-12"},{"lineNumber":25,"author":{"gitId":"youyiwan"},"content":"        if (isDone)","lastModifiedDate":"2024-02-12"},{"lineNumber":26,"author":{"gitId":"youyiwan"},"content":"        {","lastModifiedDate":"2024-02-12"},{"lineNumber":27,"author":{"gitId":"youyiwan"},"content":"            return markAsDone() + \" \" + super.toString() ;","lastModifiedDate":"2024-02-12"},{"lineNumber":28,"author":{"gitId":"youyiwan"},"content":"        }","lastModifiedDate":"2024-02-12"},{"lineNumber":29,"author":{"gitId":"youyiwan"},"content":"        else return markAsNotDone()  + \" \" + super.toString() ;","lastModifiedDate":"2024-02-12"},{"lineNumber":30,"author":{"gitId":"youyiwan"},"content":"    }","lastModifiedDate":"2024-02-12"},{"lineNumber":31,"author":{"gitId":"youyiwan"},"content":"}","lastModifiedDate":"2024-02-12"}],"authorContributionMap":{"youyiwan":31}}]
