[{"path":"data/Euan.txt","fileType":"txt","lines":[{"lineNumber":1,"author":{"gitId":"youyiwan"},"content":"1.[T][ ] read book","lastModifiedDate":"2024-03-16"},{"lineNumber":2,"author":{"gitId":"youyiwan"},"content":"2.[E][ ] project meeting  (from: 02 00 to: 17 00)","lastModifiedDate":"2024-03-20"},{"lineNumber":3,"author":{"gitId":"youyiwan"},"content":"3.[D][ ] return book  (by: Dec 01 2019)","lastModifiedDate":"2024-03-20"}],"authorContributionMap":{"youyiwan":3}},{"path":"src/main/java/Exceptions/EuanExceptions.java","fileType":"java","lines":[{"lineNumber":1,"author":{"gitId":"youyiwan"},"content":"package Exceptions;","lastModifiedDate":"2024-03-16"},{"lineNumber":2,"author":{"gitId":"youyiwan"},"content":"","lastModifiedDate":"2024-03-16"},{"lineNumber":3,"author":{"gitId":"youyiwan"},"content":"import java.util.ArrayList;","lastModifiedDate":"2024-03-16"},{"lineNumber":4,"author":{"gitId":"youyiwan"},"content":"import java.util.HashSet;","lastModifiedDate":"2024-03-16"},{"lineNumber":5,"author":{"gitId":"youyiwan"},"content":"import java.time.format.DateTimeFormatter;","lastModifiedDate":"2024-03-20"},{"lineNumber":6,"author":{"gitId":"youyiwan"},"content":"public class EuanExceptions extends Exception{","lastModifiedDate":"2024-03-16"},{"lineNumber":7,"author":{"gitId":"youyiwan"},"content":"","lastModifiedDate":"2024-03-16"},{"lineNumber":8,"author":{"gitId":"youyiwan"},"content":"    ArrayList\u003cString\u003e keyWords;","lastModifiedDate":"2024-03-16"},{"lineNumber":9,"author":{"gitId":"youyiwan"},"content":"    int error \u003d 0;","lastModifiedDate":"2024-03-16"},{"lineNumber":10,"author":{"gitId":"youyiwan"},"content":"","lastModifiedDate":"2024-03-16"},{"lineNumber":11,"author":{"gitId":"youyiwan"},"content":"","lastModifiedDate":"2024-03-20"},{"lineNumber":12,"author":{"gitId":"youyiwan"},"content":"","lastModifiedDate":"2024-03-20"},{"lineNumber":13,"author":{"gitId":"youyiwan"},"content":"    public void createKeywords()","lastModifiedDate":"2024-03-16"},{"lineNumber":14,"author":{"gitId":"youyiwan"},"content":"    {","lastModifiedDate":"2024-03-16"},{"lineNumber":15,"author":{"gitId":"youyiwan"},"content":"        keyWords \u003d new ArrayList\u003c\u003e();","lastModifiedDate":"2024-03-16"},{"lineNumber":16,"author":{"gitId":"youyiwan"},"content":"        keyWords.add(\"Bye\");","lastModifiedDate":"2024-03-16"},{"lineNumber":17,"author":{"gitId":"youyiwan"},"content":"        keyWords.add(\"bye\");","lastModifiedDate":"2024-03-16"},{"lineNumber":18,"author":{"gitId":"youyiwan"},"content":"        keyWords.add(\"List\");","lastModifiedDate":"2024-03-16"},{"lineNumber":19,"author":{"gitId":"youyiwan"},"content":"        keyWords.add(\"list\");","lastModifiedDate":"2024-03-16"},{"lineNumber":20,"author":{"gitId":"youyiwan"},"content":"        keyWords.add(\"Mark\");","lastModifiedDate":"2024-03-16"},{"lineNumber":21,"author":{"gitId":"youyiwan"},"content":"        keyWords.add(\"mark\");","lastModifiedDate":"2024-03-16"},{"lineNumber":22,"author":{"gitId":"youyiwan"},"content":"        keyWords.add(\"mark\");","lastModifiedDate":"2024-03-16"},{"lineNumber":23,"author":{"gitId":"youyiwan"},"content":"        keyWords.add(\"Unmark\");","lastModifiedDate":"2024-03-16"},{"lineNumber":24,"author":{"gitId":"youyiwan"},"content":"        keyWords.add(\"unmark\");","lastModifiedDate":"2024-03-16"},{"lineNumber":25,"author":{"gitId":"youyiwan"},"content":"        keyWords.add(\"Delete\");","lastModifiedDate":"2024-03-16"},{"lineNumber":26,"author":{"gitId":"youyiwan"},"content":"        keyWords.add(\"delete\");","lastModifiedDate":"2024-03-16"},{"lineNumber":27,"author":{"gitId":"youyiwan"},"content":"    }","lastModifiedDate":"2024-03-16"},{"lineNumber":28,"author":{"gitId":"youyiwan"},"content":"","lastModifiedDate":"2024-03-16"},{"lineNumber":29,"author":{"gitId":"youyiwan"},"content":"    public void catchExecptions(String line){","lastModifiedDate":"2024-03-16"},{"lineNumber":30,"author":{"gitId":"youyiwan"},"content":"        try {","lastModifiedDate":"2024-03-16"},{"lineNumber":31,"author":{"gitId":"youyiwan"},"content":"            createKeywords();","lastModifiedDate":"2024-03-16"},{"lineNumber":32,"author":{"gitId":"youyiwan"},"content":"            if(line.isEmpty()) {","lastModifiedDate":"2024-03-16"},{"lineNumber":33,"author":{"gitId":"youyiwan"},"content":"                error \u003d 1;","lastModifiedDate":"2024-03-16"},{"lineNumber":34,"author":{"gitId":"youyiwan"},"content":"                throw new EuanExceptions();","lastModifiedDate":"2024-03-16"},{"lineNumber":35,"author":{"gitId":"youyiwan"},"content":"            }","lastModifiedDate":"2024-03-16"},{"lineNumber":36,"author":{"gitId":"youyiwan"},"content":"            else if (!containKeyWords(line)){","lastModifiedDate":"2024-03-16"},{"lineNumber":37,"author":{"gitId":"youyiwan"},"content":"                if ( line.length() \u003c\u003d 4){","lastModifiedDate":"2024-03-16"},{"lineNumber":38,"author":{"gitId":"youyiwan"},"content":"                    error \u003d 2;","lastModifiedDate":"2024-03-16"},{"lineNumber":39,"author":{"gitId":"youyiwan"},"content":"                    throw new EuanExceptions();","lastModifiedDate":"2024-03-16"},{"lineNumber":40,"author":{"gitId":"youyiwan"},"content":"                }","lastModifiedDate":"2024-03-16"},{"lineNumber":41,"author":{"gitId":"youyiwan"},"content":"            }","lastModifiedDate":"2024-03-16"},{"lineNumber":42,"author":{"gitId":"youyiwan"},"content":"        }","lastModifiedDate":"2024-03-16"},{"lineNumber":43,"author":{"gitId":"youyiwan"},"content":"        catch (EuanExceptions e) {","lastModifiedDate":"2024-03-16"},{"lineNumber":44,"author":{"gitId":"youyiwan"},"content":"            if (error \u003d\u003d 1){","lastModifiedDate":"2024-03-16"},{"lineNumber":45,"author":{"gitId":"youyiwan"},"content":"                emptyStringError();","lastModifiedDate":"2024-03-16"},{"lineNumber":46,"author":{"gitId":"youyiwan"},"content":"            }","lastModifiedDate":"2024-03-16"},{"lineNumber":47,"author":{"gitId":"youyiwan"},"content":"            else if (error \u003d\u003d 2){","lastModifiedDate":"2024-03-16"},{"lineNumber":48,"author":{"gitId":"youyiwan"},"content":"                isRubbish();","lastModifiedDate":"2024-03-16"},{"lineNumber":49,"author":{"gitId":"youyiwan"},"content":"            }","lastModifiedDate":"2024-03-16"},{"lineNumber":50,"author":{"gitId":"youyiwan"},"content":"        }","lastModifiedDate":"2024-03-16"},{"lineNumber":51,"author":{"gitId":"youyiwan"},"content":"","lastModifiedDate":"2024-03-16"},{"lineNumber":52,"author":{"gitId":"youyiwan"},"content":"    }","lastModifiedDate":"2024-03-16"},{"lineNumber":53,"author":{"gitId":"youyiwan"},"content":"","lastModifiedDate":"2024-03-16"},{"lineNumber":54,"author":{"gitId":"youyiwan"},"content":"","lastModifiedDate":"2024-03-16"},{"lineNumber":55,"author":{"gitId":"youyiwan"},"content":"    public boolean containKeyWords(String line) {","lastModifiedDate":"2024-03-16"},{"lineNumber":56,"author":{"gitId":"youyiwan"},"content":"","lastModifiedDate":"2024-03-16"},{"lineNumber":57,"author":{"gitId":"youyiwan"},"content":"        return keyWords.contains(line);","lastModifiedDate":"2024-03-16"},{"lineNumber":58,"author":{"gitId":"youyiwan"},"content":"    }","lastModifiedDate":"2024-03-16"},{"lineNumber":59,"author":{"gitId":"youyiwan"},"content":"","lastModifiedDate":"2024-03-16"},{"lineNumber":60,"author":{"gitId":"youyiwan"},"content":"    public void printKey()","lastModifiedDate":"2024-03-16"},{"lineNumber":61,"author":{"gitId":"youyiwan"},"content":"    {","lastModifiedDate":"2024-03-16"},{"lineNumber":62,"author":{"gitId":"youyiwan"},"content":"        System.out.println(keyWords);","lastModifiedDate":"2024-03-16"},{"lineNumber":63,"author":{"gitId":"youyiwan"},"content":"    }","lastModifiedDate":"2024-03-16"},{"lineNumber":64,"author":{"gitId":"youyiwan"},"content":"","lastModifiedDate":"2024-03-16"},{"lineNumber":65,"author":{"gitId":"youyiwan"},"content":"    public void emptyStringError()","lastModifiedDate":"2024-03-16"},{"lineNumber":66,"author":{"gitId":"youyiwan"},"content":"    {","lastModifiedDate":"2024-03-16"},{"lineNumber":67,"author":{"gitId":"youyiwan"},"content":"        System.out.println (\"Congratulations! You have created in an empty task. There is nothing for you to do.\");","lastModifiedDate":"2024-03-16"},{"lineNumber":68,"author":{"gitId":"youyiwan"},"content":"        System.out.println(\"If this is a typo. Please try again.\");","lastModifiedDate":"2024-03-16"},{"lineNumber":69,"author":{"gitId":"youyiwan"},"content":"    }","lastModifiedDate":"2024-03-16"},{"lineNumber":70,"author":{"gitId":"youyiwan"},"content":"","lastModifiedDate":"2024-03-16"},{"lineNumber":71,"author":{"gitId":"youyiwan"},"content":"","lastModifiedDate":"2024-03-16"},{"lineNumber":72,"author":{"gitId":"youyiwan"},"content":"    public void isRubbish()","lastModifiedDate":"2024-03-16"},{"lineNumber":73,"author":{"gitId":"youyiwan"},"content":"    {","lastModifiedDate":"2024-03-16"},{"lineNumber":74,"author":{"gitId":"youyiwan"},"content":"        System.out.println (\"Sorry, I do not understand.\");","lastModifiedDate":"2024-03-16"},{"lineNumber":75,"author":{"gitId":"youyiwan"},"content":"","lastModifiedDate":"2024-03-16"},{"lineNumber":76,"author":{"gitId":"youyiwan"},"content":"    }","lastModifiedDate":"2024-03-16"},{"lineNumber":77,"author":{"gitId":"youyiwan"},"content":"","lastModifiedDate":"2024-03-16"},{"lineNumber":78,"author":{"gitId":"youyiwan"},"content":"    public void dateFormat() {","lastModifiedDate":"2024-03-20"},{"lineNumber":79,"author":{"gitId":"youyiwan"},"content":"        System.out.println(\"Please enter the deadline in yyyy-mm-dd format\");","lastModifiedDate":"2024-03-20"},{"lineNumber":80,"author":{"gitId":"youyiwan"},"content":"    }","lastModifiedDate":"2024-03-20"},{"lineNumber":81,"author":{"gitId":"youyiwan"},"content":"","lastModifiedDate":"2024-03-20"},{"lineNumber":82,"author":{"gitId":"youyiwan"},"content":"    public void timeFormat() {","lastModifiedDate":"2024-03-20"},{"lineNumber":83,"author":{"gitId":"youyiwan"},"content":"        System.out.println(\"Please enter the time in HH:MM format\");","lastModifiedDate":"2024-03-20"},{"lineNumber":84,"author":{"gitId":"youyiwan"},"content":"    }","lastModifiedDate":"2024-03-20"},{"lineNumber":85,"author":{"gitId":"youyiwan"},"content":"","lastModifiedDate":"2024-03-16"},{"lineNumber":86,"author":{"gitId":"youyiwan"},"content":"}","lastModifiedDate":"2024-03-16"}],"authorContributionMap":{"youyiwan":86}},{"path":"src/main/java/Main.java","fileType":"java","lines":[{"lineNumber":1,"author":{"gitId":"youyiwan"},"content":"import java.util.HashMap;","lastModifiedDate":"2024-02-03"},{"lineNumber":2,"author":{"gitId":"youyiwan"},"content":"import Tasks.*;","lastModifiedDate":"2024-03-16"},{"lineNumber":3,"author":{"gitId":"youyiwan"},"content":"import UI.EuanUI;","lastModifiedDate":"2024-03-16"},{"lineNumber":4,"author":{"gitId":"youyiwan"},"content":"import Exceptions.EuanExceptions;","lastModifiedDate":"2024-03-16"},{"lineNumber":5,"author":{"gitId":"youyiwan"},"content":"import Storage.Storage;","lastModifiedDate":"2024-03-16"},{"lineNumber":6,"author":{"gitId":"youyiwan"},"content":"public class Main {","lastModifiedDate":"2024-01-28"},{"lineNumber":7,"author":{"gitId":"youyiwan"},"content":"    static TaskList myTaskList \u003d new TaskList();","lastModifiedDate":"2024-03-16"},{"lineNumber":8,"author":{"gitId":"youyiwan"},"content":"    static EuanUI myEuanUI \u003d new EuanUI();","lastModifiedDate":"2024-03-16"},{"lineNumber":9,"author":{"gitId":"youyiwan"},"content":"    static EuanExceptions myEuanExceptions \u003d new EuanExceptions();","lastModifiedDate":"2024-03-16"},{"lineNumber":10,"author":{"gitId":"youyiwan"},"content":"    static Storage myStorage \u003d new Storage();","lastModifiedDate":"2024-03-16"},{"lineNumber":11,"author":{"gitId":"youyiwan"},"content":"","lastModifiedDate":"2024-02-21"},{"lineNumber":12,"author":{"gitId":"youyiwan"},"content":"    public static void main(String[] args) {","lastModifiedDate":"2024-01-28"},{"lineNumber":13,"author":{"gitId":"youyiwan"},"content":"","lastModifiedDate":"2024-02-21"},{"lineNumber":14,"author":{"gitId":"youyiwan"},"content":"        myTaskList.createNewTaskList();","lastModifiedDate":"2024-03-16"},{"lineNumber":15,"author":{"gitId":"youyiwan"},"content":"","lastModifiedDate":"2024-02-21"},{"lineNumber":16,"author":{"gitId":"youyiwan"},"content":"        int error \u003d 0;","lastModifiedDate":"2024-02-21"},{"lineNumber":17,"author":{"gitId":"youyiwan"},"content":"        String line;","lastModifiedDate":"2024-01-29"},{"lineNumber":18,"author":{"gitId":"youyiwan"},"content":"        boolean repeat \u003d true;","lastModifiedDate":"2024-03-16"},{"lineNumber":19,"author":{"gitId":"youyiwan"},"content":"        boolean isSame \u003d false;","lastModifiedDate":"2024-02-03"},{"lineNumber":20,"author":{"gitId":"youyiwan"},"content":"","lastModifiedDate":"2024-03-16"},{"lineNumber":21,"author":{"gitId":"youyiwan"},"content":"        myEuanUI.greetings();","lastModifiedDate":"2024-03-16"},{"lineNumber":22,"author":{"gitId":"youyiwan"},"content":"","lastModifiedDate":"2024-03-16"},{"lineNumber":23,"author":{"gitId":"youyiwan"},"content":"            while(true)","lastModifiedDate":"2024-01-29"},{"lineNumber":24,"author":{"gitId":"youyiwan"},"content":"            {","lastModifiedDate":"2024-01-29"},{"lineNumber":25,"author":{"gitId":"youyiwan"},"content":"                line \u003d myEuanUI.getInput();","lastModifiedDate":"2024-03-16"},{"lineNumber":26,"author":{"gitId":"youyiwan"},"content":"                isSame \u003d false;","lastModifiedDate":"2024-02-03"},{"lineNumber":27,"author":{"gitId":"youyiwan"},"content":"                ////// EXCEPTION HANDLING //////","lastModifiedDate":"2024-02-21"},{"lineNumber":28,"author":{"gitId":"youyiwan"},"content":"                    try {","lastModifiedDate":"2024-02-21"},{"lineNumber":29,"author":{"gitId":"youyiwan"},"content":"                        myEuanExceptions.createKeywords();","lastModifiedDate":"2024-03-16"},{"lineNumber":30,"author":{"gitId":"youyiwan"},"content":"                        if(line.isEmpty()) {","lastModifiedDate":"2024-02-21"},{"lineNumber":31,"author":{"gitId":"youyiwan"},"content":"                            error \u003d 1;","lastModifiedDate":"2024-02-21"},{"lineNumber":32,"author":{"gitId":"youyiwan"},"content":"                            throw new EuanExceptions();","lastModifiedDate":"2024-02-21"},{"lineNumber":33,"author":{"gitId":"youyiwan"},"content":"                        }","lastModifiedDate":"2024-02-21"},{"lineNumber":34,"author":{"gitId":"youyiwan"},"content":"                        else if (!myEuanExceptions.containKeyWords(line)){","lastModifiedDate":"2024-03-16"},{"lineNumber":35,"author":{"gitId":"youyiwan"},"content":"                            if ( line.length() \u003c\u003d 4){","lastModifiedDate":"2024-02-21"},{"lineNumber":36,"author":{"gitId":"youyiwan"},"content":"                                error \u003d 2;","lastModifiedDate":"2024-02-21"},{"lineNumber":37,"author":{"gitId":"youyiwan"},"content":"                                throw new EuanExceptions();","lastModifiedDate":"2024-02-21"},{"lineNumber":38,"author":{"gitId":"youyiwan"},"content":"                            }","lastModifiedDate":"2024-02-21"},{"lineNumber":39,"author":{"gitId":"youyiwan"},"content":"                        }","lastModifiedDate":"2024-02-21"},{"lineNumber":40,"author":{"gitId":"youyiwan"},"content":"                    }","lastModifiedDate":"2024-02-21"},{"lineNumber":41,"author":{"gitId":"youyiwan"},"content":"                    catch (EuanExceptions e) {","lastModifiedDate":"2024-02-21"},{"lineNumber":42,"author":{"gitId":"youyiwan"},"content":"                        if (error \u003d\u003d 1){","lastModifiedDate":"2024-02-21"},{"lineNumber":43,"author":{"gitId":"youyiwan"},"content":"                            myEuanExceptions.emptyStringError();","lastModifiedDate":"2024-03-16"},{"lineNumber":44,"author":{"gitId":"youyiwan"},"content":"                            continue;","lastModifiedDate":"2024-02-21"},{"lineNumber":45,"author":{"gitId":"youyiwan"},"content":"                        }","lastModifiedDate":"2024-02-21"},{"lineNumber":46,"author":{"gitId":"youyiwan"},"content":"                        else if (error \u003d\u003d 2){","lastModifiedDate":"2024-02-21"},{"lineNumber":47,"author":{"gitId":"youyiwan"},"content":"                            myEuanExceptions.isRubbish();","lastModifiedDate":"2024-03-16"},{"lineNumber":48,"author":{"gitId":"youyiwan"},"content":"                            continue;","lastModifiedDate":"2024-02-21"},{"lineNumber":49,"author":{"gitId":"youyiwan"},"content":"                        }","lastModifiedDate":"2024-02-21"},{"lineNumber":50,"author":{"gitId":"youyiwan"},"content":"                    }","lastModifiedDate":"2024-02-21"},{"lineNumber":51,"author":{"gitId":"youyiwan"},"content":"                ////// END OF EXCEPTION HANDLING //////","lastModifiedDate":"2024-02-21"},{"lineNumber":52,"author":{"gitId":"youyiwan"},"content":"                if (line.equalsIgnoreCase(\"bye\")) // 1. Exit application","lastModifiedDate":"2024-02-04"},{"lineNumber":53,"author":{"gitId":"youyiwan"},"content":"                {","lastModifiedDate":"2024-01-29"},{"lineNumber":54,"author":{"gitId":"youyiwan"},"content":"                    myEuanUI.farewell();","lastModifiedDate":"2024-03-16"},{"lineNumber":55,"author":{"gitId":"youyiwan"},"content":"                    break;","lastModifiedDate":"2024-01-29"},{"lineNumber":56,"author":{"gitId":"youyiwan"},"content":"                }","lastModifiedDate":"2024-01-29"},{"lineNumber":57,"author":{"gitId":"youyiwan"},"content":"                else if(line.equalsIgnoreCase(\"list\")) // 2. Print Task \u0026 Write to File","lastModifiedDate":"2024-03-03"},{"lineNumber":58,"author":{"gitId":"youyiwan"},"content":"                {","lastModifiedDate":"2024-01-29"},{"lineNumber":59,"author":{"gitId":"youyiwan"},"content":"                      myStorage.printlist();","lastModifiedDate":"2024-03-16"},{"lineNumber":60,"author":{"gitId":"youyiwan"},"content":"                }","lastModifiedDate":"2024-02-03"},{"lineNumber":61,"author":{"gitId":"youyiwan"},"content":"                else if( line.length() \u003e\u003d 4 \u0026\u0026  line.substring(0,4).equalsIgnoreCase(\"mark\") ){    // 3. mark task as done","lastModifiedDate":"2024-02-04"},{"lineNumber":62,"author":{"gitId":"youyiwan"},"content":"                    myTaskList.markTask(line);","lastModifiedDate":"2024-03-16"},{"lineNumber":63,"author":{"gitId":"youyiwan"},"content":"                }","lastModifiedDate":"2024-02-03"},{"lineNumber":64,"author":{"gitId":"youyiwan"},"content":"                else if( line.length() \u003e\u003d 6 \u0026\u0026 line.substring(0,6).equalsIgnoreCase(\"unmark\") ){ // 4. unmark task","lastModifiedDate":"2024-02-04"},{"lineNumber":65,"author":{"gitId":"youyiwan"},"content":"                      myTaskList.unmarkTask(line);","lastModifiedDate":"2024-03-16"},{"lineNumber":66,"author":{"gitId":"youyiwan"},"content":"                }","lastModifiedDate":"2024-01-29"},{"lineNumber":67,"author":{"gitId":"youyiwan"},"content":"                else if( line.length() \u003e\u003d 6 \u0026\u0026 line.substring(0,6).equalsIgnoreCase(\"delete\") ){ // 5. delete task","lastModifiedDate":"2024-02-24"},{"lineNumber":68,"author":{"gitId":"youyiwan"},"content":"                      myTaskList.deleteTask(line);","lastModifiedDate":"2024-03-16"},{"lineNumber":69,"author":{"gitId":"youyiwan"},"content":"                }","lastModifiedDate":"2024-02-24"},{"lineNumber":70,"author":{"gitId":"youyiwan"},"content":"                else { // 6. Check for duplicate task","lastModifiedDate":"2024-03-16"},{"lineNumber":71,"author":{"gitId":"youyiwan"},"content":"                    if ( myTaskList.checkDuplicates(line, isSame) ) {","lastModifiedDate":"2024-03-16"},{"lineNumber":72,"author":{"gitId":"youyiwan"},"content":"                        System.out.println(\"Task already exist\");","lastModifiedDate":"2024-03-16"},{"lineNumber":73,"author":{"gitId":"youyiwan"},"content":"                    }","lastModifiedDate":"2024-02-24"},{"lineNumber":74,"author":{"gitId":"youyiwan"},"content":"                    else { // 7. if false create new entry","lastModifiedDate":"2024-03-16"},{"lineNumber":75,"author":{"gitId":"youyiwan"},"content":"                        int dividerFirstSpace \u003d line.indexOf(\u0027 \u0027);","lastModifiedDate":"2024-02-12"},{"lineNumber":76,"author":{"gitId":"youyiwan"},"content":"                        System.out.println(\"Got it. I\u0027ve added this task:\");","lastModifiedDate":"2024-02-12"},{"lineNumber":77,"author":{"gitId":"youyiwan"},"content":"                        if (line.substring(0,dividerFirstSpace).equalsIgnoreCase(\"deadline\"))","lastModifiedDate":"2024-02-12"},{"lineNumber":78,"author":{"gitId":"youyiwan"},"content":"                        {","lastModifiedDate":"2024-02-12"},{"lineNumber":79,"author":{"gitId":"youyiwan"},"content":"                              Deadline.createDeadline(line, isSame);","lastModifiedDate":"2024-03-16"},{"lineNumber":80,"author":{"gitId":"youyiwan"},"content":"                        }","lastModifiedDate":"2024-02-12"},{"lineNumber":81,"author":{"gitId":"youyiwan"},"content":"                        else if (line.substring(0,dividerFirstSpace).equalsIgnoreCase(\"event\"))","lastModifiedDate":"2024-02-12"},{"lineNumber":82,"author":{"gitId":"youyiwan"},"content":"                        {","lastModifiedDate":"2024-02-12"},{"lineNumber":83,"author":{"gitId":"youyiwan"},"content":"                              Event.createEvent(line, isSame);","lastModifiedDate":"2024-03-16"},{"lineNumber":84,"author":{"gitId":"youyiwan"},"content":"                        }","lastModifiedDate":"2024-02-12"},{"lineNumber":85,"author":{"gitId":"youyiwan"},"content":"                        else {","lastModifiedDate":"2024-02-12"},{"lineNumber":86,"author":{"gitId":"youyiwan"},"content":"                              Todo.createTodo(line, isSame);","lastModifiedDate":"2024-03-16"},{"lineNumber":87,"author":{"gitId":"youyiwan"},"content":"                        }","lastModifiedDate":"2024-03-16"},{"lineNumber":88,"author":{"gitId":"youyiwan"},"content":"                        System.out.println(\"Now you have \" + TaskList.getTaskCount() + \" tasks in the list.\");","lastModifiedDate":"2024-03-16"},{"lineNumber":89,"author":{"gitId":"youyiwan"},"content":"                    }","lastModifiedDate":"2024-03-16"},{"lineNumber":90,"author":{"gitId":"youyiwan"},"content":"                }","lastModifiedDate":"2024-01-29"},{"lineNumber":91,"author":{"gitId":"youyiwan"},"content":"            }","lastModifiedDate":"2024-01-29"},{"lineNumber":92,"author":{"gitId":"youyiwan"},"content":"","lastModifiedDate":"2024-01-28"},{"lineNumber":93,"author":{"gitId":"youyiwan"},"content":"","lastModifiedDate":"2024-02-21"},{"lineNumber":94,"author":{"gitId":"youyiwan"},"content":"        }","lastModifiedDate":"2024-01-28"},{"lineNumber":95,"author":{"gitId":"youyiwan"},"content":"","lastModifiedDate":"2024-01-28"},{"lineNumber":96,"author":{"gitId":"youyiwan"},"content":"}","lastModifiedDate":"2024-01-28"},{"lineNumber":97,"author":{"gitId":"youyiwan"},"content":"","lastModifiedDate":"2024-01-28"},{"lineNumber":98,"author":{"gitId":"youyiwan"},"content":"","lastModifiedDate":"2024-01-28"}],"authorContributionMap":{"youyiwan":98}},{"path":"src/main/java/Parser/DatesTimes.java","fileType":"java","lines":[{"lineNumber":1,"author":{"gitId":"youyiwan"},"content":"package Parser;","lastModifiedDate":"2024-03-20"},{"lineNumber":2,"author":{"gitId":"youyiwan"},"content":"","lastModifiedDate":"2024-03-20"},{"lineNumber":3,"author":{"gitId":"youyiwan"},"content":"import Exceptions.EuanExceptions;","lastModifiedDate":"2024-03-20"},{"lineNumber":4,"author":{"gitId":"youyiwan"},"content":"import java.time.LocalDate;","lastModifiedDate":"2024-03-20"},{"lineNumber":5,"author":{"gitId":"youyiwan"},"content":"import java.time.format.DateTimeFormatter;","lastModifiedDate":"2024-03-20"},{"lineNumber":6,"author":{"gitId":"youyiwan"},"content":"import java.time.LocalTime;","lastModifiedDate":"2024-03-20"},{"lineNumber":7,"author":{"gitId":"youyiwan"},"content":"import java.time.format.DateTimeParseException;","lastModifiedDate":"2024-03-20"},{"lineNumber":8,"author":{"gitId":"youyiwan"},"content":"","lastModifiedDate":"2024-03-20"},{"lineNumber":9,"author":{"gitId":"youyiwan"},"content":"public class DatesTimes {","lastModifiedDate":"2024-03-20"},{"lineNumber":10,"author":{"gitId":"youyiwan"},"content":"","lastModifiedDate":"2024-03-20"},{"lineNumber":11,"author":{"gitId":"youyiwan"},"content":"        static EuanExceptions myEuanExceptions \u003d new EuanExceptions();","lastModifiedDate":"2024-03-20"},{"lineNumber":12,"author":{"gitId":"youyiwan"},"content":"        public static String getDate(String byDescription){","lastModifiedDate":"2024-03-20"},{"lineNumber":13,"author":{"gitId":"youyiwan"},"content":"            LocalDate myDate \u003d LocalDate.parse(byDescription);","lastModifiedDate":"2024-03-20"},{"lineNumber":14,"author":{"gitId":"youyiwan"},"content":"","lastModifiedDate":"2024-03-20"},{"lineNumber":15,"author":{"gitId":"youyiwan"},"content":"//            System.out.println(myDate.getDayOfWeek());","lastModifiedDate":"2024-03-20"},{"lineNumber":16,"author":{"gitId":"youyiwan"},"content":"//            System.out.println(myDate.getDayOfMonth());","lastModifiedDate":"2024-03-20"},{"lineNumber":17,"author":{"gitId":"youyiwan"},"content":"//            System.out.println(myDate.getMonth());","lastModifiedDate":"2024-03-20"},{"lineNumber":18,"author":{"gitId":"youyiwan"},"content":"//            System.out.println(myDate.getYear());","lastModifiedDate":"2024-03-20"},{"lineNumber":19,"author":{"gitId":"youyiwan"},"content":"//            System.out.println( myDate.format(DateTimeFormatter.ofPattern(\"MMM dd yyyy\")));","lastModifiedDate":"2024-03-20"},{"lineNumber":20,"author":{"gitId":"youyiwan"},"content":"            try {","lastModifiedDate":"2024-03-20"},{"lineNumber":21,"author":{"gitId":"youyiwan"},"content":"                return myDate.format(DateTimeFormatter.ofPattern(\"MMM dd yyyy\"));","lastModifiedDate":"2024-03-20"},{"lineNumber":22,"author":{"gitId":"youyiwan"},"content":"            } catch (DateTimeParseException e){","lastModifiedDate":"2024-03-20"},{"lineNumber":23,"author":{"gitId":"youyiwan"},"content":"                myEuanExceptions.dateFormat();","lastModifiedDate":"2024-03-20"},{"lineNumber":24,"author":{"gitId":"youyiwan"},"content":"            }","lastModifiedDate":"2024-03-20"},{"lineNumber":25,"author":{"gitId":"youyiwan"},"content":"            return myDate.format(DateTimeFormatter.ofPattern(\"MMM dd yyyy\"));","lastModifiedDate":"2024-03-20"},{"lineNumber":26,"author":{"gitId":"youyiwan"},"content":"        }","lastModifiedDate":"2024-03-20"},{"lineNumber":27,"author":{"gitId":"youyiwan"},"content":"","lastModifiedDate":"2024-03-20"},{"lineNumber":28,"author":{"gitId":"youyiwan"},"content":"        public static  String getDateTime (String to){","lastModifiedDate":"2024-03-20"},{"lineNumber":29,"author":{"gitId":"youyiwan"},"content":"            LocalTime myTime \u003d LocalTime.parse(to);","lastModifiedDate":"2024-03-20"},{"lineNumber":30,"author":{"gitId":"youyiwan"},"content":"            try {","lastModifiedDate":"2024-03-20"},{"lineNumber":31,"author":{"gitId":"youyiwan"},"content":"                return myTime.format(DateTimeFormatter.ofPattern(\"HH mm\"));","lastModifiedDate":"2024-03-20"},{"lineNumber":32,"author":{"gitId":"youyiwan"},"content":"            } catch (DateTimeParseException e){","lastModifiedDate":"2024-03-20"},{"lineNumber":33,"author":{"gitId":"youyiwan"},"content":"                myEuanExceptions.timeFormat();","lastModifiedDate":"2024-03-20"},{"lineNumber":34,"author":{"gitId":"youyiwan"},"content":"            }","lastModifiedDate":"2024-03-20"},{"lineNumber":35,"author":{"gitId":"youyiwan"},"content":"            return myTime.format(DateTimeFormatter.ofPattern(\"HH mm\"));","lastModifiedDate":"2024-03-20"},{"lineNumber":36,"author":{"gitId":"youyiwan"},"content":"        }","lastModifiedDate":"2024-03-20"},{"lineNumber":37,"author":{"gitId":"youyiwan"},"content":"","lastModifiedDate":"2024-03-20"},{"lineNumber":38,"author":{"gitId":"youyiwan"},"content":"","lastModifiedDate":"2024-03-20"},{"lineNumber":39,"author":{"gitId":"youyiwan"},"content":"","lastModifiedDate":"2024-03-20"},{"lineNumber":40,"author":{"gitId":"youyiwan"},"content":"}","lastModifiedDate":"2024-03-20"}],"authorContributionMap":{"youyiwan":40}},{"path":"src/main/java/Storage/Storage.java","fileType":"java","lines":[{"lineNumber":1,"author":{"gitId":"youyiwan"},"content":"package Storage;","lastModifiedDate":"2024-03-16"},{"lineNumber":2,"author":{"gitId":"youyiwan"},"content":"import Tasks.TaskList;","lastModifiedDate":"2024-03-16"},{"lineNumber":3,"author":{"gitId":"youyiwan"},"content":"import java.io.BufferedWriter;","lastModifiedDate":"2024-03-16"},{"lineNumber":4,"author":{"gitId":"youyiwan"},"content":"import java.io.File;","lastModifiedDate":"2024-03-16"},{"lineNumber":5,"author":{"gitId":"youyiwan"},"content":"import java.io.FileWriter;","lastModifiedDate":"2024-03-16"},{"lineNumber":6,"author":{"gitId":"youyiwan"},"content":"import java.io.IOException;","lastModifiedDate":"2024-03-16"},{"lineNumber":7,"author":{"gitId":"youyiwan"},"content":"import java.util.HashMap;","lastModifiedDate":"2024-03-16"},{"lineNumber":8,"author":{"gitId":"youyiwan"},"content":"","lastModifiedDate":"2024-03-16"},{"lineNumber":9,"author":{"gitId":"youyiwan"},"content":"public class Storage {","lastModifiedDate":"2024-03-16"},{"lineNumber":10,"author":{"gitId":"youyiwan"},"content":"","lastModifiedDate":"2024-03-16"},{"lineNumber":11,"author":{"gitId":"youyiwan"},"content":"    public void printlist()","lastModifiedDate":"2024-03-16"},{"lineNumber":12,"author":{"gitId":"youyiwan"},"content":"    {","lastModifiedDate":"2024-03-16"},{"lineNumber":13,"author":{"gitId":"youyiwan"},"content":"        File f \u003d new File(\"data/Euan.txt\");","lastModifiedDate":"2024-03-16"},{"lineNumber":14,"author":{"gitId":"youyiwan"},"content":"        System.out.println(\"full path: \" + f.getAbsolutePath());","lastModifiedDate":"2024-03-16"},{"lineNumber":15,"author":{"gitId":"youyiwan"},"content":"        System.out.println(\"file exists?: \" + f.exists());","lastModifiedDate":"2024-03-16"},{"lineNumber":16,"author":{"gitId":"youyiwan"},"content":"        try {","lastModifiedDate":"2024-03-16"},{"lineNumber":17,"author":{"gitId":"youyiwan"},"content":"            BufferedWriter bf \u003d new BufferedWriter(new FileWriter(f));","lastModifiedDate":"2024-03-16"},{"lineNumber":18,"author":{"gitId":"youyiwan"},"content":"            for (HashMap.Entry\u003cInteger, Tasks.Task\u003e entry : TaskList.taskMap.entrySet()) {","lastModifiedDate":"2024-03-16"},{"lineNumber":19,"author":{"gitId":"youyiwan"},"content":"                System.out.println(entry.getKey() + \".\" + entry.getValue().toString());","lastModifiedDate":"2024-03-16"},{"lineNumber":20,"author":{"gitId":"youyiwan"},"content":"                bf.write(entry.getKey() + \".\" + entry.getValue().toString());","lastModifiedDate":"2024-03-16"},{"lineNumber":21,"author":{"gitId":"youyiwan"},"content":"                bf.newLine();","lastModifiedDate":"2024-03-16"},{"lineNumber":22,"author":{"gitId":"youyiwan"},"content":"            }","lastModifiedDate":"2024-03-16"},{"lineNumber":23,"author":{"gitId":"youyiwan"},"content":"            bf.close();","lastModifiedDate":"2024-03-16"},{"lineNumber":24,"author":{"gitId":"youyiwan"},"content":"        }","lastModifiedDate":"2024-03-16"},{"lineNumber":25,"author":{"gitId":"youyiwan"},"content":"        catch (","lastModifiedDate":"2024-03-16"},{"lineNumber":26,"author":{"gitId":"youyiwan"},"content":"                IOException e) {","lastModifiedDate":"2024-03-16"},{"lineNumber":27,"author":{"gitId":"youyiwan"},"content":"            System.out.println(\"Something went wrong: \" + e.getMessage());","lastModifiedDate":"2024-03-16"},{"lineNumber":28,"author":{"gitId":"youyiwan"},"content":"        }","lastModifiedDate":"2024-03-16"},{"lineNumber":29,"author":{"gitId":"youyiwan"},"content":"    }","lastModifiedDate":"2024-03-16"},{"lineNumber":30,"author":{"gitId":"youyiwan"},"content":"","lastModifiedDate":"2024-03-16"},{"lineNumber":31,"author":{"gitId":"youyiwan"},"content":"}","lastModifiedDate":"2024-03-16"}],"authorContributionMap":{"youyiwan":31}},{"path":"src/main/java/Tasks/Deadline.java","fileType":"java","lines":[{"lineNumber":1,"author":{"gitId":"youyiwan"},"content":"package Tasks;","lastModifiedDate":"2024-03-16"},{"lineNumber":2,"author":{"gitId":"youyiwan"},"content":"","lastModifiedDate":"2024-03-16"},{"lineNumber":3,"author":{"gitId":"youyiwan"},"content":"import Parser.DatesTimes;","lastModifiedDate":"2024-03-20"},{"lineNumber":4,"author":{"gitId":"youyiwan"},"content":"","lastModifiedDate":"2024-03-20"},{"lineNumber":5,"author":{"gitId":"youyiwan"},"content":"public class Deadline extends Task {","lastModifiedDate":"2024-02-12"},{"lineNumber":6,"author":{"gitId":"youyiwan"},"content":"","lastModifiedDate":"2024-02-12"},{"lineNumber":7,"author":{"gitId":"youyiwan"},"content":"    protected String by;","lastModifiedDate":"2024-02-12"},{"lineNumber":8,"author":{"gitId":"youyiwan"},"content":"","lastModifiedDate":"2024-02-12"},{"lineNumber":9,"author":{"gitId":"youyiwan"},"content":"    public Deadline(String description, boolean isDone, String by) {","lastModifiedDate":"2024-02-12"},{"lineNumber":10,"author":{"gitId":"youyiwan"},"content":"        super(description, isDone);","lastModifiedDate":"2024-02-12"},{"lineNumber":11,"author":{"gitId":"youyiwan"},"content":"        this.by \u003d by;","lastModifiedDate":"2024-02-12"},{"lineNumber":12,"author":{"gitId":"youyiwan"},"content":"    }","lastModifiedDate":"2024-02-12"},{"lineNumber":13,"author":{"gitId":"youyiwan"},"content":"","lastModifiedDate":"2024-02-12"},{"lineNumber":14,"author":{"gitId":"youyiwan"},"content":"","lastModifiedDate":"2024-02-12"},{"lineNumber":15,"author":{"gitId":"youyiwan"},"content":"","lastModifiedDate":"2024-02-12"},{"lineNumber":16,"author":{"gitId":"youyiwan"},"content":"    @Override","lastModifiedDate":"2024-02-12"},{"lineNumber":17,"author":{"gitId":"youyiwan"},"content":"    public String markAsDone(){","lastModifiedDate":"2024-02-12"},{"lineNumber":18,"author":{"gitId":"youyiwan"},"content":"        return \"[D][X]\";","lastModifiedDate":"2024-02-12"},{"lineNumber":19,"author":{"gitId":"youyiwan"},"content":"    }","lastModifiedDate":"2024-02-12"},{"lineNumber":20,"author":{"gitId":"youyiwan"},"content":"","lastModifiedDate":"2024-02-12"},{"lineNumber":21,"author":{"gitId":"youyiwan"},"content":"    public String markAsNotDone(){","lastModifiedDate":"2024-02-12"},{"lineNumber":22,"author":{"gitId":"youyiwan"},"content":"        return \"[D][ ]\";","lastModifiedDate":"2024-02-12"},{"lineNumber":23,"author":{"gitId":"youyiwan"},"content":"    }","lastModifiedDate":"2024-02-12"},{"lineNumber":24,"author":{"gitId":"youyiwan"},"content":"","lastModifiedDate":"2024-02-12"},{"lineNumber":25,"author":{"gitId":"youyiwan"},"content":"    public String toString() {","lastModifiedDate":"2024-02-12"},{"lineNumber":26,"author":{"gitId":"youyiwan"},"content":"        if (isDone)","lastModifiedDate":"2024-02-12"},{"lineNumber":27,"author":{"gitId":"youyiwan"},"content":"        {","lastModifiedDate":"2024-02-12"},{"lineNumber":28,"author":{"gitId":"youyiwan"},"content":"            return markAsDone() + description + \" (by: \" + by + \")\";","lastModifiedDate":"2024-02-12"},{"lineNumber":29,"author":{"gitId":"youyiwan"},"content":"        }","lastModifiedDate":"2024-02-12"},{"lineNumber":30,"author":{"gitId":"youyiwan"},"content":"        else return markAsNotDone() + description + \" (by: \" + by + \")\";","lastModifiedDate":"2024-02-12"},{"lineNumber":31,"author":{"gitId":"youyiwan"},"content":"    }","lastModifiedDate":"2024-02-12"},{"lineNumber":32,"author":{"gitId":"youyiwan"},"content":"","lastModifiedDate":"2024-02-12"},{"lineNumber":33,"author":{"gitId":"youyiwan"},"content":"    public String getBy(){","lastModifiedDate":"2024-02-12"},{"lineNumber":34,"author":{"gitId":"youyiwan"},"content":"        return by;","lastModifiedDate":"2024-02-12"},{"lineNumber":35,"author":{"gitId":"youyiwan"},"content":"    }","lastModifiedDate":"2024-02-12"},{"lineNumber":36,"author":{"gitId":"youyiwan"},"content":"","lastModifiedDate":"2024-02-12"},{"lineNumber":37,"author":{"gitId":"youyiwan"},"content":"    public String booleanToString(boolean isDone) {","lastModifiedDate":"2024-02-12"},{"lineNumber":38,"author":{"gitId":"youyiwan"},"content":"","lastModifiedDate":"2024-02-12"},{"lineNumber":39,"author":{"gitId":"youyiwan"},"content":"        if (isDone)","lastModifiedDate":"2024-02-12"},{"lineNumber":40,"author":{"gitId":"youyiwan"},"content":"        {","lastModifiedDate":"2024-02-12"},{"lineNumber":41,"author":{"gitId":"youyiwan"},"content":"            return markAsDone() + super.toString() + \" (by: \" + by + \")\";","lastModifiedDate":"2024-02-12"},{"lineNumber":42,"author":{"gitId":"youyiwan"},"content":"        }","lastModifiedDate":"2024-02-12"},{"lineNumber":43,"author":{"gitId":"youyiwan"},"content":"        else return markAsNotDone() + super.toString() + \" (by: \" + by + \")\";","lastModifiedDate":"2024-02-12"},{"lineNumber":44,"author":{"gitId":"youyiwan"},"content":"    }","lastModifiedDate":"2024-02-12"},{"lineNumber":45,"author":{"gitId":"youyiwan"},"content":"","lastModifiedDate":"2024-03-16"},{"lineNumber":46,"author":{"gitId":"youyiwan"},"content":"    public static void createDeadline(String line, boolean isSame){","lastModifiedDate":"2024-03-16"},{"lineNumber":47,"author":{"gitId":"youyiwan"},"content":"        int dividerFirstSpace \u003d line.indexOf(\u0027 \u0027);","lastModifiedDate":"2024-03-16"},{"lineNumber":48,"author":{"gitId":"youyiwan"},"content":"        int dividerBy \u003d line.indexOf(\"/by \");","lastModifiedDate":"2024-03-16"},{"lineNumber":49,"author":{"gitId":"youyiwan"},"content":"        String taskDescription \u003d line.substring(dividerFirstSpace, dividerBy);","lastModifiedDate":"2024-03-16"},{"lineNumber":50,"author":{"gitId":"youyiwan"},"content":"        String byDescription \u003d line.substring(dividerBy).replace(\"/by \", \"\");","lastModifiedDate":"2024-03-16"},{"lineNumber":51,"author":{"gitId":"youyiwan"},"content":"        Deadline d \u003d new Deadline( taskDescription, isSame, DatesTimes.getDate(byDescription) ); // Create new object of Deadline class","lastModifiedDate":"2024-03-20"},{"lineNumber":52,"author":{"gitId":"youyiwan"},"content":"        TaskList.addTask(d); // Add object to Task[]","lastModifiedDate":"2024-03-16"},{"lineNumber":53,"author":{"gitId":"youyiwan"},"content":"        TaskList.taskMap.put(TaskList.getTaskCount(), d); // store deadline object in map","lastModifiedDate":"2024-03-16"},{"lineNumber":54,"author":{"gitId":"youyiwan"},"content":"","lastModifiedDate":"2024-03-16"},{"lineNumber":55,"author":{"gitId":"youyiwan"},"content":"        System.out.println(d.booleanToString(isSame));","lastModifiedDate":"2024-03-16"},{"lineNumber":56,"author":{"gitId":"youyiwan"},"content":"    }","lastModifiedDate":"2024-03-16"},{"lineNumber":57,"author":{"gitId":"youyiwan"},"content":"","lastModifiedDate":"2024-03-20"},{"lineNumber":58,"author":{"gitId":"youyiwan"},"content":"","lastModifiedDate":"2024-03-20"},{"lineNumber":59,"author":{"gitId":"youyiwan"},"content":"}","lastModifiedDate":"2024-02-12"}],"authorContributionMap":{"youyiwan":59}},{"path":"src/main/java/Tasks/Event.java","fileType":"java","lines":[{"lineNumber":1,"author":{"gitId":"youyiwan"},"content":"package Tasks;","lastModifiedDate":"2024-03-16"},{"lineNumber":2,"author":{"gitId":"youyiwan"},"content":"","lastModifiedDate":"2024-03-16"},{"lineNumber":3,"author":{"gitId":"youyiwan"},"content":"import Parser.DatesTimes;","lastModifiedDate":"2024-03-20"},{"lineNumber":4,"author":{"gitId":"youyiwan"},"content":"","lastModifiedDate":"2024-03-20"},{"lineNumber":5,"author":{"gitId":"youyiwan"},"content":"public class Event extends Task {","lastModifiedDate":"2024-02-12"},{"lineNumber":6,"author":{"gitId":"youyiwan"},"content":"","lastModifiedDate":"2024-02-12"},{"lineNumber":7,"author":{"gitId":"youyiwan"},"content":"","lastModifiedDate":"2024-02-12"},{"lineNumber":8,"author":{"gitId":"youyiwan"},"content":"    protected String from;","lastModifiedDate":"2024-02-12"},{"lineNumber":9,"author":{"gitId":"youyiwan"},"content":"    protected String to;","lastModifiedDate":"2024-02-12"},{"lineNumber":10,"author":{"gitId":"youyiwan"},"content":"","lastModifiedDate":"2024-02-12"},{"lineNumber":11,"author":{"gitId":"youyiwan"},"content":"    public Event(String description, boolean isDone, String from, String to) {","lastModifiedDate":"2024-02-12"},{"lineNumber":12,"author":{"gitId":"youyiwan"},"content":"        super(description, isDone);","lastModifiedDate":"2024-02-12"},{"lineNumber":13,"author":{"gitId":"youyiwan"},"content":"        this.from\u003dfrom;","lastModifiedDate":"2024-02-12"},{"lineNumber":14,"author":{"gitId":"youyiwan"},"content":"        this.to \u003d to;","lastModifiedDate":"2024-02-12"},{"lineNumber":15,"author":{"gitId":"youyiwan"},"content":"    }","lastModifiedDate":"2024-02-12"},{"lineNumber":16,"author":{"gitId":"youyiwan"},"content":"","lastModifiedDate":"2024-02-12"},{"lineNumber":17,"author":{"gitId":"youyiwan"},"content":"    @Override","lastModifiedDate":"2024-02-12"},{"lineNumber":18,"author":{"gitId":"youyiwan"},"content":"    public String markAsDone(){","lastModifiedDate":"2024-02-12"},{"lineNumber":19,"author":{"gitId":"youyiwan"},"content":"        return \"[E][X]\";","lastModifiedDate":"2024-02-12"},{"lineNumber":20,"author":{"gitId":"youyiwan"},"content":"    }","lastModifiedDate":"2024-02-12"},{"lineNumber":21,"author":{"gitId":"youyiwan"},"content":"","lastModifiedDate":"2024-02-12"},{"lineNumber":22,"author":{"gitId":"youyiwan"},"content":"    public String markAsNotDone(){","lastModifiedDate":"2024-02-12"},{"lineNumber":23,"author":{"gitId":"youyiwan"},"content":"        return \"[E][ ]\";","lastModifiedDate":"2024-02-12"},{"lineNumber":24,"author":{"gitId":"youyiwan"},"content":"    }","lastModifiedDate":"2024-02-12"},{"lineNumber":25,"author":{"gitId":"youyiwan"},"content":"","lastModifiedDate":"2024-02-12"},{"lineNumber":26,"author":{"gitId":"youyiwan"},"content":"    public String toString() {","lastModifiedDate":"2024-02-12"},{"lineNumber":27,"author":{"gitId":"youyiwan"},"content":"        if (isDone)","lastModifiedDate":"2024-02-12"},{"lineNumber":28,"author":{"gitId":"youyiwan"},"content":"        {","lastModifiedDate":"2024-02-12"},{"lineNumber":29,"author":{"gitId":"youyiwan"},"content":"            return markAsDone() + description + \" (from: \" + from + \" to: \" + to + \")\";","lastModifiedDate":"2024-02-12"},{"lineNumber":30,"author":{"gitId":"youyiwan"},"content":"        }","lastModifiedDate":"2024-02-12"},{"lineNumber":31,"author":{"gitId":"youyiwan"},"content":"        else return markAsNotDone() + description + \" (from: \" + from + \" to: \" + to + \")\";","lastModifiedDate":"2024-02-12"},{"lineNumber":32,"author":{"gitId":"youyiwan"},"content":"    }","lastModifiedDate":"2024-02-12"},{"lineNumber":33,"author":{"gitId":"youyiwan"},"content":"","lastModifiedDate":"2024-02-12"},{"lineNumber":34,"author":{"gitId":"youyiwan"},"content":"    public String getFrom(){","lastModifiedDate":"2024-02-12"},{"lineNumber":35,"author":{"gitId":"youyiwan"},"content":"        return from;","lastModifiedDate":"2024-02-12"},{"lineNumber":36,"author":{"gitId":"youyiwan"},"content":"    }","lastModifiedDate":"2024-02-12"},{"lineNumber":37,"author":{"gitId":"youyiwan"},"content":"    public String getTo(){","lastModifiedDate":"2024-02-12"},{"lineNumber":38,"author":{"gitId":"youyiwan"},"content":"        return to;","lastModifiedDate":"2024-02-12"},{"lineNumber":39,"author":{"gitId":"youyiwan"},"content":"    }","lastModifiedDate":"2024-02-12"},{"lineNumber":40,"author":{"gitId":"youyiwan"},"content":"","lastModifiedDate":"2024-02-12"},{"lineNumber":41,"author":{"gitId":"youyiwan"},"content":"","lastModifiedDate":"2024-02-12"},{"lineNumber":42,"author":{"gitId":"youyiwan"},"content":"    public String booleanToString(boolean isDone) {","lastModifiedDate":"2024-02-12"},{"lineNumber":43,"author":{"gitId":"youyiwan"},"content":"","lastModifiedDate":"2024-02-12"},{"lineNumber":44,"author":{"gitId":"youyiwan"},"content":"        if (isDone)","lastModifiedDate":"2024-02-12"},{"lineNumber":45,"author":{"gitId":"youyiwan"},"content":"        {","lastModifiedDate":"2024-02-12"},{"lineNumber":46,"author":{"gitId":"youyiwan"},"content":"            return markAsDone() + super.toString() + \" (from: \" + from + \" to: \" + to + \")\";","lastModifiedDate":"2024-02-12"},{"lineNumber":47,"author":{"gitId":"youyiwan"},"content":"        }","lastModifiedDate":"2024-02-12"},{"lineNumber":48,"author":{"gitId":"youyiwan"},"content":"        else return markAsNotDone() + super.toString() + \" (from: \" + from + \" to: \" + to + \")\";","lastModifiedDate":"2024-02-12"},{"lineNumber":49,"author":{"gitId":"youyiwan"},"content":"    }","lastModifiedDate":"2024-02-12"},{"lineNumber":50,"author":{"gitId":"youyiwan"},"content":"","lastModifiedDate":"2024-03-16"},{"lineNumber":51,"author":{"gitId":"youyiwan"},"content":"    public static void createEvent(String line, boolean isSame){","lastModifiedDate":"2024-03-16"},{"lineNumber":52,"author":{"gitId":"youyiwan"},"content":"        int dividerFirstSpace \u003d line.indexOf(\u0027 \u0027);","lastModifiedDate":"2024-03-16"},{"lineNumber":53,"author":{"gitId":"youyiwan"},"content":"        int dividerFrom \u003d line.indexOf(\"/from \");","lastModifiedDate":"2024-03-16"},{"lineNumber":54,"author":{"gitId":"youyiwan"},"content":"        int dividerTo \u003d line.indexOf(\"/to \");","lastModifiedDate":"2024-03-16"},{"lineNumber":55,"author":{"gitId":"youyiwan"},"content":"        String taskDescription \u003d line.substring(dividerFirstSpace, dividerFrom);","lastModifiedDate":"2024-03-16"},{"lineNumber":56,"author":{"gitId":"youyiwan"},"content":"        String from \u003d line.substring(dividerFrom, dividerTo).replace(\"/from \", \"\");;","lastModifiedDate":"2024-03-16"},{"lineNumber":57,"author":{"gitId":"youyiwan"},"content":"        String to \u003d line.substring(dividerTo).replace(\"/to \", \"\");","lastModifiedDate":"2024-03-16"},{"lineNumber":58,"author":{"gitId":"youyiwan"},"content":"        Event e \u003d new Event( taskDescription, isSame, DatesTimes.getDateTime(from), DatesTimes.getDateTime(to) ); // Create new object of Deadline class","lastModifiedDate":"2024-03-20"},{"lineNumber":59,"author":{"gitId":"youyiwan"},"content":"        TaskList.addTask(e); // Add object to Task[]","lastModifiedDate":"2024-03-16"},{"lineNumber":60,"author":{"gitId":"youyiwan"},"content":"        TaskList.taskMap.put(TaskList.getTaskCount(), e); // store deadline object in map","lastModifiedDate":"2024-03-16"},{"lineNumber":61,"author":{"gitId":"youyiwan"},"content":"        System.out.println(e.booleanToString(isSame));","lastModifiedDate":"2024-03-16"},{"lineNumber":62,"author":{"gitId":"youyiwan"},"content":"    }","lastModifiedDate":"2024-03-16"},{"lineNumber":63,"author":{"gitId":"youyiwan"},"content":"}","lastModifiedDate":"2024-02-12"}],"authorContributionMap":{"youyiwan":63}},{"path":"src/main/java/Tasks/Task.java","fileType":"java","lines":[{"lineNumber":1,"author":{"gitId":"youyiwan"},"content":"package Tasks;","lastModifiedDate":"2024-03-16"},{"lineNumber":2,"author":{"gitId":"youyiwan"},"content":"","lastModifiedDate":"2024-03-16"},{"lineNumber":3,"author":{"gitId":"youyiwan"},"content":"public class Task {","lastModifiedDate":"2024-02-04"},{"lineNumber":4,"author":{"gitId":"youyiwan"},"content":"    public String description;","lastModifiedDate":"2024-03-16"},{"lineNumber":5,"author":{"gitId":"youyiwan"},"content":"    public boolean isDone;","lastModifiedDate":"2024-03-16"},{"lineNumber":6,"author":{"gitId":"youyiwan"},"content":"","lastModifiedDate":"2024-02-04"},{"lineNumber":7,"author":{"gitId":"youyiwan"},"content":"    public Task(String description, boolean isDone)  {     // Constructor","lastModifiedDate":"2024-02-04"},{"lineNumber":8,"author":{"gitId":"youyiwan"},"content":"        this.description \u003d description;","lastModifiedDate":"2024-02-04"},{"lineNumber":9,"author":{"gitId":"youyiwan"},"content":"        this.isDone \u003d isDone;","lastModifiedDate":"2024-02-04"},{"lineNumber":10,"author":{"gitId":"youyiwan"},"content":"    }","lastModifiedDate":"2024-02-04"},{"lineNumber":11,"author":{"gitId":"youyiwan"},"content":"","lastModifiedDate":"2024-02-04"},{"lineNumber":12,"author":{"gitId":"youyiwan"},"content":"","lastModifiedDate":"2024-02-12"},{"lineNumber":13,"author":{"gitId":"youyiwan"},"content":"    public String markAsDone(){","lastModifiedDate":"2024-02-04"},{"lineNumber":14,"author":{"gitId":"youyiwan"},"content":"        return \"[X]\";","lastModifiedDate":"2024-02-04"},{"lineNumber":15,"author":{"gitId":"youyiwan"},"content":"    }","lastModifiedDate":"2024-02-04"},{"lineNumber":16,"author":{"gitId":"youyiwan"},"content":"","lastModifiedDate":"2024-02-04"},{"lineNumber":17,"author":{"gitId":"youyiwan"},"content":"    public String markAsNotDone(){","lastModifiedDate":"2024-02-04"},{"lineNumber":18,"author":{"gitId":"youyiwan"},"content":"        return \"[ ]\";","lastModifiedDate":"2024-02-04"},{"lineNumber":19,"author":{"gitId":"youyiwan"},"content":"    }","lastModifiedDate":"2024-02-04"},{"lineNumber":20,"author":{"gitId":"youyiwan"},"content":"","lastModifiedDate":"2024-02-04"},{"lineNumber":21,"author":{"gitId":"youyiwan"},"content":"    public String getDescription() {","lastModifiedDate":"2024-02-04"},{"lineNumber":22,"author":{"gitId":"youyiwan"},"content":"        return description;","lastModifiedDate":"2024-02-04"},{"lineNumber":23,"author":{"gitId":"youyiwan"},"content":"    }","lastModifiedDate":"2024-02-04"},{"lineNumber":24,"author":{"gitId":"youyiwan"},"content":"","lastModifiedDate":"2024-02-04"},{"lineNumber":25,"author":{"gitId":"youyiwan"},"content":"    public String getBy() {","lastModifiedDate":"2024-02-12"},{"lineNumber":26,"author":{"gitId":"youyiwan"},"content":"        return \"to be override in Deadline class\";","lastModifiedDate":"2024-02-12"},{"lineNumber":27,"author":{"gitId":"youyiwan"},"content":"    }","lastModifiedDate":"2024-02-12"},{"lineNumber":28,"author":{"gitId":"youyiwan"},"content":"    public String getFrom(){","lastModifiedDate":"2024-02-12"},{"lineNumber":29,"author":{"gitId":"youyiwan"},"content":"        return \"to be override in Event class\";","lastModifiedDate":"2024-02-12"},{"lineNumber":30,"author":{"gitId":"youyiwan"},"content":"    }","lastModifiedDate":"2024-02-12"},{"lineNumber":31,"author":{"gitId":"youyiwan"},"content":"    public String getTo(){","lastModifiedDate":"2024-02-12"},{"lineNumber":32,"author":{"gitId":"youyiwan"},"content":"        return \"to be override in Event class\";","lastModifiedDate":"2024-02-12"},{"lineNumber":33,"author":{"gitId":"youyiwan"},"content":"    }","lastModifiedDate":"2024-02-12"},{"lineNumber":34,"author":{"gitId":"youyiwan"},"content":"    @Override","lastModifiedDate":"2024-02-04"},{"lineNumber":35,"author":{"gitId":"youyiwan"},"content":"    public String toString() {","lastModifiedDate":"2024-02-04"},{"lineNumber":36,"author":{"gitId":"youyiwan"},"content":"        return getDescription();","lastModifiedDate":"2024-02-04"},{"lineNumber":37,"author":{"gitId":"youyiwan"},"content":"    }","lastModifiedDate":"2024-02-04"},{"lineNumber":38,"author":{"gitId":"youyiwan"},"content":"","lastModifiedDate":"2024-02-04"},{"lineNumber":39,"author":{"gitId":"youyiwan"},"content":"    public boolean toBoolean() {","lastModifiedDate":"2024-02-04"},{"lineNumber":40,"author":{"gitId":"youyiwan"},"content":"        return isDone;","lastModifiedDate":"2024-02-04"},{"lineNumber":41,"author":{"gitId":"youyiwan"},"content":"    }","lastModifiedDate":"2024-02-04"},{"lineNumber":42,"author":{"gitId":"youyiwan"},"content":"","lastModifiedDate":"2024-02-04"},{"lineNumber":43,"author":{"gitId":"youyiwan"},"content":"    public String booleanToString(boolean isDone) {","lastModifiedDate":"2024-02-04"},{"lineNumber":44,"author":{"gitId":"youyiwan"},"content":"","lastModifiedDate":"2024-02-12"},{"lineNumber":45,"author":{"gitId":"youyiwan"},"content":"        return (isDone ? markAsDone() +  getDescription()","lastModifiedDate":"2024-02-12"},{"lineNumber":46,"author":{"gitId":"youyiwan"},"content":"                : markAsNotDone() +  getDescription());","lastModifiedDate":"2024-02-12"},{"lineNumber":47,"author":{"gitId":"youyiwan"},"content":"    }","lastModifiedDate":"2024-02-04"},{"lineNumber":48,"author":{"gitId":"youyiwan"},"content":"","lastModifiedDate":"2024-02-04"},{"lineNumber":49,"author":{"gitId":"youyiwan"},"content":"","lastModifiedDate":"2024-02-04"},{"lineNumber":50,"author":{"gitId":"youyiwan"},"content":"}","lastModifiedDate":"2024-02-04"},{"lineNumber":51,"author":{"gitId":"youyiwan"},"content":"","lastModifiedDate":"2024-02-04"}],"authorContributionMap":{"youyiwan":51}},{"path":"src/main/java/Tasks/TaskList.java","fileType":"java","lines":[{"lineNumber":1,"author":{"gitId":"youyiwan"},"content":"package Tasks;","lastModifiedDate":"2024-03-16"},{"lineNumber":2,"author":{"gitId":"youyiwan"},"content":"","lastModifiedDate":"2024-03-16"},{"lineNumber":3,"author":{"gitId":"youyiwan"},"content":"import java.util.HashMap;","lastModifiedDate":"2024-03-16"},{"lineNumber":4,"author":{"gitId":"youyiwan"},"content":"","lastModifiedDate":"2024-03-16"},{"lineNumber":5,"author":{"gitId":"youyiwan"},"content":"public class TaskList{","lastModifiedDate":"2024-03-16"},{"lineNumber":6,"author":{"gitId":"youyiwan"},"content":"","lastModifiedDate":"2024-03-16"},{"lineNumber":7,"author":{"gitId":"youyiwan"},"content":"    public static Tasks.Task[] myTask;","lastModifiedDate":"2024-03-16"},{"lineNumber":8,"author":{"gitId":"youyiwan"},"content":"    public static HashMap\u003cInteger, Tasks.Task\u003e taskMap;","lastModifiedDate":"2024-03-16"},{"lineNumber":9,"author":{"gitId":"youyiwan"},"content":"","lastModifiedDate":"2024-03-16"},{"lineNumber":10,"author":{"gitId":"youyiwan"},"content":"    public static int taskCount \u003d 0;","lastModifiedDate":"2024-03-16"},{"lineNumber":11,"author":{"gitId":"youyiwan"},"content":"    public void createNewTaskList()","lastModifiedDate":"2024-03-16"},{"lineNumber":12,"author":{"gitId":"youyiwan"},"content":"    {","lastModifiedDate":"2024-03-16"},{"lineNumber":13,"author":{"gitId":"youyiwan"},"content":"        myTask \u003d new Tasks.Task[100];","lastModifiedDate":"2024-03-16"},{"lineNumber":14,"author":{"gitId":"youyiwan"},"content":"        taskMap \u003d new HashMap\u003cInteger, Tasks.Task\u003e ();","lastModifiedDate":"2024-03-16"},{"lineNumber":15,"author":{"gitId":"youyiwan"},"content":"    }","lastModifiedDate":"2024-03-16"},{"lineNumber":16,"author":{"gitId":"youyiwan"},"content":"","lastModifiedDate":"2024-03-16"},{"lineNumber":17,"author":{"gitId":"youyiwan"},"content":"","lastModifiedDate":"2024-03-16"},{"lineNumber":18,"author":{"gitId":"youyiwan"},"content":"    public static int getTaskCount()","lastModifiedDate":"2024-03-16"},{"lineNumber":19,"author":{"gitId":"youyiwan"},"content":"    {","lastModifiedDate":"2024-03-16"},{"lineNumber":20,"author":{"gitId":"youyiwan"},"content":"        return taskCount;","lastModifiedDate":"2024-03-16"},{"lineNumber":21,"author":{"gitId":"youyiwan"},"content":"    }","lastModifiedDate":"2024-03-16"},{"lineNumber":22,"author":{"gitId":"youyiwan"},"content":"","lastModifiedDate":"2024-03-16"},{"lineNumber":23,"author":{"gitId":"youyiwan"},"content":"    public static void addTask(Tasks.Task m){","lastModifiedDate":"2024-03-16"},{"lineNumber":24,"author":{"gitId":"youyiwan"},"content":"        myTask[taskCount] \u003d m;","lastModifiedDate":"2024-03-16"},{"lineNumber":25,"author":{"gitId":"youyiwan"},"content":"        taskCount++;","lastModifiedDate":"2024-03-16"},{"lineNumber":26,"author":{"gitId":"youyiwan"},"content":"    }","lastModifiedDate":"2024-03-16"},{"lineNumber":27,"author":{"gitId":"youyiwan"},"content":"","lastModifiedDate":"2024-03-16"},{"lineNumber":28,"author":{"gitId":"youyiwan"},"content":"    public void updateTaskCount(int x)","lastModifiedDate":"2024-03-16"},{"lineNumber":29,"author":{"gitId":"youyiwan"},"content":"    {","lastModifiedDate":"2024-03-16"},{"lineNumber":30,"author":{"gitId":"youyiwan"},"content":"        taskCount\u003dtaskCount+x;","lastModifiedDate":"2024-03-16"},{"lineNumber":31,"author":{"gitId":"youyiwan"},"content":"    }","lastModifiedDate":"2024-03-16"},{"lineNumber":32,"author":{"gitId":"youyiwan"},"content":"","lastModifiedDate":"2024-03-16"},{"lineNumber":33,"author":{"gitId":"youyiwan"},"content":"    public void markTask(String line){","lastModifiedDate":"2024-03-16"},{"lineNumber":34,"author":{"gitId":"youyiwan"},"content":"        String[] words \u003d line.split(\" \");","lastModifiedDate":"2024-03-16"},{"lineNumber":35,"author":{"gitId":"youyiwan"},"content":"        boolean isDone \u003d true;","lastModifiedDate":"2024-03-16"},{"lineNumber":36,"author":{"gitId":"youyiwan"},"content":"","lastModifiedDate":"2024-03-16"},{"lineNumber":37,"author":{"gitId":"youyiwan"},"content":"        // check if key exist if not prompt user to check the list again","lastModifiedDate":"2024-03-16"},{"lineNumber":38,"author":{"gitId":"youyiwan"},"content":"        if(taskMap.containsKey(Integer.valueOf(words[1])))","lastModifiedDate":"2024-03-16"},{"lineNumber":39,"author":{"gitId":"youyiwan"},"content":"        {","lastModifiedDate":"2024-03-16"},{"lineNumber":40,"author":{"gitId":"youyiwan"},"content":"            for (HashMap.Entry\u003cInteger, Task\u003e entry : taskMap.entrySet()){","lastModifiedDate":"2024-03-16"},{"lineNumber":41,"author":{"gitId":"youyiwan"},"content":"                if(entry.getKey().equals(Integer.valueOf(words[1])))","lastModifiedDate":"2024-03-16"},{"lineNumber":42,"author":{"gitId":"youyiwan"},"content":"                {","lastModifiedDate":"2024-03-16"},{"lineNumber":43,"author":{"gitId":"youyiwan"},"content":"                    System.out.println(\"Nice! I\u0027ve marked this task as done:\");","lastModifiedDate":"2024-03-16"},{"lineNumber":44,"author":{"gitId":"youyiwan"},"content":"                    if(entry.getValue().markAsDone().startsWith(\"[D]\")){   // Here you need to check if its deadline, event or todo","lastModifiedDate":"2024-03-16"},{"lineNumber":45,"author":{"gitId":"youyiwan"},"content":"                        Deadline d \u003d new Deadline( entry.getValue().getDescription(), isDone, entry.getValue().getBy());","lastModifiedDate":"2024-03-16"},{"lineNumber":46,"author":{"gitId":"youyiwan"},"content":"                        taskMap.put(entry.getKey(), d);","lastModifiedDate":"2024-03-16"},{"lineNumber":47,"author":{"gitId":"youyiwan"},"content":"                        System.out.println(d);","lastModifiedDate":"2024-03-16"},{"lineNumber":48,"author":{"gitId":"youyiwan"},"content":"                    }","lastModifiedDate":"2024-03-16"},{"lineNumber":49,"author":{"gitId":"youyiwan"},"content":"                    else if (entry.getValue().markAsDone().startsWith(\"[E]\")) {","lastModifiedDate":"2024-03-16"},{"lineNumber":50,"author":{"gitId":"youyiwan"},"content":"                        Event e \u003d new Event( entry.getValue().getDescription(), isDone, entry.getValue().getFrom(), entry.getValue().getTo());","lastModifiedDate":"2024-03-16"},{"lineNumber":51,"author":{"gitId":"youyiwan"},"content":"                        taskMap.put(entry.getKey(), e);","lastModifiedDate":"2024-03-16"},{"lineNumber":52,"author":{"gitId":"youyiwan"},"content":"                        System.out.println(e);","lastModifiedDate":"2024-03-16"},{"lineNumber":53,"author":{"gitId":"youyiwan"},"content":"                    }","lastModifiedDate":"2024-03-16"},{"lineNumber":54,"author":{"gitId":"youyiwan"},"content":"                    else {","lastModifiedDate":"2024-03-16"},{"lineNumber":55,"author":{"gitId":"youyiwan"},"content":"                        Todo t \u003d new Todo(entry.getValue().description, isDone);","lastModifiedDate":"2024-03-16"},{"lineNumber":56,"author":{"gitId":"youyiwan"},"content":"                        taskMap.put( entry.getKey() , t);","lastModifiedDate":"2024-03-16"},{"lineNumber":57,"author":{"gitId":"youyiwan"},"content":"                        System.out.println(t);","lastModifiedDate":"2024-03-16"},{"lineNumber":58,"author":{"gitId":"youyiwan"},"content":"                    }","lastModifiedDate":"2024-03-16"},{"lineNumber":59,"author":{"gitId":"youyiwan"},"content":"                }","lastModifiedDate":"2024-03-16"},{"lineNumber":60,"author":{"gitId":"youyiwan"},"content":"            }","lastModifiedDate":"2024-03-16"},{"lineNumber":61,"author":{"gitId":"youyiwan"},"content":"        }","lastModifiedDate":"2024-03-16"},{"lineNumber":62,"author":{"gitId":"youyiwan"},"content":"        else System.out.println(\"No such task, please check the list\");","lastModifiedDate":"2024-03-16"},{"lineNumber":63,"author":{"gitId":"youyiwan"},"content":"    }","lastModifiedDate":"2024-03-16"},{"lineNumber":64,"author":{"gitId":"youyiwan"},"content":"","lastModifiedDate":"2024-03-16"},{"lineNumber":65,"author":{"gitId":"youyiwan"},"content":"    public void unmarkTask(String line) {","lastModifiedDate":"2024-03-16"},{"lineNumber":66,"author":{"gitId":"youyiwan"},"content":"        String[] words \u003d line.split(\" \");","lastModifiedDate":"2024-03-16"},{"lineNumber":67,"author":{"gitId":"youyiwan"},"content":"        boolean isDone \u003d false;","lastModifiedDate":"2024-03-16"},{"lineNumber":68,"author":{"gitId":"youyiwan"},"content":"        // check if key exist if not prompt user to check the task again","lastModifiedDate":"2024-03-16"},{"lineNumber":69,"author":{"gitId":"youyiwan"},"content":"        if(TaskList.taskMap.containsKey(Integer.valueOf(words[1]))){","lastModifiedDate":"2024-03-16"},{"lineNumber":70,"author":{"gitId":"youyiwan"},"content":"            for (HashMap.Entry\u003cInteger, Task\u003e entry : TaskList.taskMap.entrySet()){","lastModifiedDate":"2024-03-16"},{"lineNumber":71,"author":{"gitId":"youyiwan"},"content":"                if(entry.getKey().equals(Integer.valueOf(words[1])) )","lastModifiedDate":"2024-03-16"},{"lineNumber":72,"author":{"gitId":"youyiwan"},"content":"                {","lastModifiedDate":"2024-03-16"},{"lineNumber":73,"author":{"gitId":"youyiwan"},"content":"                    System.out.println(\"OK, I\u0027ve marked this task as not done yet\");","lastModifiedDate":"2024-03-16"},{"lineNumber":74,"author":{"gitId":"youyiwan"},"content":"                    if(entry.getValue().markAsDone().startsWith(\"[D]\")){   // Here you need to check if its deadline, event or ...","lastModifiedDate":"2024-03-16"},{"lineNumber":75,"author":{"gitId":"youyiwan"},"content":"                        Deadline d \u003d new Deadline( entry.getValue().getDescription(), isDone, entry.getValue().getBy());","lastModifiedDate":"2024-03-16"},{"lineNumber":76,"author":{"gitId":"youyiwan"},"content":"                        TaskList.taskMap.put(entry.getKey(), d);","lastModifiedDate":"2024-03-16"},{"lineNumber":77,"author":{"gitId":"youyiwan"},"content":"                        System.out.println(d);","lastModifiedDate":"2024-03-16"},{"lineNumber":78,"author":{"gitId":"youyiwan"},"content":"                    }","lastModifiedDate":"2024-03-16"},{"lineNumber":79,"author":{"gitId":"youyiwan"},"content":"                    else if (entry.getValue().markAsDone().startsWith(\"[E]\")){","lastModifiedDate":"2024-03-16"},{"lineNumber":80,"author":{"gitId":"youyiwan"},"content":"                        Event e \u003d new Event( entry.getValue().getDescription(), isDone, entry.getValue().getFrom(), entry.getValue().getTo());","lastModifiedDate":"2024-03-16"},{"lineNumber":81,"author":{"gitId":"youyiwan"},"content":"                        TaskList.taskMap.put(entry.getKey(), e);","lastModifiedDate":"2024-03-16"},{"lineNumber":82,"author":{"gitId":"youyiwan"},"content":"                        System.out.println(e);","lastModifiedDate":"2024-03-16"},{"lineNumber":83,"author":{"gitId":"youyiwan"},"content":"                    }","lastModifiedDate":"2024-03-16"},{"lineNumber":84,"author":{"gitId":"youyiwan"},"content":"                    else {","lastModifiedDate":"2024-03-16"},{"lineNumber":85,"author":{"gitId":"youyiwan"},"content":"                        Todo t \u003d new Todo(entry.getValue().description, isDone);","lastModifiedDate":"2024-03-16"},{"lineNumber":86,"author":{"gitId":"youyiwan"},"content":"                        TaskList.taskMap.put( Integer.valueOf(words[1]) , t);","lastModifiedDate":"2024-03-16"},{"lineNumber":87,"author":{"gitId":"youyiwan"},"content":"                        System.out.println(t);","lastModifiedDate":"2024-03-16"},{"lineNumber":88,"author":{"gitId":"youyiwan"},"content":"                    }","lastModifiedDate":"2024-03-16"},{"lineNumber":89,"author":{"gitId":"youyiwan"},"content":"                }","lastModifiedDate":"2024-03-16"},{"lineNumber":90,"author":{"gitId":"youyiwan"},"content":"            }","lastModifiedDate":"2024-03-16"},{"lineNumber":91,"author":{"gitId":"youyiwan"},"content":"        }","lastModifiedDate":"2024-03-16"},{"lineNumber":92,"author":{"gitId":"youyiwan"},"content":"        else System.out.println(\"No such task, please check the list\");","lastModifiedDate":"2024-03-16"},{"lineNumber":93,"author":{"gitId":"youyiwan"},"content":"","lastModifiedDate":"2024-03-16"},{"lineNumber":94,"author":{"gitId":"youyiwan"},"content":"    }","lastModifiedDate":"2024-03-16"},{"lineNumber":95,"author":{"gitId":"youyiwan"},"content":"","lastModifiedDate":"2024-03-16"},{"lineNumber":96,"author":{"gitId":"youyiwan"},"content":"    public void deleteTask(String line){","lastModifiedDate":"2024-03-16"},{"lineNumber":97,"author":{"gitId":"youyiwan"},"content":"        String[] words \u003d line.split(\" \");","lastModifiedDate":"2024-03-16"},{"lineNumber":98,"author":{"gitId":"youyiwan"},"content":"        System.out.println(\"Noted. I\u0027ve removed this task\");","lastModifiedDate":"2024-03-16"},{"lineNumber":99,"author":{"gitId":"youyiwan"},"content":"        for (HashMap.Entry\u003cInteger, Task\u003e entry : taskMap.entrySet()) {","lastModifiedDate":"2024-03-16"},{"lineNumber":100,"author":{"gitId":"youyiwan"},"content":"            if (entry.getKey().equals(Integer.valueOf(words[1]))) {","lastModifiedDate":"2024-03-16"},{"lineNumber":101,"author":{"gitId":"youyiwan"},"content":"                System.out.println(entry.getValue());","lastModifiedDate":"2024-03-16"},{"lineNumber":102,"author":{"gitId":"youyiwan"},"content":"            }","lastModifiedDate":"2024-03-16"},{"lineNumber":103,"author":{"gitId":"youyiwan"},"content":"        }","lastModifiedDate":"2024-03-16"},{"lineNumber":104,"author":{"gitId":"youyiwan"},"content":"        TaskList.taskMap.remove(Integer.valueOf(words[1]));","lastModifiedDate":"2024-03-16"},{"lineNumber":105,"author":{"gitId":"youyiwan"},"content":"        updateTaskCount(-1);","lastModifiedDate":"2024-03-16"},{"lineNumber":106,"author":{"gitId":"youyiwan"},"content":"        System.out.println(\"Now you have \" + getTaskCount() + \" tasks in the list.\");","lastModifiedDate":"2024-03-16"},{"lineNumber":107,"author":{"gitId":"youyiwan"},"content":"        /// Update Keys so that the list is in running order ///","lastModifiedDate":"2024-03-16"},{"lineNumber":108,"author":{"gitId":"youyiwan"},"content":"        if (taskMap.size() \u003d\u003d 1)","lastModifiedDate":"2024-03-16"},{"lineNumber":109,"author":{"gitId":"youyiwan"},"content":"        {","lastModifiedDate":"2024-03-16"},{"lineNumber":110,"author":{"gitId":"youyiwan"},"content":"            taskMap.put(1, taskMap.get(2));","lastModifiedDate":"2024-03-16"},{"lineNumber":111,"author":{"gitId":"youyiwan"},"content":"            taskMap.remove(2);","lastModifiedDate":"2024-03-16"},{"lineNumber":112,"author":{"gitId":"youyiwan"},"content":"        }","lastModifiedDate":"2024-03-16"},{"lineNumber":113,"author":{"gitId":"youyiwan"},"content":"        else { // Assuming order is not important, last in list will take the rank of the deleted key","lastModifiedDate":"2024-03-16"},{"lineNumber":114,"author":{"gitId":"youyiwan"},"content":"            taskMap.put(Integer.parseInt(words[1]), taskMap.get(taskMap.size()+1));","lastModifiedDate":"2024-03-16"},{"lineNumber":115,"author":{"gitId":"youyiwan"},"content":"            taskMap.remove(taskMap.size());","lastModifiedDate":"2024-03-16"},{"lineNumber":116,"author":{"gitId":"youyiwan"},"content":"        }","lastModifiedDate":"2024-03-16"},{"lineNumber":117,"author":{"gitId":"youyiwan"},"content":"    }","lastModifiedDate":"2024-03-16"},{"lineNumber":118,"author":{"gitId":"youyiwan"},"content":"","lastModifiedDate":"2024-03-16"},{"lineNumber":119,"author":{"gitId":"youyiwan"},"content":"    public boolean checkDuplicates(String line, boolean isSame){","lastModifiedDate":"2024-03-16"},{"lineNumber":120,"author":{"gitId":"youyiwan"},"content":"        int dividerFirstSpace \u003d line.indexOf(\u0027 \u0027);","lastModifiedDate":"2024-03-16"},{"lineNumber":121,"author":{"gitId":"youyiwan"},"content":"        for (HashMap.Entry\u003cInteger, Task\u003e entry : taskMap.entrySet() ){","lastModifiedDate":"2024-03-16"},{"lineNumber":122,"author":{"gitId":"youyiwan"},"content":"            String str1 \u003d entry.getValue().description;","lastModifiedDate":"2024-03-16"},{"lineNumber":123,"author":{"gitId":"youyiwan"},"content":"            isSame \u003d str1.equals(line.substring(dividerFirstSpace));","lastModifiedDate":"2024-03-16"},{"lineNumber":124,"author":{"gitId":"youyiwan"},"content":"            if (isSame){","lastModifiedDate":"2024-03-16"},{"lineNumber":125,"author":{"gitId":"youyiwan"},"content":"                break;","lastModifiedDate":"2024-03-16"},{"lineNumber":126,"author":{"gitId":"youyiwan"},"content":"            }","lastModifiedDate":"2024-03-16"},{"lineNumber":127,"author":{"gitId":"youyiwan"},"content":"        }","lastModifiedDate":"2024-03-16"},{"lineNumber":128,"author":{"gitId":"youyiwan"},"content":"        return isSame;","lastModifiedDate":"2024-03-16"},{"lineNumber":129,"author":{"gitId":"youyiwan"},"content":"    }","lastModifiedDate":"2024-03-16"},{"lineNumber":130,"author":{"gitId":"youyiwan"},"content":"","lastModifiedDate":"2024-03-16"},{"lineNumber":131,"author":{"gitId":"youyiwan"},"content":"}","lastModifiedDate":"2024-03-16"}],"authorContributionMap":{"youyiwan":131}},{"path":"src/main/java/Tasks/Todo.java","fileType":"java","lines":[{"lineNumber":1,"author":{"gitId":"youyiwan"},"content":"package Tasks;","lastModifiedDate":"2024-03-16"},{"lineNumber":2,"author":{"gitId":"youyiwan"},"content":"","lastModifiedDate":"2024-03-16"},{"lineNumber":3,"author":{"gitId":"youyiwan"},"content":"public class Todo extends Task {","lastModifiedDate":"2024-02-12"},{"lineNumber":4,"author":{"gitId":"youyiwan"},"content":"","lastModifiedDate":"2024-02-12"},{"lineNumber":5,"author":{"gitId":"youyiwan"},"content":"    public Todo(String description, boolean isDone) {","lastModifiedDate":"2024-02-12"},{"lineNumber":6,"author":{"gitId":"youyiwan"},"content":"        super(description, isDone);","lastModifiedDate":"2024-02-12"},{"lineNumber":7,"author":{"gitId":"youyiwan"},"content":"    }","lastModifiedDate":"2024-02-12"},{"lineNumber":8,"author":{"gitId":"youyiwan"},"content":"","lastModifiedDate":"2024-02-12"},{"lineNumber":9,"author":{"gitId":"youyiwan"},"content":"    @Override","lastModifiedDate":"2024-02-12"},{"lineNumber":10,"author":{"gitId":"youyiwan"},"content":"    public String markAsDone(){","lastModifiedDate":"2024-02-12"},{"lineNumber":11,"author":{"gitId":"youyiwan"},"content":"        return \"[T][X]\";","lastModifiedDate":"2024-02-12"},{"lineNumber":12,"author":{"gitId":"youyiwan"},"content":"    }","lastModifiedDate":"2024-02-12"},{"lineNumber":13,"author":{"gitId":"youyiwan"},"content":"","lastModifiedDate":"2024-02-12"},{"lineNumber":14,"author":{"gitId":"youyiwan"},"content":"    public String markAsNotDone(){","lastModifiedDate":"2024-02-12"},{"lineNumber":15,"author":{"gitId":"youyiwan"},"content":"        return \"[T][ ]\";","lastModifiedDate":"2024-02-12"},{"lineNumber":16,"author":{"gitId":"youyiwan"},"content":"    }","lastModifiedDate":"2024-02-12"},{"lineNumber":17,"author":{"gitId":"youyiwan"},"content":"","lastModifiedDate":"2024-02-12"},{"lineNumber":18,"author":{"gitId":"youyiwan"},"content":"    public String toString() {","lastModifiedDate":"2024-02-12"},{"lineNumber":19,"author":{"gitId":"youyiwan"},"content":"        if (isDone)","lastModifiedDate":"2024-02-12"},{"lineNumber":20,"author":{"gitId":"youyiwan"},"content":"        {","lastModifiedDate":"2024-02-12"},{"lineNumber":21,"author":{"gitId":"youyiwan"},"content":"            return markAsDone()  + description;","lastModifiedDate":"2024-03-03"},{"lineNumber":22,"author":{"gitId":"youyiwan"},"content":"        }","lastModifiedDate":"2024-02-12"},{"lineNumber":23,"author":{"gitId":"youyiwan"},"content":"        else return markAsNotDone()  + description;","lastModifiedDate":"2024-03-03"},{"lineNumber":24,"author":{"gitId":"youyiwan"},"content":"    }","lastModifiedDate":"2024-02-12"},{"lineNumber":25,"author":{"gitId":"youyiwan"},"content":"    public String booleanToString(boolean isDone) {","lastModifiedDate":"2024-02-12"},{"lineNumber":26,"author":{"gitId":"youyiwan"},"content":"","lastModifiedDate":"2024-02-12"},{"lineNumber":27,"author":{"gitId":"youyiwan"},"content":"        if (isDone)","lastModifiedDate":"2024-02-12"},{"lineNumber":28,"author":{"gitId":"youyiwan"},"content":"        {","lastModifiedDate":"2024-02-12"},{"lineNumber":29,"author":{"gitId":"youyiwan"},"content":"            return markAsDone() + \" \" + super.toString() ;","lastModifiedDate":"2024-02-12"},{"lineNumber":30,"author":{"gitId":"youyiwan"},"content":"        }","lastModifiedDate":"2024-02-12"},{"lineNumber":31,"author":{"gitId":"youyiwan"},"content":"        else return markAsNotDone()  + \" \" + super.toString() ;","lastModifiedDate":"2024-02-12"},{"lineNumber":32,"author":{"gitId":"youyiwan"},"content":"    }","lastModifiedDate":"2024-02-12"},{"lineNumber":33,"author":{"gitId":"youyiwan"},"content":"","lastModifiedDate":"2024-03-16"},{"lineNumber":34,"author":{"gitId":"youyiwan"},"content":"    public static void createTodo(String line, boolean isSame){","lastModifiedDate":"2024-03-16"},{"lineNumber":35,"author":{"gitId":"youyiwan"},"content":"        int dividerFirstSpace \u003d line.indexOf(\u0027 \u0027);","lastModifiedDate":"2024-03-16"},{"lineNumber":36,"author":{"gitId":"youyiwan"},"content":"        String taskDescription \u003d line.substring(dividerFirstSpace);","lastModifiedDate":"2024-03-16"},{"lineNumber":37,"author":{"gitId":"youyiwan"},"content":"        Todo t \u003d new Todo(taskDescription, isSame); // Create new object of Todo class","lastModifiedDate":"2024-03-16"},{"lineNumber":38,"author":{"gitId":"youyiwan"},"content":"        TaskList.addTask(t); // Add object to Task[]","lastModifiedDate":"2024-03-16"},{"lineNumber":39,"author":{"gitId":"youyiwan"},"content":"        TaskList.taskMap.put(TaskList.getTaskCount(), t);","lastModifiedDate":"2024-03-16"},{"lineNumber":40,"author":{"gitId":"youyiwan"},"content":"        System.out.println(t.booleanToString(isSame));","lastModifiedDate":"2024-03-16"},{"lineNumber":41,"author":{"gitId":"youyiwan"},"content":"    }","lastModifiedDate":"2024-03-16"},{"lineNumber":42,"author":{"gitId":"youyiwan"},"content":"}","lastModifiedDate":"2024-02-12"}],"authorContributionMap":{"youyiwan":42}},{"path":"src/main/java/UI/EuanUI.java","fileType":"java","lines":[{"lineNumber":1,"author":{"gitId":"youyiwan"},"content":"package UI;","lastModifiedDate":"2024-03-16"},{"lineNumber":2,"author":{"gitId":"youyiwan"},"content":"import java.util.Scanner;","lastModifiedDate":"2024-03-16"},{"lineNumber":3,"author":{"gitId":"youyiwan"},"content":"public class EuanUI {","lastModifiedDate":"2024-03-16"},{"lineNumber":4,"author":{"gitId":"youyiwan"},"content":"","lastModifiedDate":"2024-03-16"},{"lineNumber":5,"author":{"gitId":"youyiwan"},"content":"    public String myInput;","lastModifiedDate":"2024-03-16"},{"lineNumber":6,"author":{"gitId":"youyiwan"},"content":"    public String getInput(){","lastModifiedDate":"2024-03-16"},{"lineNumber":7,"author":{"gitId":"youyiwan"},"content":"        Scanner in \u003d new Scanner(System.in);","lastModifiedDate":"2024-03-16"},{"lineNumber":8,"author":{"gitId":"youyiwan"},"content":"        String line;","lastModifiedDate":"2024-03-16"},{"lineNumber":9,"author":{"gitId":"youyiwan"},"content":"        line \u003d in.nextLine();","lastModifiedDate":"2024-03-16"},{"lineNumber":10,"author":{"gitId":"youyiwan"},"content":"        myInput \u003d line;","lastModifiedDate":"2024-03-16"},{"lineNumber":11,"author":{"gitId":"youyiwan"},"content":"        return myInput;","lastModifiedDate":"2024-03-16"},{"lineNumber":12,"author":{"gitId":"youyiwan"},"content":"    }","lastModifiedDate":"2024-03-16"},{"lineNumber":13,"author":{"gitId":"youyiwan"},"content":"","lastModifiedDate":"2024-03-16"},{"lineNumber":14,"author":{"gitId":"youyiwan"},"content":"    public void greetings(){","lastModifiedDate":"2024-03-16"},{"lineNumber":15,"author":{"gitId":"youyiwan"},"content":"        String name \u003d \"Euan\";","lastModifiedDate":"2024-03-16"},{"lineNumber":16,"author":{"gitId":"youyiwan"},"content":"        System.out.println(\"Hello! I\u0027m \" + name+\"\\n\"+\"What can I do for you?\");","lastModifiedDate":"2024-03-16"},{"lineNumber":17,"author":{"gitId":"youyiwan"},"content":"    }","lastModifiedDate":"2024-03-16"},{"lineNumber":18,"author":{"gitId":"youyiwan"},"content":"","lastModifiedDate":"2024-03-16"},{"lineNumber":19,"author":{"gitId":"youyiwan"},"content":"    public void farewell(){","lastModifiedDate":"2024-03-16"},{"lineNumber":20,"author":{"gitId":"youyiwan"},"content":"        System.out.println(\"Bye. Hope to see you again soon!\");","lastModifiedDate":"2024-03-16"},{"lineNumber":21,"author":{"gitId":"youyiwan"},"content":"    }","lastModifiedDate":"2024-03-16"},{"lineNumber":22,"author":{"gitId":"youyiwan"},"content":"","lastModifiedDate":"2024-03-16"},{"lineNumber":23,"author":{"gitId":"youyiwan"},"content":"}","lastModifiedDate":"2024-03-16"}],"authorContributionMap":{"youyiwan":23}}]
