[{"path":"src/main/java/Deadline.java","fileType":"java","lines":[{"lineNumber":1,"author":{"gitId":"youyiwan"},"content":"public class Deadline extends Task {","lastModifiedDate":"2024-02-12"},{"lineNumber":2,"author":{"gitId":"youyiwan"},"content":"","lastModifiedDate":"2024-02-12"},{"lineNumber":3,"author":{"gitId":"youyiwan"},"content":"    protected String by;","lastModifiedDate":"2024-02-12"},{"lineNumber":4,"author":{"gitId":"youyiwan"},"content":"","lastModifiedDate":"2024-02-12"},{"lineNumber":5,"author":{"gitId":"youyiwan"},"content":"    public Deadline(String description, boolean isDone, String by) {","lastModifiedDate":"2024-02-12"},{"lineNumber":6,"author":{"gitId":"youyiwan"},"content":"        super(description, isDone);","lastModifiedDate":"2024-02-12"},{"lineNumber":7,"author":{"gitId":"youyiwan"},"content":"        this.by \u003d by;","lastModifiedDate":"2024-02-12"},{"lineNumber":8,"author":{"gitId":"youyiwan"},"content":"    }","lastModifiedDate":"2024-02-12"},{"lineNumber":9,"author":{"gitId":"youyiwan"},"content":"","lastModifiedDate":"2024-02-12"},{"lineNumber":10,"author":{"gitId":"youyiwan"},"content":"","lastModifiedDate":"2024-02-12"},{"lineNumber":11,"author":{"gitId":"youyiwan"},"content":"","lastModifiedDate":"2024-02-12"},{"lineNumber":12,"author":{"gitId":"youyiwan"},"content":"    @Override","lastModifiedDate":"2024-02-12"},{"lineNumber":13,"author":{"gitId":"youyiwan"},"content":"    public String markAsDone(){","lastModifiedDate":"2024-02-12"},{"lineNumber":14,"author":{"gitId":"youyiwan"},"content":"        return \"[D][X]\";","lastModifiedDate":"2024-02-12"},{"lineNumber":15,"author":{"gitId":"youyiwan"},"content":"    }","lastModifiedDate":"2024-02-12"},{"lineNumber":16,"author":{"gitId":"youyiwan"},"content":"","lastModifiedDate":"2024-02-12"},{"lineNumber":17,"author":{"gitId":"youyiwan"},"content":"    public String markAsNotDone(){","lastModifiedDate":"2024-02-12"},{"lineNumber":18,"author":{"gitId":"youyiwan"},"content":"        return \"[D][ ]\";","lastModifiedDate":"2024-02-12"},{"lineNumber":19,"author":{"gitId":"youyiwan"},"content":"    }","lastModifiedDate":"2024-02-12"},{"lineNumber":20,"author":{"gitId":"youyiwan"},"content":"","lastModifiedDate":"2024-02-12"},{"lineNumber":21,"author":{"gitId":"youyiwan"},"content":"    public String toString() {","lastModifiedDate":"2024-02-12"},{"lineNumber":22,"author":{"gitId":"youyiwan"},"content":"        if (isDone)","lastModifiedDate":"2024-02-12"},{"lineNumber":23,"author":{"gitId":"youyiwan"},"content":"        {","lastModifiedDate":"2024-02-12"},{"lineNumber":24,"author":{"gitId":"youyiwan"},"content":"            return markAsDone() + description + \" (by: \" + by + \")\";","lastModifiedDate":"2024-02-12"},{"lineNumber":25,"author":{"gitId":"youyiwan"},"content":"        }","lastModifiedDate":"2024-02-12"},{"lineNumber":26,"author":{"gitId":"youyiwan"},"content":"        else return markAsNotDone() + description + \" (by: \" + by + \")\";","lastModifiedDate":"2024-02-12"},{"lineNumber":27,"author":{"gitId":"youyiwan"},"content":"    }","lastModifiedDate":"2024-02-12"},{"lineNumber":28,"author":{"gitId":"youyiwan"},"content":"","lastModifiedDate":"2024-02-12"},{"lineNumber":29,"author":{"gitId":"youyiwan"},"content":"    public String getBy(){","lastModifiedDate":"2024-02-12"},{"lineNumber":30,"author":{"gitId":"youyiwan"},"content":"        return by;","lastModifiedDate":"2024-02-12"},{"lineNumber":31,"author":{"gitId":"youyiwan"},"content":"    }","lastModifiedDate":"2024-02-12"},{"lineNumber":32,"author":{"gitId":"youyiwan"},"content":"","lastModifiedDate":"2024-02-12"},{"lineNumber":33,"author":{"gitId":"youyiwan"},"content":"    public String booleanToString(boolean isDone) {","lastModifiedDate":"2024-02-12"},{"lineNumber":34,"author":{"gitId":"youyiwan"},"content":"","lastModifiedDate":"2024-02-12"},{"lineNumber":35,"author":{"gitId":"youyiwan"},"content":"        if (isDone)","lastModifiedDate":"2024-02-12"},{"lineNumber":36,"author":{"gitId":"youyiwan"},"content":"        {","lastModifiedDate":"2024-02-12"},{"lineNumber":37,"author":{"gitId":"youyiwan"},"content":"            return markAsDone() + super.toString() + \" (by: \" + by + \")\";","lastModifiedDate":"2024-02-12"},{"lineNumber":38,"author":{"gitId":"youyiwan"},"content":"        }","lastModifiedDate":"2024-02-12"},{"lineNumber":39,"author":{"gitId":"youyiwan"},"content":"        else return markAsNotDone() + super.toString() + \" (by: \" + by + \")\";","lastModifiedDate":"2024-02-12"},{"lineNumber":40,"author":{"gitId":"youyiwan"},"content":"    }","lastModifiedDate":"2024-02-12"},{"lineNumber":41,"author":{"gitId":"youyiwan"},"content":"}","lastModifiedDate":"2024-02-12"}],"authorContributionMap":{"youyiwan":41}},{"path":"src/main/java/EuanExceptions.java","fileType":"java","lines":[{"lineNumber":1,"author":{"gitId":"youyiwan"},"content":"public class EuanExceptions extends Exception{","lastModifiedDate":"2024-02-21"},{"lineNumber":2,"author":{"gitId":"youyiwan"},"content":"}","lastModifiedDate":"2024-02-21"}],"authorContributionMap":{"youyiwan":2}},{"path":"src/main/java/Event.java","fileType":"java","lines":[{"lineNumber":1,"author":{"gitId":"youyiwan"},"content":"public class Event extends Task {","lastModifiedDate":"2024-02-12"},{"lineNumber":2,"author":{"gitId":"youyiwan"},"content":"","lastModifiedDate":"2024-02-12"},{"lineNumber":3,"author":{"gitId":"youyiwan"},"content":"","lastModifiedDate":"2024-02-12"},{"lineNumber":4,"author":{"gitId":"youyiwan"},"content":"    protected String from;","lastModifiedDate":"2024-02-12"},{"lineNumber":5,"author":{"gitId":"youyiwan"},"content":"    protected String to;","lastModifiedDate":"2024-02-12"},{"lineNumber":6,"author":{"gitId":"youyiwan"},"content":"","lastModifiedDate":"2024-02-12"},{"lineNumber":7,"author":{"gitId":"youyiwan"},"content":"    public Event(String description, boolean isDone, String from, String to) {","lastModifiedDate":"2024-02-12"},{"lineNumber":8,"author":{"gitId":"youyiwan"},"content":"        super(description, isDone);","lastModifiedDate":"2024-02-12"},{"lineNumber":9,"author":{"gitId":"youyiwan"},"content":"        this.from\u003dfrom;","lastModifiedDate":"2024-02-12"},{"lineNumber":10,"author":{"gitId":"youyiwan"},"content":"        this.to \u003d to;","lastModifiedDate":"2024-02-12"},{"lineNumber":11,"author":{"gitId":"youyiwan"},"content":"    }","lastModifiedDate":"2024-02-12"},{"lineNumber":12,"author":{"gitId":"youyiwan"},"content":"","lastModifiedDate":"2024-02-12"},{"lineNumber":13,"author":{"gitId":"youyiwan"},"content":"    @Override","lastModifiedDate":"2024-02-12"},{"lineNumber":14,"author":{"gitId":"youyiwan"},"content":"    public String markAsDone(){","lastModifiedDate":"2024-02-12"},{"lineNumber":15,"author":{"gitId":"youyiwan"},"content":"        return \"[E][X]\";","lastModifiedDate":"2024-02-12"},{"lineNumber":16,"author":{"gitId":"youyiwan"},"content":"    }","lastModifiedDate":"2024-02-12"},{"lineNumber":17,"author":{"gitId":"youyiwan"},"content":"","lastModifiedDate":"2024-02-12"},{"lineNumber":18,"author":{"gitId":"youyiwan"},"content":"    public String markAsNotDone(){","lastModifiedDate":"2024-02-12"},{"lineNumber":19,"author":{"gitId":"youyiwan"},"content":"        return \"[E][ ]\";","lastModifiedDate":"2024-02-12"},{"lineNumber":20,"author":{"gitId":"youyiwan"},"content":"    }","lastModifiedDate":"2024-02-12"},{"lineNumber":21,"author":{"gitId":"youyiwan"},"content":"","lastModifiedDate":"2024-02-12"},{"lineNumber":22,"author":{"gitId":"youyiwan"},"content":"    public String toString() {","lastModifiedDate":"2024-02-12"},{"lineNumber":23,"author":{"gitId":"youyiwan"},"content":"        if (isDone)","lastModifiedDate":"2024-02-12"},{"lineNumber":24,"author":{"gitId":"youyiwan"},"content":"        {","lastModifiedDate":"2024-02-12"},{"lineNumber":25,"author":{"gitId":"youyiwan"},"content":"            return markAsDone() + description + \" (from: \" + from + \"to: \" + to + \")\";","lastModifiedDate":"2024-02-12"},{"lineNumber":26,"author":{"gitId":"youyiwan"},"content":"        }","lastModifiedDate":"2024-02-12"},{"lineNumber":27,"author":{"gitId":"youyiwan"},"content":"        else return markAsNotDone() + description + \" (from: \" + from + \"to: \" + to + \")\";","lastModifiedDate":"2024-02-12"},{"lineNumber":28,"author":{"gitId":"youyiwan"},"content":"    }","lastModifiedDate":"2024-02-12"},{"lineNumber":29,"author":{"gitId":"youyiwan"},"content":"","lastModifiedDate":"2024-02-12"},{"lineNumber":30,"author":{"gitId":"youyiwan"},"content":"    public String getFrom(){","lastModifiedDate":"2024-02-12"},{"lineNumber":31,"author":{"gitId":"youyiwan"},"content":"        return from;","lastModifiedDate":"2024-02-12"},{"lineNumber":32,"author":{"gitId":"youyiwan"},"content":"    }","lastModifiedDate":"2024-02-12"},{"lineNumber":33,"author":{"gitId":"youyiwan"},"content":"    public String getTo(){","lastModifiedDate":"2024-02-12"},{"lineNumber":34,"author":{"gitId":"youyiwan"},"content":"        return to;","lastModifiedDate":"2024-02-12"},{"lineNumber":35,"author":{"gitId":"youyiwan"},"content":"    }","lastModifiedDate":"2024-02-12"},{"lineNumber":36,"author":{"gitId":"youyiwan"},"content":"","lastModifiedDate":"2024-02-12"},{"lineNumber":37,"author":{"gitId":"youyiwan"},"content":"","lastModifiedDate":"2024-02-12"},{"lineNumber":38,"author":{"gitId":"youyiwan"},"content":"    public String booleanToString(boolean isDone) {","lastModifiedDate":"2024-02-12"},{"lineNumber":39,"author":{"gitId":"youyiwan"},"content":"","lastModifiedDate":"2024-02-12"},{"lineNumber":40,"author":{"gitId":"youyiwan"},"content":"        if (isDone)","lastModifiedDate":"2024-02-12"},{"lineNumber":41,"author":{"gitId":"youyiwan"},"content":"        {","lastModifiedDate":"2024-02-12"},{"lineNumber":42,"author":{"gitId":"youyiwan"},"content":"            return markAsDone() + super.toString() + \" (from: \" + from + \"to: \" + to + \")\";","lastModifiedDate":"2024-02-12"},{"lineNumber":43,"author":{"gitId":"youyiwan"},"content":"        }","lastModifiedDate":"2024-02-12"},{"lineNumber":44,"author":{"gitId":"youyiwan"},"content":"        else return markAsNotDone() + super.toString() + \" (from: \" + from + \"to: \" + to + \")\";","lastModifiedDate":"2024-02-12"},{"lineNumber":45,"author":{"gitId":"youyiwan"},"content":"    }","lastModifiedDate":"2024-02-12"},{"lineNumber":46,"author":{"gitId":"youyiwan"},"content":"}","lastModifiedDate":"2024-02-12"}],"authorContributionMap":{"youyiwan":46}},{"path":"src/main/java/Main.java","fileType":"java","lines":[{"lineNumber":1,"author":{"gitId":"youyiwan"},"content":"import java.util.Scanner;","lastModifiedDate":"2024-01-29"},{"lineNumber":2,"author":{"gitId":"youyiwan"},"content":"import java.util.ArrayList;","lastModifiedDate":"2024-02-21"},{"lineNumber":3,"author":{"gitId":"youyiwan"},"content":"import java.util.Map;","lastModifiedDate":"2024-02-03"},{"lineNumber":4,"author":{"gitId":"youyiwan"},"content":"import java.util.HashMap;","lastModifiedDate":"2024-02-03"},{"lineNumber":5,"author":{"gitId":"youyiwan"},"content":"public class Main {","lastModifiedDate":"2024-01-28"},{"lineNumber":6,"author":{"gitId":"youyiwan"},"content":"    public static Task[] myTask \u003d new Task[100];","lastModifiedDate":"2024-02-04"},{"lineNumber":7,"author":{"gitId":"youyiwan"},"content":"    public static HashMap\u003cInteger, Task\u003e taskMap \u003d new HashMap\u003cInteger, Task\u003e ();","lastModifiedDate":"2024-02-04"},{"lineNumber":8,"author":{"gitId":"youyiwan"},"content":"    private static int taskCount \u003d 0;","lastModifiedDate":"2024-02-04"},{"lineNumber":9,"author":{"gitId":"youyiwan"},"content":"    public static void addTask(Task m){","lastModifiedDate":"2024-02-04"},{"lineNumber":10,"author":{"gitId":"youyiwan"},"content":"        myTask[taskCount] \u003d m;","lastModifiedDate":"2024-02-04"},{"lineNumber":11,"author":{"gitId":"youyiwan"},"content":"        taskCount++;","lastModifiedDate":"2024-02-04"},{"lineNumber":12,"author":{"gitId":"youyiwan"},"content":"    }","lastModifiedDate":"2024-01-29"},{"lineNumber":13,"author":{"gitId":"youyiwan"},"content":"","lastModifiedDate":"2024-02-21"},{"lineNumber":14,"author":{"gitId":"youyiwan"},"content":"","lastModifiedDate":"2024-02-21"},{"lineNumber":15,"author":{"gitId":"youyiwan"},"content":"    public static void main(String[] args) {","lastModifiedDate":"2024-01-28"},{"lineNumber":16,"author":{"gitId":"youyiwan"},"content":"        ArrayList keyWords \u003d new ArrayList();","lastModifiedDate":"2024-02-21"},{"lineNumber":17,"author":{"gitId":"youyiwan"},"content":"        keyWords.add(\"Bye\");","lastModifiedDate":"2024-02-21"},{"lineNumber":18,"author":{"gitId":"youyiwan"},"content":"        keyWords.add(\"bye\");","lastModifiedDate":"2024-02-21"},{"lineNumber":19,"author":{"gitId":"youyiwan"},"content":"        keyWords.add(\"List\");","lastModifiedDate":"2024-02-21"},{"lineNumber":20,"author":{"gitId":"youyiwan"},"content":"        keyWords.add(\"list\");","lastModifiedDate":"2024-02-21"},{"lineNumber":21,"author":{"gitId":"youyiwan"},"content":"        keyWords.add(\"Mark\");","lastModifiedDate":"2024-02-21"},{"lineNumber":22,"author":{"gitId":"youyiwan"},"content":"        keyWords.add(\"mark\");","lastModifiedDate":"2024-02-21"},{"lineNumber":23,"author":{"gitId":"youyiwan"},"content":"        keyWords.add(\"Unmark\");","lastModifiedDate":"2024-02-21"},{"lineNumber":24,"author":{"gitId":"youyiwan"},"content":"        keyWords.add(\"unmark\");","lastModifiedDate":"2024-02-21"},{"lineNumber":25,"author":{"gitId":"youyiwan"},"content":"        keyWords.add(\"Delete\");","lastModifiedDate":"2024-02-24"},{"lineNumber":26,"author":{"gitId":"youyiwan"},"content":"        keyWords.add(\"delete\");","lastModifiedDate":"2024-02-24"},{"lineNumber":27,"author":{"gitId":"youyiwan"},"content":"","lastModifiedDate":"2024-02-21"},{"lineNumber":28,"author":{"gitId":"youyiwan"},"content":"        ArrayList\u003cInteger\u003e key \u003d new ArrayList\u003cInteger\u003e(100);","lastModifiedDate":"2024-02-21"},{"lineNumber":29,"author":{"gitId":"youyiwan"},"content":"        for (int i \u003d 1; i \u003c\u003d 100; i++)","lastModifiedDate":"2024-02-21"},{"lineNumber":30,"author":{"gitId":"youyiwan"},"content":"        {","lastModifiedDate":"2024-02-21"},{"lineNumber":31,"author":{"gitId":"youyiwan"},"content":"            key.add(i);","lastModifiedDate":"2024-02-21"},{"lineNumber":32,"author":{"gitId":"youyiwan"},"content":"        }","lastModifiedDate":"2024-02-21"},{"lineNumber":33,"author":{"gitId":"youyiwan"},"content":"","lastModifiedDate":"2024-02-21"},{"lineNumber":34,"author":{"gitId":"youyiwan"},"content":"        int error \u003d 0;","lastModifiedDate":"2024-02-21"},{"lineNumber":35,"author":{"gitId":"youyiwan"},"content":"        String line;","lastModifiedDate":"2024-01-29"},{"lineNumber":36,"author":{"gitId":"youyiwan"},"content":"        boolean isSame \u003d false;","lastModifiedDate":"2024-02-03"},{"lineNumber":37,"author":{"gitId":"youyiwan"},"content":"        Scanner in \u003d new Scanner(System.in);","lastModifiedDate":"2024-01-29"},{"lineNumber":38,"author":{"gitId":"youyiwan"},"content":"        String name \u003d \"Euan\";","lastModifiedDate":"2024-01-28"},{"lineNumber":39,"author":{"gitId":"youyiwan"},"content":"        System.out.println(\"Hello! I\u0027m \" + name+\"\\n\"+\"What can I do for you?\");","lastModifiedDate":"2024-01-28"},{"lineNumber":40,"author":{"gitId":"youyiwan"},"content":"            while(true)","lastModifiedDate":"2024-01-29"},{"lineNumber":41,"author":{"gitId":"youyiwan"},"content":"            {","lastModifiedDate":"2024-01-29"},{"lineNumber":42,"author":{"gitId":"youyiwan"},"content":"                line \u003d in.nextLine();","lastModifiedDate":"2024-01-29"},{"lineNumber":43,"author":{"gitId":"youyiwan"},"content":"                String newline \u003d line.trim();","lastModifiedDate":"2024-02-21"},{"lineNumber":44,"author":{"gitId":"youyiwan"},"content":"                isSame \u003d false;","lastModifiedDate":"2024-02-03"},{"lineNumber":45,"author":{"gitId":"youyiwan"},"content":"                ////// EXCEPTION HANDLING //////","lastModifiedDate":"2024-02-21"},{"lineNumber":46,"author":{"gitId":"youyiwan"},"content":"                    try {","lastModifiedDate":"2024-02-21"},{"lineNumber":47,"author":{"gitId":"youyiwan"},"content":"                        if(line.isEmpty()) {","lastModifiedDate":"2024-02-21"},{"lineNumber":48,"author":{"gitId":"youyiwan"},"content":"                            error \u003d 1;","lastModifiedDate":"2024-02-21"},{"lineNumber":49,"author":{"gitId":"youyiwan"},"content":"                            throw new EuanExceptions();","lastModifiedDate":"2024-02-21"},{"lineNumber":50,"author":{"gitId":"youyiwan"},"content":"                        }","lastModifiedDate":"2024-02-21"},{"lineNumber":51,"author":{"gitId":"youyiwan"},"content":"                        else if ( !keyWords.contains( line ) ){","lastModifiedDate":"2024-02-21"},{"lineNumber":52,"author":{"gitId":"youyiwan"},"content":"                            if ( line.length() \u003c\u003d 4){","lastModifiedDate":"2024-02-21"},{"lineNumber":53,"author":{"gitId":"youyiwan"},"content":"                                error \u003d 2;","lastModifiedDate":"2024-02-21"},{"lineNumber":54,"author":{"gitId":"youyiwan"},"content":"                                throw new EuanExceptions();","lastModifiedDate":"2024-02-21"},{"lineNumber":55,"author":{"gitId":"youyiwan"},"content":"                            }","lastModifiedDate":"2024-02-21"},{"lineNumber":56,"author":{"gitId":"youyiwan"},"content":"                        }","lastModifiedDate":"2024-02-21"},{"lineNumber":57,"author":{"gitId":"youyiwan"},"content":"                    }","lastModifiedDate":"2024-02-21"},{"lineNumber":58,"author":{"gitId":"youyiwan"},"content":"                    catch (EuanExceptions e) {","lastModifiedDate":"2024-02-21"},{"lineNumber":59,"author":{"gitId":"youyiwan"},"content":"                        if (error \u003d\u003d 1){","lastModifiedDate":"2024-02-21"},{"lineNumber":60,"author":{"gitId":"youyiwan"},"content":"                            System.out.println(\"Congratulations! You have created in an empty task. There is nothing for you to do.\");","lastModifiedDate":"2024-02-21"},{"lineNumber":61,"author":{"gitId":"youyiwan"},"content":"                            System.out.println(\"If this is a typo. Please try again.\");","lastModifiedDate":"2024-02-21"},{"lineNumber":62,"author":{"gitId":"youyiwan"},"content":"                            continue;","lastModifiedDate":"2024-02-21"},{"lineNumber":63,"author":{"gitId":"youyiwan"},"content":"                        }","lastModifiedDate":"2024-02-21"},{"lineNumber":64,"author":{"gitId":"youyiwan"},"content":"                        else if (error \u003d\u003d 2){","lastModifiedDate":"2024-02-21"},{"lineNumber":65,"author":{"gitId":"youyiwan"},"content":"                            System.out.println(\"Sorry, I do not understand.\");","lastModifiedDate":"2024-02-21"},{"lineNumber":66,"author":{"gitId":"youyiwan"},"content":"                            continue;","lastModifiedDate":"2024-02-21"},{"lineNumber":67,"author":{"gitId":"youyiwan"},"content":"                        }","lastModifiedDate":"2024-02-21"},{"lineNumber":68,"author":{"gitId":"youyiwan"},"content":"                    }","lastModifiedDate":"2024-02-21"},{"lineNumber":69,"author":{"gitId":"youyiwan"},"content":"                ////// END OF EXCEPTION HANDLING //////","lastModifiedDate":"2024-02-21"},{"lineNumber":70,"author":{"gitId":"youyiwan"},"content":"                if (line.equalsIgnoreCase(\"bye\")) // 1. Exit application","lastModifiedDate":"2024-02-04"},{"lineNumber":71,"author":{"gitId":"youyiwan"},"content":"                {","lastModifiedDate":"2024-01-29"},{"lineNumber":72,"author":{"gitId":"youyiwan"},"content":"                    System.out.println(\"Bye. Hope to see you again soon!\");","lastModifiedDate":"2024-01-28"},{"lineNumber":73,"author":{"gitId":"youyiwan"},"content":"                    break;","lastModifiedDate":"2024-01-29"},{"lineNumber":74,"author":{"gitId":"youyiwan"},"content":"                }","lastModifiedDate":"2024-01-29"},{"lineNumber":75,"author":{"gitId":"youyiwan"},"content":"                else if(line.equalsIgnoreCase(\"list\")) // 2. Print Task","lastModifiedDate":"2024-02-04"},{"lineNumber":76,"author":{"gitId":"youyiwan"},"content":"                {","lastModifiedDate":"2024-01-29"},{"lineNumber":77,"author":{"gitId":"youyiwan"},"content":"                    for (HashMap.Entry\u003cInteger,Task\u003e entry : taskMap.entrySet()){","lastModifiedDate":"2024-02-04"},{"lineNumber":78,"author":{"gitId":"youyiwan"},"content":"                            System.out.println( entry.getKey() + \".\" + entry.getValue().toString());","lastModifiedDate":"2024-02-12"},{"lineNumber":79,"author":{"gitId":"youyiwan"},"content":"                    }","lastModifiedDate":"2024-01-29"},{"lineNumber":80,"author":{"gitId":"youyiwan"},"content":"                }","lastModifiedDate":"2024-02-03"},{"lineNumber":81,"author":{"gitId":"youyiwan"},"content":"                else if( line.length() \u003e\u003d 4 \u0026\u0026  line.substring(0,4).equalsIgnoreCase(\"mark\") ){    // 3. mark task as done","lastModifiedDate":"2024-02-04"},{"lineNumber":82,"author":{"gitId":"youyiwan"},"content":"                    String[] words \u003d line.split(\" \");","lastModifiedDate":"2024-02-03"},{"lineNumber":83,"author":{"gitId":"youyiwan"},"content":"                    boolean isDone \u003d true;","lastModifiedDate":"2024-02-04"},{"lineNumber":84,"author":{"gitId":"youyiwan"},"content":"","lastModifiedDate":"2024-02-03"},{"lineNumber":85,"author":{"gitId":"youyiwan"},"content":"                    // check if key exist if not prompt user to check the list again","lastModifiedDate":"2024-02-03"},{"lineNumber":86,"author":{"gitId":"youyiwan"},"content":"                    if(taskMap.containsKey(Integer.valueOf(words[1])))","lastModifiedDate":"2024-02-04"},{"lineNumber":87,"author":{"gitId":"youyiwan"},"content":"                    {","lastModifiedDate":"2024-02-03"},{"lineNumber":88,"author":{"gitId":"youyiwan"},"content":"                        for (HashMap.Entry\u003cInteger,Task\u003e entry : taskMap.entrySet()){","lastModifiedDate":"2024-02-04"},{"lineNumber":89,"author":{"gitId":"youyiwan"},"content":"                            if(entry.getKey().equals(Integer.valueOf(words[1])))","lastModifiedDate":"2024-02-12"},{"lineNumber":90,"author":{"gitId":"youyiwan"},"content":"                            {","lastModifiedDate":"2024-02-03"},{"lineNumber":91,"author":{"gitId":"youyiwan"},"content":"                                System.out.println(\"Nice! I\u0027ve marked this task as done:\");","lastModifiedDate":"2024-02-03"},{"lineNumber":92,"author":{"gitId":"youyiwan"},"content":"                                if(entry.getValue().markAsDone().startsWith(\"[D]\")){   // Here you need to check if its deadline, event or todo","lastModifiedDate":"2024-02-12"},{"lineNumber":93,"author":{"gitId":"youyiwan"},"content":"                                    Deadline d \u003d new Deadline( entry.getValue().getDescription(), isDone, entry.getValue().getBy());","lastModifiedDate":"2024-02-12"},{"lineNumber":94,"author":{"gitId":"youyiwan"},"content":"                                    taskMap.put(entry.getKey(), d);","lastModifiedDate":"2024-02-12"},{"lineNumber":95,"author":{"gitId":"youyiwan"},"content":"                                    System.out.println(d);","lastModifiedDate":"2024-02-12"},{"lineNumber":96,"author":{"gitId":"youyiwan"},"content":"                                }","lastModifiedDate":"2024-02-12"},{"lineNumber":97,"author":{"gitId":"youyiwan"},"content":"                                else if (entry.getValue().markAsDone().startsWith(\"[E]\")) {","lastModifiedDate":"2024-02-12"},{"lineNumber":98,"author":{"gitId":"youyiwan"},"content":"                                    Event e \u003d new Event( entry.getValue().getDescription(), isDone, entry.getValue().getFrom(), entry.getValue().getTo());","lastModifiedDate":"2024-02-12"},{"lineNumber":99,"author":{"gitId":"youyiwan"},"content":"                                    taskMap.put(entry.getKey(), e);","lastModifiedDate":"2024-02-12"},{"lineNumber":100,"author":{"gitId":"youyiwan"},"content":"                                    System.out.println(e);","lastModifiedDate":"2024-02-12"},{"lineNumber":101,"author":{"gitId":"youyiwan"},"content":"                                }","lastModifiedDate":"2024-02-12"},{"lineNumber":102,"author":{"gitId":"youyiwan"},"content":"                                else {","lastModifiedDate":"2024-02-12"},{"lineNumber":103,"author":{"gitId":"youyiwan"},"content":"                                    Todo t \u003d new Todo(entry.getValue().description, isDone);","lastModifiedDate":"2024-02-12"},{"lineNumber":104,"author":{"gitId":"youyiwan"},"content":"                                    taskMap.put( entry.getKey() , t);","lastModifiedDate":"2024-02-12"},{"lineNumber":105,"author":{"gitId":"youyiwan"},"content":"                                    System.out.println(t);","lastModifiedDate":"2024-02-12"},{"lineNumber":106,"author":{"gitId":"youyiwan"},"content":"                                }","lastModifiedDate":"2024-02-12"},{"lineNumber":107,"author":{"gitId":"youyiwan"},"content":"                            }","lastModifiedDate":"2024-02-03"},{"lineNumber":108,"author":{"gitId":"youyiwan"},"content":"                        }","lastModifiedDate":"2024-02-03"},{"lineNumber":109,"author":{"gitId":"youyiwan"},"content":"                    }","lastModifiedDate":"2024-02-03"},{"lineNumber":110,"author":{"gitId":"youyiwan"},"content":"                    else System.out.println(\"No such task, please check the list\");","lastModifiedDate":"2024-02-03"},{"lineNumber":111,"author":{"gitId":"youyiwan"},"content":"                }","lastModifiedDate":"2024-02-03"},{"lineNumber":112,"author":{"gitId":"youyiwan"},"content":"                else if( line.length() \u003e\u003d 6 \u0026\u0026 line.substring(0,6).equalsIgnoreCase(\"unmark\") ){ // 4. unmark task","lastModifiedDate":"2024-02-04"},{"lineNumber":113,"author":{"gitId":"youyiwan"},"content":"                    String[] words \u003d line.split(\" \");","lastModifiedDate":"2024-02-03"},{"lineNumber":114,"author":{"gitId":"youyiwan"},"content":"                    boolean isDone \u003d false;","lastModifiedDate":"2024-02-04"},{"lineNumber":115,"author":{"gitId":"youyiwan"},"content":"                    // check if key exist if not prompt user to check the task again","lastModifiedDate":"2024-02-04"},{"lineNumber":116,"author":{"gitId":"youyiwan"},"content":"                    if(taskMap.containsKey(Integer.valueOf(words[1]))){","lastModifiedDate":"2024-02-04"},{"lineNumber":117,"author":{"gitId":"youyiwan"},"content":"                        for (HashMap.Entry\u003cInteger,Task\u003e entry : taskMap.entrySet()){","lastModifiedDate":"2024-02-04"},{"lineNumber":118,"author":{"gitId":"youyiwan"},"content":"                            if(entry.getKey().equals(Integer.valueOf(words[1])) )","lastModifiedDate":"2024-02-12"},{"lineNumber":119,"author":{"gitId":"youyiwan"},"content":"                            {","lastModifiedDate":"2024-02-03"},{"lineNumber":120,"author":{"gitId":"youyiwan"},"content":"                                System.out.println(\"OK, I\u0027ve marked this task as not done yet\");","lastModifiedDate":"2024-02-03"},{"lineNumber":121,"author":{"gitId":"youyiwan"},"content":"                                if(entry.getValue().markAsDone().startsWith(\"[D]\")){   // Here you need to check if its deadline, event or ...","lastModifiedDate":"2024-02-12"},{"lineNumber":122,"author":{"gitId":"youyiwan"},"content":"                                    Deadline d \u003d new Deadline( entry.getValue().getDescription(), isDone, entry.getValue().getBy());","lastModifiedDate":"2024-02-12"},{"lineNumber":123,"author":{"gitId":"youyiwan"},"content":"                                    taskMap.put(entry.getKey(), d);","lastModifiedDate":"2024-02-12"},{"lineNumber":124,"author":{"gitId":"youyiwan"},"content":"                                    System.out.println(d);","lastModifiedDate":"2024-02-12"},{"lineNumber":125,"author":{"gitId":"youyiwan"},"content":"                                }","lastModifiedDate":"2024-02-12"},{"lineNumber":126,"author":{"gitId":"youyiwan"},"content":"                                else if (entry.getValue().markAsDone().startsWith(\"[E]\")){","lastModifiedDate":"2024-02-12"},{"lineNumber":127,"author":{"gitId":"youyiwan"},"content":"                                    Event e \u003d new Event( entry.getValue().getDescription(), isDone, entry.getValue().getFrom(), entry.getValue().getTo());","lastModifiedDate":"2024-02-12"},{"lineNumber":128,"author":{"gitId":"youyiwan"},"content":"                                    taskMap.put(entry.getKey(), e);","lastModifiedDate":"2024-02-12"},{"lineNumber":129,"author":{"gitId":"youyiwan"},"content":"                                    System.out.println(e);","lastModifiedDate":"2024-02-12"},{"lineNumber":130,"author":{"gitId":"youyiwan"},"content":"                                }","lastModifiedDate":"2024-02-12"},{"lineNumber":131,"author":{"gitId":"youyiwan"},"content":"                                else {","lastModifiedDate":"2024-02-12"},{"lineNumber":132,"author":{"gitId":"youyiwan"},"content":"                                    Todo t \u003d new Todo(entry.getValue().description, isDone);","lastModifiedDate":"2024-02-12"},{"lineNumber":133,"author":{"gitId":"youyiwan"},"content":"                                    taskMap.put( Integer.valueOf(words[1]) , t);","lastModifiedDate":"2024-02-12"},{"lineNumber":134,"author":{"gitId":"youyiwan"},"content":"                                    System.out.println(t);","lastModifiedDate":"2024-02-12"},{"lineNumber":135,"author":{"gitId":"youyiwan"},"content":"                                }","lastModifiedDate":"2024-02-12"},{"lineNumber":136,"author":{"gitId":"youyiwan"},"content":"                            }","lastModifiedDate":"2024-02-03"},{"lineNumber":137,"author":{"gitId":"youyiwan"},"content":"                        }","lastModifiedDate":"2024-02-03"},{"lineNumber":138,"author":{"gitId":"youyiwan"},"content":"                    }","lastModifiedDate":"2024-02-03"},{"lineNumber":139,"author":{"gitId":"youyiwan"},"content":"                    else System.out.println(\"No such task, please check the list\");","lastModifiedDate":"2024-02-03"},{"lineNumber":140,"author":{"gitId":"youyiwan"},"content":"                }","lastModifiedDate":"2024-01-29"},{"lineNumber":141,"author":{"gitId":"youyiwan"},"content":"                else if( line.length() \u003e\u003d 6 \u0026\u0026 line.substring(0,6).equalsIgnoreCase(\"delete\") ){ // 5. delete task","lastModifiedDate":"2024-02-24"},{"lineNumber":142,"author":{"gitId":"youyiwan"},"content":"                    String[] words \u003d line.split(\" \");","lastModifiedDate":"2024-02-24"},{"lineNumber":143,"author":{"gitId":"youyiwan"},"content":"                    System.out.println(\"Noted. I\u0027ve removed this task\");","lastModifiedDate":"2024-02-24"},{"lineNumber":144,"author":{"gitId":"youyiwan"},"content":"                    for (HashMap.Entry\u003cInteger,Task\u003e entry : taskMap.entrySet()) {","lastModifiedDate":"2024-02-24"},{"lineNumber":145,"author":{"gitId":"youyiwan"},"content":"                        if (entry.getKey().equals(Integer.valueOf(words[1]))) {","lastModifiedDate":"2024-02-24"},{"lineNumber":146,"author":{"gitId":"youyiwan"},"content":"                            System.out.println(entry.getValue());","lastModifiedDate":"2024-02-24"},{"lineNumber":147,"author":{"gitId":"youyiwan"},"content":"                        }","lastModifiedDate":"2024-02-24"},{"lineNumber":148,"author":{"gitId":"youyiwan"},"content":"                    }","lastModifiedDate":"2024-02-24"},{"lineNumber":149,"author":{"gitId":"youyiwan"},"content":"                    taskMap.remove(Integer.valueOf(words[1]));","lastModifiedDate":"2024-02-24"},{"lineNumber":150,"author":{"gitId":"youyiwan"},"content":"                    taskCount--;","lastModifiedDate":"2024-02-24"},{"lineNumber":151,"author":{"gitId":"youyiwan"},"content":"                    System.out.println(\"Now you have \" + taskCount + \" tasks in the list.\");","lastModifiedDate":"2024-02-24"},{"lineNumber":152,"author":{"gitId":"youyiwan"},"content":"                    /// Update Keys so that the list is in running order ///","lastModifiedDate":"2024-02-24"},{"lineNumber":153,"author":{"gitId":"youyiwan"},"content":"                    if (taskMap.size() \u003d\u003d 1)","lastModifiedDate":"2024-02-24"},{"lineNumber":154,"author":{"gitId":"youyiwan"},"content":"                    {","lastModifiedDate":"2024-02-24"},{"lineNumber":155,"author":{"gitId":"youyiwan"},"content":"                        taskMap.put(1, taskMap.get(2));","lastModifiedDate":"2024-02-24"},{"lineNumber":156,"author":{"gitId":"youyiwan"},"content":"                        taskMap.remove(2);","lastModifiedDate":"2024-02-24"},{"lineNumber":157,"author":{"gitId":"youyiwan"},"content":"                    }","lastModifiedDate":"2024-02-24"},{"lineNumber":158,"author":{"gitId":"youyiwan"},"content":"                    else { // Assuming order is not important, last in list will take the rank of the deleted key","lastModifiedDate":"2024-02-24"},{"lineNumber":159,"author":{"gitId":"youyiwan"},"content":"                        taskMap.put(Integer.parseInt(words[1]), taskMap.get(taskMap.size()+1));","lastModifiedDate":"2024-02-24"},{"lineNumber":160,"author":{"gitId":"youyiwan"},"content":"                        taskMap.remove(taskMap.size());","lastModifiedDate":"2024-02-24"},{"lineNumber":161,"author":{"gitId":"youyiwan"},"content":"                    }","lastModifiedDate":"2024-02-24"},{"lineNumber":162,"author":{"gitId":"youyiwan"},"content":"                    /////////////////// End of Update Keys ////////////////","lastModifiedDate":"2024-02-24"},{"lineNumber":163,"author":{"gitId":"youyiwan"},"content":"                }","lastModifiedDate":"2024-02-24"},{"lineNumber":164,"author":{"gitId":"youyiwan"},"content":"                else {","lastModifiedDate":"2024-01-29"},{"lineNumber":165,"author":{"gitId":"youyiwan"},"content":"                     // 6. check for duplicate task","lastModifiedDate":"2024-02-24"},{"lineNumber":166,"author":{"gitId":"youyiwan"},"content":"                    for (HashMap.Entry\u003cInteger,Task\u003e entry : taskMap.entrySet() ){","lastModifiedDate":"2024-02-04"},{"lineNumber":167,"author":{"gitId":"youyiwan"},"content":"                        String str1 \u003d entry.getValue().description;","lastModifiedDate":"2024-02-12"},{"lineNumber":168,"author":{"gitId":"youyiwan"},"content":"                        isSame \u003d str1.equals(line);","lastModifiedDate":"2024-02-03"},{"lineNumber":169,"author":{"gitId":"youyiwan"},"content":"                        if( isSame ) ;","lastModifiedDate":"2024-02-12"},{"lineNumber":170,"author":{"gitId":"youyiwan"},"content":"                        {","lastModifiedDate":"2024-02-03"},{"lineNumber":171,"author":{"gitId":"youyiwan"},"content":"                            break;","lastModifiedDate":"2024-02-03"},{"lineNumber":172,"author":{"gitId":"youyiwan"},"content":"                        }","lastModifiedDate":"2024-02-03"},{"lineNumber":173,"author":{"gitId":"youyiwan"},"content":"                    }","lastModifiedDate":"2024-02-03"},{"lineNumber":174,"author":{"gitId":"youyiwan"},"content":"                    if (!isSame) { // 7. if false create new entry","lastModifiedDate":"2024-02-24"},{"lineNumber":175,"author":{"gitId":"youyiwan"},"content":"                        int dividerFirstSpace \u003d line.indexOf(\u0027 \u0027);","lastModifiedDate":"2024-02-12"},{"lineNumber":176,"author":{"gitId":"youyiwan"},"content":"                        System.out.println(\"Got it. I\u0027ve added this task:\");","lastModifiedDate":"2024-02-12"},{"lineNumber":177,"author":{"gitId":"youyiwan"},"content":"                        if (line.substring(0,dividerFirstSpace).equalsIgnoreCase(\"deadline\"))","lastModifiedDate":"2024-02-12"},{"lineNumber":178,"author":{"gitId":"youyiwan"},"content":"                        {","lastModifiedDate":"2024-02-12"},{"lineNumber":179,"author":{"gitId":"youyiwan"},"content":"                            int dividerBy \u003d line.indexOf(\"/by \");","lastModifiedDate":"2024-02-12"},{"lineNumber":180,"author":{"gitId":"youyiwan"},"content":"                            String taskDescription \u003d line.substring(dividerFirstSpace, dividerBy);","lastModifiedDate":"2024-02-12"},{"lineNumber":181,"author":{"gitId":"youyiwan"},"content":"                            String byDescription \u003d line.substring(dividerBy).replace(\"/by \", \"\");","lastModifiedDate":"2024-02-12"},{"lineNumber":182,"author":{"gitId":"youyiwan"},"content":"                            Deadline d \u003d new Deadline( taskDescription, isSame, byDescription ); // Create new object of Deadline class","lastModifiedDate":"2024-02-12"},{"lineNumber":183,"author":{"gitId":"youyiwan"},"content":"                            addTask(d); // Add object to Task[]","lastModifiedDate":"2024-02-12"},{"lineNumber":184,"author":{"gitId":"youyiwan"},"content":"                            taskMap.put(taskCount, d); // store deadline object in map","lastModifiedDate":"2024-02-12"},{"lineNumber":185,"author":{"gitId":"youyiwan"},"content":"","lastModifiedDate":"2024-02-12"},{"lineNumber":186,"author":{"gitId":"youyiwan"},"content":"                            System.out.println(d.booleanToString(isSame));","lastModifiedDate":"2024-02-12"},{"lineNumber":187,"author":{"gitId":"youyiwan"},"content":"                        }","lastModifiedDate":"2024-02-12"},{"lineNumber":188,"author":{"gitId":"youyiwan"},"content":"                        else if (line.substring(0,dividerFirstSpace).equalsIgnoreCase(\"event\"))","lastModifiedDate":"2024-02-12"},{"lineNumber":189,"author":{"gitId":"youyiwan"},"content":"                        {","lastModifiedDate":"2024-02-12"},{"lineNumber":190,"author":{"gitId":"youyiwan"},"content":"                            int dividerFrom \u003d line.indexOf(\"/from \");","lastModifiedDate":"2024-02-12"},{"lineNumber":191,"author":{"gitId":"youyiwan"},"content":"                            int dividerTo \u003d line.indexOf(\"/to \");","lastModifiedDate":"2024-02-12"},{"lineNumber":192,"author":{"gitId":"youyiwan"},"content":"                            String taskDescription \u003d line.substring(dividerFirstSpace, dividerFrom);","lastModifiedDate":"2024-02-12"},{"lineNumber":193,"author":{"gitId":"youyiwan"},"content":"                            String from \u003d line.substring(dividerFrom, dividerTo).replace(\"/from \", \"\");;","lastModifiedDate":"2024-02-12"},{"lineNumber":194,"author":{"gitId":"youyiwan"},"content":"                            String to \u003d line.substring(dividerTo).replace(\"/to \", \"\");","lastModifiedDate":"2024-02-12"},{"lineNumber":195,"author":{"gitId":"youyiwan"},"content":"                            Event e \u003d new Event( taskDescription, isSame, from, to ); // Create new object of Deadline class","lastModifiedDate":"2024-02-12"},{"lineNumber":196,"author":{"gitId":"youyiwan"},"content":"                            addTask(e); // Add object to Task[]","lastModifiedDate":"2024-02-12"},{"lineNumber":197,"author":{"gitId":"youyiwan"},"content":"                            taskMap.put(taskCount, e); // store deadline object in map","lastModifiedDate":"2024-02-12"},{"lineNumber":198,"author":{"gitId":"youyiwan"},"content":"                            System.out.println(e.booleanToString(isSame));","lastModifiedDate":"2024-02-12"},{"lineNumber":199,"author":{"gitId":"youyiwan"},"content":"                        }","lastModifiedDate":"2024-02-12"},{"lineNumber":200,"author":{"gitId":"youyiwan"},"content":"                        else {","lastModifiedDate":"2024-02-12"},{"lineNumber":201,"author":{"gitId":"youyiwan"},"content":"                            Todo t \u003d new Todo(line, isSame); // Create new object of Todo class","lastModifiedDate":"2024-02-24"},{"lineNumber":202,"author":{"gitId":"youyiwan"},"content":"                            addTask(t); // Add object to Task[]","lastModifiedDate":"2024-02-04"},{"lineNumber":203,"author":{"gitId":"youyiwan"},"content":"                            taskMap.put(taskCount, t);","lastModifiedDate":"2024-02-04"},{"lineNumber":204,"author":{"gitId":"youyiwan"},"content":"                            System.out.println(t.booleanToString(isSame));","lastModifiedDate":"2024-02-12"},{"lineNumber":205,"author":{"gitId":"youyiwan"},"content":"                        }","lastModifiedDate":"2024-02-12"},{"lineNumber":206,"author":{"gitId":"youyiwan"},"content":"                        System.out.println(\"Now you have \" + taskCount + \" tasks in the list.\");","lastModifiedDate":"2024-02-12"},{"lineNumber":207,"author":{"gitId":"youyiwan"},"content":"                    } else System.out.println(\"Task already exist\");","lastModifiedDate":"2024-02-03"},{"lineNumber":208,"author":{"gitId":"youyiwan"},"content":"                }","lastModifiedDate":"2024-01-29"},{"lineNumber":209,"author":{"gitId":"youyiwan"},"content":"            }","lastModifiedDate":"2024-01-29"},{"lineNumber":210,"author":{"gitId":"youyiwan"},"content":"","lastModifiedDate":"2024-01-28"},{"lineNumber":211,"author":{"gitId":"youyiwan"},"content":"","lastModifiedDate":"2024-02-21"},{"lineNumber":212,"author":{"gitId":"youyiwan"},"content":"        }","lastModifiedDate":"2024-01-28"},{"lineNumber":213,"author":{"gitId":"youyiwan"},"content":"","lastModifiedDate":"2024-01-28"},{"lineNumber":214,"author":{"gitId":"youyiwan"},"content":"}","lastModifiedDate":"2024-01-28"},{"lineNumber":215,"author":{"gitId":"youyiwan"},"content":"","lastModifiedDate":"2024-01-28"},{"lineNumber":216,"author":{"gitId":"youyiwan"},"content":"","lastModifiedDate":"2024-01-28"}],"authorContributionMap":{"youyiwan":216}},{"path":"src/main/java/Task.java","fileType":"java","lines":[{"lineNumber":1,"author":{"gitId":"youyiwan"},"content":"import java.util.Map;","lastModifiedDate":"2024-02-04"},{"lineNumber":2,"author":{"gitId":"youyiwan"},"content":"import java.util.HashMap;","lastModifiedDate":"2024-02-04"},{"lineNumber":3,"author":{"gitId":"youyiwan"},"content":"public class Task {","lastModifiedDate":"2024-02-04"},{"lineNumber":4,"author":{"gitId":"youyiwan"},"content":"    protected String description;","lastModifiedDate":"2024-02-04"},{"lineNumber":5,"author":{"gitId":"youyiwan"},"content":"    protected boolean isDone;","lastModifiedDate":"2024-02-04"},{"lineNumber":6,"author":{"gitId":"youyiwan"},"content":"","lastModifiedDate":"2024-02-04"},{"lineNumber":7,"author":{"gitId":"youyiwan"},"content":"    public Task(String description, boolean isDone)  {     // Constructor","lastModifiedDate":"2024-02-04"},{"lineNumber":8,"author":{"gitId":"youyiwan"},"content":"        this.description \u003d description;","lastModifiedDate":"2024-02-04"},{"lineNumber":9,"author":{"gitId":"youyiwan"},"content":"        this.isDone \u003d isDone;","lastModifiedDate":"2024-02-04"},{"lineNumber":10,"author":{"gitId":"youyiwan"},"content":"    }","lastModifiedDate":"2024-02-04"},{"lineNumber":11,"author":{"gitId":"youyiwan"},"content":"","lastModifiedDate":"2024-02-04"},{"lineNumber":12,"author":{"gitId":"youyiwan"},"content":"","lastModifiedDate":"2024-02-12"},{"lineNumber":13,"author":{"gitId":"youyiwan"},"content":"    public String markAsDone(){","lastModifiedDate":"2024-02-04"},{"lineNumber":14,"author":{"gitId":"youyiwan"},"content":"        return \"[X]\";","lastModifiedDate":"2024-02-04"},{"lineNumber":15,"author":{"gitId":"youyiwan"},"content":"    }","lastModifiedDate":"2024-02-04"},{"lineNumber":16,"author":{"gitId":"youyiwan"},"content":"","lastModifiedDate":"2024-02-04"},{"lineNumber":17,"author":{"gitId":"youyiwan"},"content":"    public String markAsNotDone(){","lastModifiedDate":"2024-02-04"},{"lineNumber":18,"author":{"gitId":"youyiwan"},"content":"        return \"[ ]\";","lastModifiedDate":"2024-02-04"},{"lineNumber":19,"author":{"gitId":"youyiwan"},"content":"    }","lastModifiedDate":"2024-02-04"},{"lineNumber":20,"author":{"gitId":"youyiwan"},"content":"","lastModifiedDate":"2024-02-04"},{"lineNumber":21,"author":{"gitId":"youyiwan"},"content":"    public String getDescription() {","lastModifiedDate":"2024-02-04"},{"lineNumber":22,"author":{"gitId":"youyiwan"},"content":"        return description;","lastModifiedDate":"2024-02-04"},{"lineNumber":23,"author":{"gitId":"youyiwan"},"content":"    }","lastModifiedDate":"2024-02-04"},{"lineNumber":24,"author":{"gitId":"youyiwan"},"content":"","lastModifiedDate":"2024-02-04"},{"lineNumber":25,"author":{"gitId":"youyiwan"},"content":"    public String getBy() {","lastModifiedDate":"2024-02-12"},{"lineNumber":26,"author":{"gitId":"youyiwan"},"content":"        return \"to be override in Deadline class\";","lastModifiedDate":"2024-02-12"},{"lineNumber":27,"author":{"gitId":"youyiwan"},"content":"    }","lastModifiedDate":"2024-02-12"},{"lineNumber":28,"author":{"gitId":"youyiwan"},"content":"    public String getFrom(){","lastModifiedDate":"2024-02-12"},{"lineNumber":29,"author":{"gitId":"youyiwan"},"content":"        return \"to be override in Event class\";","lastModifiedDate":"2024-02-12"},{"lineNumber":30,"author":{"gitId":"youyiwan"},"content":"    }","lastModifiedDate":"2024-02-12"},{"lineNumber":31,"author":{"gitId":"youyiwan"},"content":"    public String getTo(){","lastModifiedDate":"2024-02-12"},{"lineNumber":32,"author":{"gitId":"youyiwan"},"content":"        return \"to be override in Event class\";","lastModifiedDate":"2024-02-12"},{"lineNumber":33,"author":{"gitId":"youyiwan"},"content":"    }","lastModifiedDate":"2024-02-12"},{"lineNumber":34,"author":{"gitId":"youyiwan"},"content":"    @Override","lastModifiedDate":"2024-02-04"},{"lineNumber":35,"author":{"gitId":"youyiwan"},"content":"    public String toString() {","lastModifiedDate":"2024-02-04"},{"lineNumber":36,"author":{"gitId":"youyiwan"},"content":"        return getDescription();","lastModifiedDate":"2024-02-04"},{"lineNumber":37,"author":{"gitId":"youyiwan"},"content":"    }","lastModifiedDate":"2024-02-04"},{"lineNumber":38,"author":{"gitId":"youyiwan"},"content":"","lastModifiedDate":"2024-02-04"},{"lineNumber":39,"author":{"gitId":"youyiwan"},"content":"    public boolean toBoolean() {","lastModifiedDate":"2024-02-04"},{"lineNumber":40,"author":{"gitId":"youyiwan"},"content":"        return isDone;","lastModifiedDate":"2024-02-04"},{"lineNumber":41,"author":{"gitId":"youyiwan"},"content":"    }","lastModifiedDate":"2024-02-04"},{"lineNumber":42,"author":{"gitId":"youyiwan"},"content":"","lastModifiedDate":"2024-02-04"},{"lineNumber":43,"author":{"gitId":"youyiwan"},"content":"    public String booleanToString(boolean isDone) {","lastModifiedDate":"2024-02-04"},{"lineNumber":44,"author":{"gitId":"youyiwan"},"content":"","lastModifiedDate":"2024-02-12"},{"lineNumber":45,"author":{"gitId":"youyiwan"},"content":"        return (isDone ? markAsDone() +  getDescription()","lastModifiedDate":"2024-02-12"},{"lineNumber":46,"author":{"gitId":"youyiwan"},"content":"                : markAsNotDone() +  getDescription());","lastModifiedDate":"2024-02-12"},{"lineNumber":47,"author":{"gitId":"youyiwan"},"content":"    }","lastModifiedDate":"2024-02-04"},{"lineNumber":48,"author":{"gitId":"youyiwan"},"content":"","lastModifiedDate":"2024-02-04"},{"lineNumber":49,"author":{"gitId":"youyiwan"},"content":"","lastModifiedDate":"2024-02-04"},{"lineNumber":50,"author":{"gitId":"youyiwan"},"content":"}","lastModifiedDate":"2024-02-04"},{"lineNumber":51,"author":{"gitId":"youyiwan"},"content":"","lastModifiedDate":"2024-02-04"}],"authorContributionMap":{"youyiwan":51}},{"path":"src/main/java/Todo.java","fileType":"java","lines":[{"lineNumber":1,"author":{"gitId":"youyiwan"},"content":"public class Todo extends Task {","lastModifiedDate":"2024-02-12"},{"lineNumber":2,"author":{"gitId":"youyiwan"},"content":"","lastModifiedDate":"2024-02-12"},{"lineNumber":3,"author":{"gitId":"youyiwan"},"content":"    public Todo(String description, boolean isDone) {","lastModifiedDate":"2024-02-12"},{"lineNumber":4,"author":{"gitId":"youyiwan"},"content":"        super(description, isDone);","lastModifiedDate":"2024-02-12"},{"lineNumber":5,"author":{"gitId":"youyiwan"},"content":"    }","lastModifiedDate":"2024-02-12"},{"lineNumber":6,"author":{"gitId":"youyiwan"},"content":"","lastModifiedDate":"2024-02-12"},{"lineNumber":7,"author":{"gitId":"youyiwan"},"content":"    @Override","lastModifiedDate":"2024-02-12"},{"lineNumber":8,"author":{"gitId":"youyiwan"},"content":"    public String markAsDone(){","lastModifiedDate":"2024-02-12"},{"lineNumber":9,"author":{"gitId":"youyiwan"},"content":"        return \"[T][X]\";","lastModifiedDate":"2024-02-12"},{"lineNumber":10,"author":{"gitId":"youyiwan"},"content":"    }","lastModifiedDate":"2024-02-12"},{"lineNumber":11,"author":{"gitId":"youyiwan"},"content":"","lastModifiedDate":"2024-02-12"},{"lineNumber":12,"author":{"gitId":"youyiwan"},"content":"    public String markAsNotDone(){","lastModifiedDate":"2024-02-12"},{"lineNumber":13,"author":{"gitId":"youyiwan"},"content":"        return \"[T][ ]\";","lastModifiedDate":"2024-02-12"},{"lineNumber":14,"author":{"gitId":"youyiwan"},"content":"    }","lastModifiedDate":"2024-02-12"},{"lineNumber":15,"author":{"gitId":"youyiwan"},"content":"","lastModifiedDate":"2024-02-12"},{"lineNumber":16,"author":{"gitId":"youyiwan"},"content":"    public String toString() {","lastModifiedDate":"2024-02-12"},{"lineNumber":17,"author":{"gitId":"youyiwan"},"content":"        if (isDone)","lastModifiedDate":"2024-02-12"},{"lineNumber":18,"author":{"gitId":"youyiwan"},"content":"        {","lastModifiedDate":"2024-02-12"},{"lineNumber":19,"author":{"gitId":"youyiwan"},"content":"            return markAsDone()  + \" \" + description;","lastModifiedDate":"2024-02-12"},{"lineNumber":20,"author":{"gitId":"youyiwan"},"content":"        }","lastModifiedDate":"2024-02-12"},{"lineNumber":21,"author":{"gitId":"youyiwan"},"content":"        else return markAsNotDone()  + \" \" + description;","lastModifiedDate":"2024-02-12"},{"lineNumber":22,"author":{"gitId":"youyiwan"},"content":"    }","lastModifiedDate":"2024-02-12"},{"lineNumber":23,"author":{"gitId":"youyiwan"},"content":"    public String booleanToString(boolean isDone) {","lastModifiedDate":"2024-02-12"},{"lineNumber":24,"author":{"gitId":"youyiwan"},"content":"","lastModifiedDate":"2024-02-12"},{"lineNumber":25,"author":{"gitId":"youyiwan"},"content":"        if (isDone)","lastModifiedDate":"2024-02-12"},{"lineNumber":26,"author":{"gitId":"youyiwan"},"content":"        {","lastModifiedDate":"2024-02-12"},{"lineNumber":27,"author":{"gitId":"youyiwan"},"content":"            return markAsDone() + \" \" + super.toString() ;","lastModifiedDate":"2024-02-12"},{"lineNumber":28,"author":{"gitId":"youyiwan"},"content":"        }","lastModifiedDate":"2024-02-12"},{"lineNumber":29,"author":{"gitId":"youyiwan"},"content":"        else return markAsNotDone()  + \" \" + super.toString() ;","lastModifiedDate":"2024-02-12"},{"lineNumber":30,"author":{"gitId":"youyiwan"},"content":"    }","lastModifiedDate":"2024-02-12"},{"lineNumber":31,"author":{"gitId":"youyiwan"},"content":"}","lastModifiedDate":"2024-02-12"}],"authorContributionMap":{"youyiwan":31}}]
