{"authorDailyContributionsMap":{"youyiwan":[{"date":"2024-01-28","commitResults":[{"hash":"564d32503118ab02e42fd763389230d245dc2575","isMergeCommit":false,"messageTitle":"Rename, Greet, Exit","messageBody":"","tags":["Level-0"],"fileTypesAndContributionMap":{"java":{"insertions":14,"deletions":0}}}]},{"date":"2024-01-29","commitResults":[{"hash":"9bb7b6f969434b957f9ae688ef98ac07b77d5f4a","isMergeCommit":false,"messageTitle":"Echo","messageBody":"","tags":["Level-1"],"fileTypesAndContributionMap":{"java":{"insertions":16,"deletions":1}}},{"hash":"6fffe945ec47e7f455040b7d6aa88ed280eaf24a","isMergeCommit":false,"messageTitle":"Add the ability to store whatever text entered by the user and display them back to the user when requested.","messageBody":"1. Create List class to store text as objects of list List class.\n2. Modify Main.java to print List class objects\n","tags":["Level-2"],"fileTypesAndContributionMap":{"java":{"insertions":37,"deletions":7}}}]},{"date":"2024-02-03","commitResults":[{"hash":"b55b6952a8794323d45ed2e7756821a067100355","isMergeCommit":false,"messageTitle":"Add enumeration to list","messageBody":"","fileTypesAndContributionMap":{"java":{"insertions":3,"deletions":3}}},{"hash":"fa57417b8e7119db1d24048bc271b485b8941b4e","isMergeCommit":false,"messageTitle":"1. Implement mark as done 2. Add checks to see if key exists when mark and unmark 3. Add checks to see if task in list already exist","messageBody":"","tags":["Level-3"],"fileTypesAndContributionMap":{"java":{"insertions":73,"deletions":9}}}]},{"date":"2024-02-04","commitResults":[{"hash":"40fe0c8d01885226917269a675891be6dc0adc0a","isMergeCommit":false,"messageTitle":"Modify list to task class. Change implementation similar to the given partial solution.","messageBody":"","tags":["Level-3.1"],"fileTypesAndContributionMap":{"java":{"insertions":71,"deletions":56}}}]},{"date":"2024-02-12","commitResults":[{"hash":"f1725684cfc152aec0e707aa6aa4d452c8e06799","isMergeCommit":false,"messageTitle":"Level 4 implementation. Add deadline, event and todo subclasses.","messageBody":"","tags":["Level-4"],"fileTypesAndContributionMap":{"java":{"insertions":200,"deletions":22}}}]},{"date":"2024-02-21","commitResults":[{"hash":"17f46ca30493039ad34fd868788e4d9db7460220","isMergeCommit":false,"messageTitle":"implement exceptions to handle simple errors such as empty string and unrecognized words.","messageBody":"","tags":["Level-5"],"fileTypesAndContributionMap":{"java":{"insertions":158,"deletions":110}}}]},{"date":"2024-02-24","commitResults":[{"hash":"721609222024ba58c4e5ff7a6d34a9506cdc511b","isMergeCommit":false,"messageTitle":"Add delete function and update the task list","messageBody":"","tags":["Level-6"],"fileTypesAndContributionMap":{"java":{"insertions":29,"deletions":6}}}]},{"date":"2024-03-03","commitResults":[{"hash":"725deb9262c7b7530622df0d09ff8fabaa71a808","isMergeCommit":false,"messageTitle":"Implement save to file Fixed bug in todo","messageBody":"","tags":["Level-7"],"fileTypesAndContributionMap":{"txt":{"insertions":3,"deletions":0},"java":{"insertions":24,"deletions":7}}}]},{"date":"2024-03-16","commitResults":[{"hash":"e526102410dbd37b5f0347c9ec251a31bd146b1c","isMergeCommit":false,"messageTitle":"Making it more OOP with packages. Packages created were Exceptions, Storage, Tasks and UI.","messageBody":"","tags":["Level-7.1"],"fileTypesAndContributionMap":{"txt":{"insertions":1,"deletions":3},"java":{"insertions":338,"deletions":173}}}]},{"date":"2024-03-20","commitResults":[{"hash":"9e65ca354a9f879020c58c39de4c9bc62a1bfda8","isMergeCommit":false,"messageTitle":"Implement dates \u0026 time and create parser package","messageBody":"","tags":["Level-8"],"fileTypesAndContributionMap":{"txt":{"insertions":2,"deletions":0},"java":{"insertions":63,"deletions":8}}}]},{"date":"2024-03-23","commitResults":[{"hash":"379d35fac17e7b06002dae3ab30d659927c9fd7c","isMergeCommit":true,"messageTitle":"Merge branch \u0027master\u0027 into add-gradle-support","messageBody":"","fileTypesAndContributionMap":{}},{"hash":"563d3749d87898204f0230419c6b5a2e5ee10635","isMergeCommit":false,"messageTitle":"Add gradle.","messageBody":"","tags":["Level-8.1"],"fileTypesAndContributionMap":{"gradle":{"insertions":1,"deletions":1},"txt":{"insertions":2,"deletions":2}}}]},{"date":"2024-03-24","commitResults":[{"hash":"f3bda4f3e803a01fd8dcfebbae05eb540b1d3853","isMergeCommit":false,"messageTitle":"Add J-unit testing","messageBody":"","tags":["Level-8.2"],"fileTypesAndContributionMap":{"txt":{"insertions":2,"deletions":3},"java":{"insertions":121,"deletions":13}}},{"hash":"4591124a85107a8d1b3540444fc5b072df8f5366","isMergeCommit":false,"messageTitle":"Adding class comments.","messageBody":"","tags":["Level-8.3"],"fileTypesAndContributionMap":{"txt":{"insertions":3,"deletions":2},"java":{"insertions":38,"deletions":1}}},{"hash":"75d2c762231fe908a8513099c809eb23c41f032e","isMergeCommit":false,"messageTitle":"Add find function.","messageBody":"","tags":["Level-9"],"fileTypesAndContributionMap":{"txt":{"insertions":2,"deletions":2},"java":{"insertions":18,"deletions":0}}},{"hash":"9f6682358b65d6f99fcb63d29e35faa4466b7c05","isMergeCommit":false,"messageTitle":"Implement individual feature : \"B-Reminders\"","messageBody":"","tags":["Level-9.1"],"fileTypesAndContributionMap":{"txt":{"insertions":1,"deletions":2},"java":{"insertions":80,"deletions":0}}}]},{"date":"2024-03-25","commitResults":[{"hash":"0b7077f62601e42ae2493cba8204df82abe2708f","isMergeCommit":false,"messageTitle":"Fix exception handling bugs.","messageBody":"","fileTypesAndContributionMap":{"txt":{"insertions":2,"deletions":2},"java":{"insertions":141,"deletions":109}}}]},{"date":"2024-03-27","commitResults":[{"hash":"dea3ffb4cf182817bab206277b8301957dfdda35","isMergeCommit":false,"messageTitle":"Fix tasklist and UI bugs.","messageBody":"","fileTypesAndContributionMap":{"txt":{"insertions":0,"deletions":1},"java":{"insertions":46,"deletions":22}}}]}]},"authorFileTypeContributionMap":{"youyiwan":{"java":923,"md":0,"fxml":0,"sh":0,"bat":0,"gradle":1,"txt":1}},"authorContributionVariance":{"youyiwan":7072.5547},"authorDisplayNameMap":{"youyiwan":"WAN ..OUYI"}}
