{"authorDailyContributionsMap":{"youyiwan":[{"date":"2024-01-28","commitResults":[{"hash":"564d32503118ab02e42fd763389230d245dc2575","isMergeCommit":false,"messageTitle":"Rename, Greet, Exit","messageBody":"","tags":["Level-0"],"fileTypesAndContributionMap":{"java":{"insertions":14,"deletions":0}}}]},{"date":"2024-01-29","commitResults":[{"hash":"9bb7b6f969434b957f9ae688ef98ac07b77d5f4a","isMergeCommit":false,"messageTitle":"Echo","messageBody":"","tags":["Level-1"],"fileTypesAndContributionMap":{"java":{"insertions":16,"deletions":1}}},{"hash":"6fffe945ec47e7f455040b7d6aa88ed280eaf24a","isMergeCommit":false,"messageTitle":"Add the ability to store whatever text entered by the user and display them back to the user when requested.","messageBody":"1. Create List class to store text as objects of list List class.\n2. Modify Main.java to print List class objects\n","tags":["Level-2"],"fileTypesAndContributionMap":{"java":{"insertions":37,"deletions":7}}}]},{"date":"2024-02-03","commitResults":[{"hash":"b55b6952a8794323d45ed2e7756821a067100355","isMergeCommit":false,"messageTitle":"Add enumeration to list","messageBody":"","fileTypesAndContributionMap":{"java":{"insertions":3,"deletions":3}}},{"hash":"fa57417b8e7119db1d24048bc271b485b8941b4e","isMergeCommit":false,"messageTitle":"1. Implement mark as done 2. Add checks to see if key exists when mark and unmark 3. Add checks to see if task in list already exist","messageBody":"","tags":["Level-3"],"fileTypesAndContributionMap":{"java":{"insertions":73,"deletions":9}}}]},{"date":"2024-02-04","commitResults":[{"hash":"40fe0c8d01885226917269a675891be6dc0adc0a","isMergeCommit":false,"messageTitle":"Modify list to task class. Change implementation similar to the given partial solution.","messageBody":"","tags":["Level-3.1"],"fileTypesAndContributionMap":{"java":{"insertions":71,"deletions":56}}}]},{"date":"2024-02-12","commitResults":[{"hash":"f1725684cfc152aec0e707aa6aa4d452c8e06799","isMergeCommit":false,"messageTitle":"Level 4 implementation. Add deadline, event and todo subclasses.","messageBody":"","tags":["Level-4"],"fileTypesAndContributionMap":{"java":{"insertions":200,"deletions":22}}}]},{"date":"2024-02-21","commitResults":[{"hash":"17f46ca30493039ad34fd868788e4d9db7460220","isMergeCommit":false,"messageTitle":"implement exceptions to handle simple errors such as empty string and unrecognized words.","messageBody":"","tags":["Level-5"],"fileTypesAndContributionMap":{"java":{"insertions":158,"deletions":110}}}]},{"date":"2024-02-24","commitResults":[{"hash":"721609222024ba58c4e5ff7a6d34a9506cdc511b","isMergeCommit":false,"messageTitle":"Add delete function and update the task list","messageBody":"","tags":["Level-6"],"fileTypesAndContributionMap":{"java":{"insertions":29,"deletions":6}}}]}]},"authorFileTypeContributionMap":{"youyiwan":{"java":387,"md":0,"fxml":0,"sh":0,"bat":0,"gradle":0,"txt":0}},"authorContributionVariance":{"youyiwan":3266.4006},"authorDisplayNameMap":{"youyiwan":"WAN ..OUYI"}}
