{"authorDailyContributionsMap":{"LeeTheGreat":[{"date":"2024-03-09","commitResults":[{"hash":"2bc022061530dc7bd1501b622803d1552109ddf5","isMergeCommit":false,"messageTitle":"before combine date time to datetime","messageBody":"before combine both\n","fileTypesAndContributionMap":{"txt":{"insertions":139,"deletions":0},"java":{"insertions":947,"deletions":10},"bat":{"insertions":21,"deletions":0}}}]},{"date":"2024-03-17","commitResults":[{"hash":"e7ead11c9f13951277818162ccb34913c34e0b15","isMergeCommit":false,"messageTitle":"OOP, CustomException,Storage,Action","messageBody":"","fileTypesAndContributionMap":{"txt":{"insertions":13,"deletions":20},"java":{"insertions":456,"deletions":421}}}]}]},"authorFileTypeContributionMap":{"LeeTheGreat":{"java":982,"md":0,"fxml":0,"sh":0,"bat":21,"gradle":0,"txt":132}},"authorContributionVariance":{"LeeTheGreat":31913.832},"authorDisplayNameMap":{"LeeTheGreat":"LEE .. LUN"}}
