{"authorDailyContributionsMap":{"LeeTheGreat":[{"date":"2024-03-09","commitResults":[{"hash":"2bc022061530dc7bd1501b622803d1552109ddf5","isMergeCommit":false,"messageTitle":"before combine date time to datetime","messageBody":"before combine both\n","fileTypesAndContributionMap":{"txt":{"insertions":139,"deletions":0},"java":{"insertions":947,"deletions":10},"bat":{"insertions":21,"deletions":0}}}]},{"date":"2024-03-17","commitResults":[{"hash":"e7ead11c9f13951277818162ccb34913c34e0b15","isMergeCommit":false,"messageTitle":"OOP, CustomException,Storage,Action","messageBody":"","fileTypesAndContributionMap":{"txt":{"insertions":13,"deletions":20},"java":{"insertions":456,"deletions":421}}}]},{"date":"2024-03-24","commitResults":[{"hash":"497b62519b4cf072cc7e468eab7cbd99a3e269ac","isMergeCommit":false,"messageTitle":"Fixed save,load","messageBody":"","fileTypesAndContributionMap":{"txt":{"insertions":9,"deletions":9},"java":{"insertions":40,"deletions":38}}},{"hash":"ae325ae9373e5eab833cfbac8bf5ca59236e1504","isMergeCommit":false,"messageTitle":"ui","messageBody":"","fileTypesAndContributionMap":{"java":{"insertions":6,"deletions":28}}},{"hash":"8ef2f3596ead316a6f92cdaad7cd94a01ac1ced0","isMergeCommit":false,"messageTitle":"week 9 task - JavaDoc","messageBody":"","fileTypesAndContributionMap":{"java":{"insertions":129,"deletions":202}}}]},{"date":"2024-03-25","commitResults":[{"hash":"815480ec26dd7f2ff696ee98ded641c5d4b10feb","isMergeCommit":false,"messageTitle":"Gradle working","messageBody":"","fileTypesAndContributionMap":{"gradle":{"insertions":19,"deletions":0},"java":{"insertions":0,"deletions":30}}},{"hash":"bb8a894d6ec16062f5f6e52c54ec50fbbdd27277","isMergeCommit":false,"messageTitle":"Update build.gradle","messageBody":"","fileTypesAndContributionMap":{"gradle":{"insertions":4,"deletions":0}}}]},{"date":"2024-03-27","commitResults":[{"hash":"95ec5568ef1166ba00f068245d6f3af20a45c659","isMergeCommit":false,"messageTitle":"Gradle with junit on todo","messageBody":"","fileTypesAndContributionMap":{"gradle":{"insertions":9,"deletions":1},"txt":{"insertions":1,"deletions":1},"java":{"insertions":106,"deletions":64},"bat":{"insertions":1,"deletions":1}}}]},{"date":"2024-03-28","commitResults":[{"hash":"5cb0bbe79eac1ba04454e1561067921bf0009f16","isMergeCommit":false,"messageTitle":"junit test - todo, deadline","messageBody":"","fileTypesAndContributionMap":{"java":{"insertions":72,"deletions":4}}},{"hash":"eeee49a735ed1033bcff9d9e68736b814765ca3d","isMergeCommit":false,"messageTitle":"find action","messageBody":"","fileTypesAndContributionMap":{"gradle":{"insertions":1,"deletions":1},"java":{"insertions":49,"deletions":15}}}]},{"date":"2024-04-13","commitResults":[{"hash":"3858881665cf5ca495a035bbf51cf5e413a19ef7","isMergeCommit":false,"messageTitle":"fixed date time printing","messageBody":"","fileTypesAndContributionMap":{"java":{"insertions":17,"deletions":18}}},{"hash":"4442c92dcb936066b661c0e399fb97c670734744","isMergeCommit":false,"messageTitle":"some changes","messageBody":"","fileTypesAndContributionMap":{"java":{"insertions":29,"deletions":23}}},{"hash":"c5cc557332d508b3c6304c7e236ed8fcaf94f792","isMergeCommit":false,"messageTitle":"change exception for invalid time","messageBody":"","fileTypesAndContributionMap":{"txt":{"insertions":0,"deletions":8},"java":{"insertions":18,"deletions":27}}}]},{"date":"2024-04-16","commitResults":[{"hash":"713a90d7686bed958f6d51d7a988fac99a491ba7","isMergeCommit":false,"messageTitle":"extra features - reschedule","messageBody":"","fileTypesAndContributionMap":{"txt":{"insertions":6,"deletions":0},"java":{"insertions":353,"deletions":58}}}]}]},"authorFileTypeContributionMap":{"LeeTheGreat":{"java":1294,"md":0,"fxml":0,"sh":0,"bat":21,"gradle":31,"txt":130}},"authorContributionVariance":{"LeeTheGreat":25941.57},"authorDisplayNameMap":{"LeeTheGreat":"LEE .. LUN"}}
