{"authorDailyContributionsMap":{"LeeTheGreat":[{"date":"2024-03-09","commitResults":[{"hash":"2bc022061530dc7bd1501b622803d1552109ddf5","isMergeCommit":false,"messageTitle":"before combine date time to datetime","messageBody":"before combine both\n","fileTypesAndContributionMap":{"txt":{"insertions":139,"deletions":0},"java":{"insertions":947,"deletions":10},"bat":{"insertions":21,"deletions":0}}}]},{"date":"2024-03-17","commitResults":[{"hash":"e7ead11c9f13951277818162ccb34913c34e0b15","isMergeCommit":false,"messageTitle":"OOP, CustomException,Storage,Action","messageBody":"","fileTypesAndContributionMap":{"txt":{"insertions":13,"deletions":20},"java":{"insertions":456,"deletions":421}}}]},{"date":"2024-03-24","commitResults":[{"hash":"497b62519b4cf072cc7e468eab7cbd99a3e269ac","isMergeCommit":false,"messageTitle":"Fixed save,load","messageBody":"","fileTypesAndContributionMap":{"txt":{"insertions":9,"deletions":9},"java":{"insertions":40,"deletions":38}}},{"hash":"ae325ae9373e5eab833cfbac8bf5ca59236e1504","isMergeCommit":false,"messageTitle":"ui","messageBody":"","fileTypesAndContributionMap":{"java":{"insertions":6,"deletions":28}}},{"hash":"8ef2f3596ead316a6f92cdaad7cd94a01ac1ced0","isMergeCommit":false,"messageTitle":"week 9 task - JavaDoc","messageBody":"","fileTypesAndContributionMap":{"java":{"insertions":129,"deletions":202}}}]},{"date":"2024-03-25","commitResults":[{"hash":"815480ec26dd7f2ff696ee98ded641c5d4b10feb","isMergeCommit":false,"messageTitle":"Gradle working","messageBody":"","fileTypesAndContributionMap":{"gradle":{"insertions":19,"deletions":0},"java":{"insertions":0,"deletions":30}}},{"hash":"bb8a894d6ec16062f5f6e52c54ec50fbbdd27277","isMergeCommit":false,"messageTitle":"Update build.gradle","messageBody":"","fileTypesAndContributionMap":{"gradle":{"insertions":4,"deletions":0}}}]},{"date":"2024-03-27","commitResults":[{"hash":"95ec5568ef1166ba00f068245d6f3af20a45c659","isMergeCommit":false,"messageTitle":"Gradle with junit on todo","messageBody":"","fileTypesAndContributionMap":{"gradle":{"insertions":9,"deletions":1},"txt":{"insertions":1,"deletions":1},"java":{"insertions":106,"deletions":64},"bat":{"insertions":1,"deletions":1}}}]}]},"authorFileTypeContributionMap":{"LeeTheGreat":{"java":901,"md":0,"fxml":0,"sh":0,"bat":21,"gradle":31,"txt":132}},"authorContributionVariance":{"LeeTheGreat":30455.527},"authorDisplayNameMap":{"LeeTheGreat":"LEE .. LUN"}}
