{"repoSenseVersion":"2457ebbeaa","reportGeneratedTime":"Wed May 8 08:41:56 2024 UTC+08:00","reportGenerationTime":" 3.49 second(s)","zoneId":"UTC+08:00","reportTitle":"TIC2002 iP Code Dashboard","repos":[{"location":{"location":"https://github.com/Elliott-Han-YuGeng/duke.git","repoName":"duke","organization":"Elliott-Han-YuGeng","domainName":"github"},"branch":"master","displayName":"Elliott-Han-YuGeng/duke[master]","outputFolderName":"Elliott-Han-YuGeng_duke_master"},{"location":{"location":"https://github.com/JiaXingVV/duke.git","repoName":"duke","organization":"JiaXingVV","domainName":"github"},"branch":"master","displayName":"JiaXingVV/duke[master]","outputFolderName":"JiaXingVV_duke_master"},{"location":{"location":"https://github.com/mfarhan-s/duke.git","repoName":"duke","organization":"mfarhan-s","domainName":"github"},"branch":"master","displayName":"mfarhan-s/duke[master]","outputFolderName":"mfarhan-s_duke_master"},{"location":{"location":"https://github.com/goosekite/duke.git","repoName":"duke","organization":"goosekite","domainName":"github"},"branch":"master","displayName":"goosekite/duke[master]","outputFolderName":"goosekite_duke_master"},{"location":{"location":"https://github.com/JoelEeWH/duke.git","repoName":"duke","organization":"JoelEeWH","domainName":"github"},"branch":"master","displayName":"JoelEeWH/duke[master]","outputFolderName":"JoelEeWH_duke_master"},{"location":{"location":"https://github.com/LeeTheGreat/duke.git","repoName":"duke","organization":"LeeTheGreat","domainName":"github"},"branch":"master","displayName":"LeeTheGreat/duke[master]","outputFolderName":"LeeTheGreat_duke_master"},{"location":{"location":"https://github.com/stanleysee12/duke.git","repoName":"duke","organization":"stanleysee12","domainName":"github"},"branch":"master","displayName":"stanleysee12/duke[master]","outputFolderName":"stanleysee12_duke_master"},{"location":{"location":"https://github.com/youyiwan/duke.git","repoName":"duke","organization":"youyiwan","domainName":"github"},"branch":"master","displayName":"youyiwan/duke[master]","outputFolderName":"youyiwan_duke_master"},{"location":{"location":"https://github.com/anythingwhatever192940958/duke.git","repoName":"duke","organization":"anythingwhatever192940958","domainName":"github"},"branch":"master","displayName":"anythingwhatever192940958/duke[master]","outputFolderName":"anythingwhatever192940958_duke_master"},{"location":{"location":"https://github.com/jelemii/duke.git","repoName":"duke","organization":"jelemii","domainName":"github"},"branch":"master","displayName":"jelemii/duke[master]","outputFolderName":"jelemii_duke_master"},{"location":{"location":"https://github.com/sbkiang/duke.git","repoName":"duke","organization":"sbkiang","domainName":"github"},"branch":"master","displayName":"sbkiang/duke[master]","outputFolderName":"sbkiang_duke_master"},{"location":{"location":"https://github.com/Carosis/duke.git","repoName":"duke","organization":"Carosis","domainName":"github"},"branch":"master","displayName":"Carosis/duke[master]","outputFolderName":"Carosis_duke_master"},{"location":{"location":"https://github.com/Pc1234321/duke.git","repoName":"duke","organization":"Pc1234321","domainName":"github"},"branch":"master","displayName":"Pc1234321/duke[master]","outputFolderName":"Pc1234321_duke_master"},{"location":{"location":"https://github.com/orngcoffees/duke.git","repoName":"duke","organization":"orngcoffees","domainName":"github"},"branch":"master","displayName":"orngcoffees/duke[master]","outputFolderName":"orngcoffees_duke_master"},{"location":{"location":"https://github.com/mavericktjj/duke.git","repoName":"duke","organization":"mavericktjj","domainName":"github"},"branch":"master","displayName":"mavericktjj/duke[master]","outputFolderName":"mavericktjj_duke_master"}],"errorSet":[],"sinceDate":"2024-01-15","untilDate":"2024-05-08","isSinceDateProvided":true,"isUntilDateProvided":false,"supportedDomainUrlMap":{"NOT_RECOGNIZED":{"BRANCH":"","REPO_URL":"UNSUPPORTED","BASE_URL":"UNSUPPORTED","HISTORY_PATH":"","COMMIT_PATH":"","BLAME_PATH":""},"github":{"BRANCH":"tree/$BRANCH","REPO_URL":"https://github.com/$ORGANIZATION/$REPO_NAME/","BASE_URL":"https://github.com/","HISTORY_PATH":"commits/$BRANCH/$FILE_PATH","COMMIT_PATH":"commit/$COMMIT_HASH","BLAME_PATH":"blame/$BRANCH/$FILE_PATH"}},"isAuthorshipAnalyzed":false}
