[{"path":"src/main/java/Deadline.java","fileType":"java","lines":[{"lineNumber":1,"author":{"gitId":"jelemii"},"content":"public class Deadline extends Task {","lastModifiedDate":"2024-02-27"},{"lineNumber":2,"author":{"gitId":"jelemii"},"content":"","lastModifiedDate":"2024-02-27"},{"lineNumber":3,"author":{"gitId":"jelemii"},"content":"    protected String by;","lastModifiedDate":"2024-02-27"},{"lineNumber":4,"author":{"gitId":"jelemii"},"content":"","lastModifiedDate":"2024-02-27"},{"lineNumber":5,"author":{"gitId":"jelemii"},"content":"    public Deadline(String description, String by) {","lastModifiedDate":"2024-02-27"},{"lineNumber":6,"author":{"gitId":"jelemii"},"content":"        super(description);","lastModifiedDate":"2024-02-27"},{"lineNumber":7,"author":{"gitId":"jelemii"},"content":"        this.by \u003d by;","lastModifiedDate":"2024-02-27"},{"lineNumber":8,"author":{"gitId":"jelemii"},"content":"    }","lastModifiedDate":"2024-02-27"},{"lineNumber":9,"author":{"gitId":"jelemii"},"content":"//int byIndex \u003d input.indexOf(\"/by\");","lastModifiedDate":"2024-03-16"},{"lineNumber":10,"author":{"gitId":"jelemii"},"content":"//                    String desc \u003d input.substring(9, byIndex).trim();","lastModifiedDate":"2024-03-16"},{"lineNumber":11,"author":{"gitId":"jelemii"},"content":"//                    String by \u003d input.substring(byIndex + 3).trim();","lastModifiedDate":"2024-03-16"},{"lineNumber":12,"author":{"gitId":"jelemii"},"content":"    @Override","lastModifiedDate":"2024-02-27"},{"lineNumber":13,"author":{"gitId":"jelemii"},"content":"    public String toString() {","lastModifiedDate":"2024-02-27"},{"lineNumber":14,"author":{"gitId":"jelemii"},"content":"        return \"[D]\" + super.toString() + \" (by: \" + by + \")\";","lastModifiedDate":"2024-02-27"},{"lineNumber":15,"author":{"gitId":"jelemii"},"content":"    }","lastModifiedDate":"2024-02-27"},{"lineNumber":16,"author":{"gitId":"jelemii"},"content":"}","lastModifiedDate":"2024-02-27"}],"authorContributionMap":{"jelemii":16}},{"path":"src/main/java/Duke.java","fileType":"java","lines":[{"lineNumber":1,"author":{"gitId":"jelemii"},"content":"import java.util.DuplicateFormatFlagsException;","lastModifiedDate":"2024-03-16"},{"lineNumber":2,"author":{"gitId":"jelemii"},"content":"import java.util.Scanner;","lastModifiedDate":"2024-02-10"},{"lineNumber":3,"author":{"gitId":"jelemii"},"content":"","lastModifiedDate":"2024-02-10"},{"lineNumber":4,"author":{"gitId":"-"},"content":"public class Duke {","lastModifiedDate":"2019-07-29"},{"lineNumber":5,"author":{"gitId":"jelemii"},"content":"    protected static Task[] taskList \u003d new Task[100];","lastModifiedDate":"2024-02-19"},{"lineNumber":6,"author":{"gitId":"jelemii"},"content":"    protected static int index \u003d 0;","lastModifiedDate":"2024-02-19"},{"lineNumber":7,"author":{"gitId":"jelemii"},"content":"","lastModifiedDate":"2024-02-19"},{"lineNumber":8,"author":{"gitId":"jelemii"},"content":"    public static void handleTodo(String input) throws DukeException {","lastModifiedDate":"2024-03-16"},{"lineNumber":9,"author":{"gitId":"jelemii"},"content":"        if(input.substring(4).trim().isEmpty()) {","lastModifiedDate":"2024-03-16"},{"lineNumber":10,"author":{"gitId":"jelemii"},"content":"            throw new DukeException(\"Input task is empty. Input the task you want to add \" +","lastModifiedDate":"2024-03-16"},{"lineNumber":11,"author":{"gitId":"jelemii"},"content":"                    \"after the \\\"todo\\\" command. e.g. \\\"todo task\\\"\");","lastModifiedDate":"2024-03-16"},{"lineNumber":12,"author":{"gitId":"jelemii"},"content":"        }","lastModifiedDate":"2024-03-16"},{"lineNumber":13,"author":{"gitId":"jelemii"},"content":"        else if(input.charAt(4) !\u003d \u0027 \u0027) {","lastModifiedDate":"2024-03-16"},{"lineNumber":14,"author":{"gitId":"jelemii"},"content":"            throw new DukeException(\"Invalid format. Please add a space after the \\\"todo\\\" command.\");","lastModifiedDate":"2024-03-16"},{"lineNumber":15,"author":{"gitId":"jelemii"},"content":"        }","lastModifiedDate":"2024-03-16"},{"lineNumber":16,"author":{"gitId":"jelemii"},"content":"        else {","lastModifiedDate":"2024-03-16"},{"lineNumber":17,"author":{"gitId":"jelemii"},"content":"            String desc \u003d input.substring(5).trim();","lastModifiedDate":"2024-03-16"},{"lineNumber":18,"author":{"gitId":"jelemii"},"content":"            checkDuplicate(desc);","lastModifiedDate":"2024-03-16"},{"lineNumber":19,"author":{"gitId":"jelemii"},"content":"        }","lastModifiedDate":"2024-03-16"},{"lineNumber":20,"author":{"gitId":"jelemii"},"content":"        addTodo(input);","lastModifiedDate":"2024-03-16"},{"lineNumber":21,"author":{"gitId":"jelemii"},"content":"    }","lastModifiedDate":"2024-03-16"},{"lineNumber":22,"author":{"gitId":"jelemii"},"content":"","lastModifiedDate":"2024-03-16"},{"lineNumber":23,"author":{"gitId":"jelemii"},"content":"    public static void addTodo(String input){","lastModifiedDate":"2024-02-27"},{"lineNumber":24,"author":{"gitId":"jelemii"},"content":"        taskList[index++] \u003d new Todo(input);","lastModifiedDate":"2024-02-27"},{"lineNumber":25,"author":{"gitId":"jelemii"},"content":"        System.out.println(\"Got it. I\u0027ve added this task:\");","lastModifiedDate":"2024-02-27"},{"lineNumber":26,"author":{"gitId":"jelemii"},"content":"        System.out.println(index + \". \" + taskList[index - 1].toString());","lastModifiedDate":"2024-03-16"},{"lineNumber":27,"author":{"gitId":"jelemii"},"content":"        System.out.println(\"Now you have \" + index + \" tasks in the list.\");","lastModifiedDate":"2024-02-27"},{"lineNumber":28,"author":{"gitId":"jelemii"},"content":"    }","lastModifiedDate":"2024-02-27"},{"lineNumber":29,"author":{"gitId":"jelemii"},"content":"","lastModifiedDate":"2024-02-27"},{"lineNumber":30,"author":{"gitId":"jelemii"},"content":"    public static void handleDeadLine(String input) throws DukeException {","lastModifiedDate":"2024-03-16"},{"lineNumber":31,"author":{"gitId":"jelemii"},"content":"        if(input.substring(8).trim().isEmpty()) {","lastModifiedDate":"2024-03-16"},{"lineNumber":32,"author":{"gitId":"jelemii"},"content":"            throw new DukeException(\"Input task is empty. Input the task you want to add \" +","lastModifiedDate":"2024-03-16"},{"lineNumber":33,"author":{"gitId":"jelemii"},"content":"                    \"after the \\\"deadline\\\" command.\\ne.g. \\\"deadline task /by date\\\"\");","lastModifiedDate":"2024-03-16"},{"lineNumber":34,"author":{"gitId":"jelemii"},"content":"        }","lastModifiedDate":"2024-03-16"},{"lineNumber":35,"author":{"gitId":"jelemii"},"content":"        else if (input.charAt(8) !\u003d \u0027 \u0027) {","lastModifiedDate":"2024-03-16"},{"lineNumber":36,"author":{"gitId":"jelemii"},"content":"            throw new DukeException(\"Invalid format. Please add a space after the \\\"deadline\\\" \" +","lastModifiedDate":"2024-03-16"},{"lineNumber":37,"author":{"gitId":"jelemii"},"content":"                    \"command.\");","lastModifiedDate":"2024-03-16"},{"lineNumber":38,"author":{"gitId":"jelemii"},"content":"        }","lastModifiedDate":"2024-03-16"},{"lineNumber":39,"author":{"gitId":"jelemii"},"content":"        else if(!input.contains(\"/by\")) {","lastModifiedDate":"2024-03-16"},{"lineNumber":40,"author":{"gitId":"jelemii"},"content":"            throw new DukeException(\"Invalid format. Please add a \\\"/by\\\" for deadline tasks.\");","lastModifiedDate":"2024-03-16"},{"lineNumber":41,"author":{"gitId":"jelemii"},"content":"        }","lastModifiedDate":"2024-03-16"},{"lineNumber":42,"author":{"gitId":"jelemii"},"content":"","lastModifiedDate":"2024-03-16"},{"lineNumber":43,"author":{"gitId":"jelemii"},"content":"        int byIndex \u003d input.indexOf(\"/by\");","lastModifiedDate":"2024-03-16"},{"lineNumber":44,"author":{"gitId":"jelemii"},"content":"        String desc \u003d input.substring(9, byIndex).trim();","lastModifiedDate":"2024-03-16"},{"lineNumber":45,"author":{"gitId":"jelemii"},"content":"        String by \u003d input.substring(byIndex + 3).trim();","lastModifiedDate":"2024-03-16"},{"lineNumber":46,"author":{"gitId":"jelemii"},"content":"","lastModifiedDate":"2024-03-16"},{"lineNumber":47,"author":{"gitId":"jelemii"},"content":"","lastModifiedDate":"2024-03-16"},{"lineNumber":48,"author":{"gitId":"jelemii"},"content":"        if(desc.isEmpty() || by.isEmpty()) {","lastModifiedDate":"2024-03-16"},{"lineNumber":49,"author":{"gitId":"jelemii"},"content":"            throw new DukeException(\"Task or date is empty. Input a task and a date for the \\n\" +","lastModifiedDate":"2024-03-16"},{"lineNumber":50,"author":{"gitId":"jelemii"},"content":"                    \"deadline you want after the \\\"/by\\\" command.\\ne.g. \\\"deadline task /by date\\\"\");","lastModifiedDate":"2024-03-16"},{"lineNumber":51,"author":{"gitId":"jelemii"},"content":"        }","lastModifiedDate":"2024-03-16"},{"lineNumber":52,"author":{"gitId":"jelemii"},"content":"","lastModifiedDate":"2024-03-16"},{"lineNumber":53,"author":{"gitId":"jelemii"},"content":"        else if (!input.substring(byIndex+3).startsWith(\" \") || input.charAt(byIndex - 1) !\u003d \u0027 \u0027) {","lastModifiedDate":"2024-03-16"},{"lineNumber":54,"author":{"gitId":"jelemii"},"content":"            throw new DukeException(\"Invalid format. Please add a space between the \\\"/by\\\" command.\");","lastModifiedDate":"2024-03-16"},{"lineNumber":55,"author":{"gitId":"jelemii"},"content":"        }","lastModifiedDate":"2024-03-16"},{"lineNumber":56,"author":{"gitId":"jelemii"},"content":"        else {","lastModifiedDate":"2024-03-16"},{"lineNumber":57,"author":{"gitId":"jelemii"},"content":"            checkDuplicate(desc);","lastModifiedDate":"2024-03-16"},{"lineNumber":58,"author":{"gitId":"jelemii"},"content":"        }","lastModifiedDate":"2024-03-16"},{"lineNumber":59,"author":{"gitId":"jelemii"},"content":"        addDeadline(desc, by);","lastModifiedDate":"2024-03-16"},{"lineNumber":60,"author":{"gitId":"jelemii"},"content":"    }","lastModifiedDate":"2024-03-16"},{"lineNumber":61,"author":{"gitId":"jelemii"},"content":"    public static void addDeadline(String desc, String by) {","lastModifiedDate":"2024-02-27"},{"lineNumber":62,"author":{"gitId":"jelemii"},"content":"        taskList[index++] \u003d new Deadline(desc, by);","lastModifiedDate":"2024-02-27"},{"lineNumber":63,"author":{"gitId":"jelemii"},"content":"        System.out.println(\"Got it. I\u0027ve added this task:\");","lastModifiedDate":"2024-02-27"},{"lineNumber":64,"author":{"gitId":"jelemii"},"content":"        System.out.println(index + \". \" + taskList[index - 1].toString());","lastModifiedDate":"2024-03-16"},{"lineNumber":65,"author":{"gitId":"jelemii"},"content":"        System.out.println(\"Now you have \" + index + \" tasks in the list.\");","lastModifiedDate":"2024-02-27"},{"lineNumber":66,"author":{"gitId":"jelemii"},"content":"    }","lastModifiedDate":"2024-02-27"},{"lineNumber":67,"author":{"gitId":"jelemii"},"content":"    public static void handleEvent(String input) throws DukeException {","lastModifiedDate":"2024-03-16"},{"lineNumber":68,"author":{"gitId":"jelemii"},"content":"        if(input.substring(5).trim().isEmpty()) {","lastModifiedDate":"2024-03-16"},{"lineNumber":69,"author":{"gitId":"jelemii"},"content":"            throw new DukeException(\"Input task is empty. Input the task you want to add \" +","lastModifiedDate":"2024-03-16"},{"lineNumber":70,"author":{"gitId":"jelemii"},"content":"                    \"after the \\\"event\\\" command\" +","lastModifiedDate":"2024-03-16"},{"lineNumber":71,"author":{"gitId":"jelemii"},"content":"                    \"\\ne.g. \\\"event task /from start-date /to end-date\\\"\");","lastModifiedDate":"2024-03-16"},{"lineNumber":72,"author":{"gitId":"jelemii"},"content":"        }","lastModifiedDate":"2024-03-16"},{"lineNumber":73,"author":{"gitId":"jelemii"},"content":"        else if (input.charAt(5) !\u003d \u0027 \u0027) {","lastModifiedDate":"2024-03-16"},{"lineNumber":74,"author":{"gitId":"jelemii"},"content":"            throw new DukeException(\"Invalid format. Please add a space after the \\\"event\\\" \" +","lastModifiedDate":"2024-03-16"},{"lineNumber":75,"author":{"gitId":"jelemii"},"content":"                    \"command.\");","lastModifiedDate":"2024-03-16"},{"lineNumber":76,"author":{"gitId":"jelemii"},"content":"        }","lastModifiedDate":"2024-03-16"},{"lineNumber":77,"author":{"gitId":"jelemii"},"content":"        else if(!(input.contains(\"/from\") \u0026\u0026 input.contains(\"/to\"))) {","lastModifiedDate":"2024-03-16"},{"lineNumber":78,"author":{"gitId":"jelemii"},"content":"            throw new DukeException(\"Invalid format. Please add a \\\"/from\\\" and \\\"/to\\\" \" +","lastModifiedDate":"2024-03-16"},{"lineNumber":79,"author":{"gitId":"jelemii"},"content":"                    \"for event tasks.\");","lastModifiedDate":"2024-03-16"},{"lineNumber":80,"author":{"gitId":"jelemii"},"content":"        }","lastModifiedDate":"2024-02-19"},{"lineNumber":81,"author":{"gitId":"jelemii"},"content":"","lastModifiedDate":"2024-02-19"},{"lineNumber":82,"author":{"gitId":"jelemii"},"content":"        int fromIndex \u003d input.indexOf(\"/from\");","lastModifiedDate":"2024-03-16"},{"lineNumber":83,"author":{"gitId":"jelemii"},"content":"        int toIndex \u003d input.indexOf(\"/to\");","lastModifiedDate":"2024-03-16"},{"lineNumber":84,"author":{"gitId":"jelemii"},"content":"        String desc \u003d input.substring(6, fromIndex).trim();","lastModifiedDate":"2024-03-16"},{"lineNumber":85,"author":{"gitId":"jelemii"},"content":"        String from \u003d input.substring(fromIndex + 5, toIndex).trim();","lastModifiedDate":"2024-03-16"},{"lineNumber":86,"author":{"gitId":"jelemii"},"content":"        String to \u003d input.substring(toIndex + 3).trim();","lastModifiedDate":"2024-03-16"},{"lineNumber":87,"author":{"gitId":"jelemii"},"content":"","lastModifiedDate":"2024-02-10"},{"lineNumber":88,"author":{"gitId":"jelemii"},"content":"","lastModifiedDate":"2024-02-10"},{"lineNumber":89,"author":{"gitId":"jelemii"},"content":"        if(desc.isEmpty() || from.isEmpty() || to.isEmpty()) {","lastModifiedDate":"2024-03-16"},{"lineNumber":90,"author":{"gitId":"jelemii"},"content":"            throw new DukeException(\"\"\"","lastModifiedDate":"2024-03-16"},{"lineNumber":91,"author":{"gitId":"jelemii"},"content":"                    Task or date is empty. Input a task and 2 dates for the\\s","lastModifiedDate":"2024-03-16"},{"lineNumber":92,"author":{"gitId":"jelemii"},"content":"                    start-date and end-date you want for the task after the \"/event\" command.","lastModifiedDate":"2024-03-16"},{"lineNumber":93,"author":{"gitId":"jelemii"},"content":"                     e.g. \"event task /from start-date /to end-date\\\"\"\"\");","lastModifiedDate":"2024-03-16"},{"lineNumber":94,"author":{"gitId":"jelemii"},"content":"        }","lastModifiedDate":"2024-03-16"},{"lineNumber":95,"author":{"gitId":"jelemii"},"content":"","lastModifiedDate":"2024-02-10"},{"lineNumber":96,"author":{"gitId":"jelemii"},"content":"        else if ((!input.substring(fromIndex+5).startsWith(\" \") || input.charAt(fromIndex - 1) !\u003d \u0027 \u0027) ||","lastModifiedDate":"2024-03-16"},{"lineNumber":97,"author":{"gitId":"jelemii"},"content":"                (!input.substring(toIndex+3).startsWith(\" \") || input.charAt(toIndex - 1) !\u003d \u0027 \u0027)) {","lastModifiedDate":"2024-03-16"},{"lineNumber":98,"author":{"gitId":"jelemii"},"content":"            throw new DukeException(\"Invalid format. Please add a space between the \\\"/from\\\" and \\\"/to\\\" command.\");","lastModifiedDate":"2024-03-16"},{"lineNumber":99,"author":{"gitId":"jelemii"},"content":"        }","lastModifiedDate":"2024-02-11"},{"lineNumber":100,"author":{"gitId":"jelemii"},"content":"","lastModifiedDate":"2024-03-16"},{"lineNumber":101,"author":{"gitId":"jelemii"},"content":"        else {","lastModifiedDate":"2024-02-11"},{"lineNumber":102,"author":{"gitId":"jelemii"},"content":"            checkDuplicate(desc);","lastModifiedDate":"2024-03-16"},{"lineNumber":103,"author":{"gitId":"jelemii"},"content":"        }","lastModifiedDate":"2024-02-11"},{"lineNumber":104,"author":{"gitId":"jelemii"},"content":"        addEvent(desc, from, to);","lastModifiedDate":"2024-03-16"},{"lineNumber":105,"author":{"gitId":"jelemii"},"content":"    }","lastModifiedDate":"2024-02-11"},{"lineNumber":106,"author":{"gitId":"jelemii"},"content":"    public static void addEvent(String desc, String from, String to) {","lastModifiedDate":"2024-03-16"},{"lineNumber":107,"author":{"gitId":"jelemii"},"content":"        taskList[index++] \u003d new Event(desc, from, to);","lastModifiedDate":"2024-03-16"},{"lineNumber":108,"author":{"gitId":"jelemii"},"content":"        System.out.println(\"Got it. I\u0027ve added this task:\");","lastModifiedDate":"2024-03-16"},{"lineNumber":109,"author":{"gitId":"jelemii"},"content":"        System.out.println(index + \". \" + taskList[index - 1].toString());","lastModifiedDate":"2024-03-16"},{"lineNumber":110,"author":{"gitId":"jelemii"},"content":"        System.out.println(\"Now you have \" + index + \" tasks in the list.\");","lastModifiedDate":"2024-03-16"},{"lineNumber":111,"author":{"gitId":"jelemii"},"content":"    }","lastModifiedDate":"2024-02-19"},{"lineNumber":112,"author":{"gitId":"jelemii"},"content":"","lastModifiedDate":"2024-03-07"},{"lineNumber":113,"author":{"gitId":"jelemii"},"content":"    public static void markTask(String input) {","lastModifiedDate":"2024-03-16"},{"lineNumber":114,"author":{"gitId":"jelemii"},"content":"        try {","lastModifiedDate":"2024-03-07"},{"lineNumber":115,"author":{"gitId":"jelemii"},"content":"            checkIfEmpty();","lastModifiedDate":"2024-03-16"},{"lineNumber":116,"author":{"gitId":"jelemii"},"content":"            if(input.substring(4).trim().isEmpty()) {","lastModifiedDate":"2024-03-16"},{"lineNumber":117,"author":{"gitId":"jelemii"},"content":"                throw new DukeException(\"Please input a number.\");","lastModifiedDate":"2024-03-16"},{"lineNumber":118,"author":{"gitId":"jelemii"},"content":"            }","lastModifiedDate":"2024-03-16"},{"lineNumber":119,"author":{"gitId":"jelemii"},"content":"            else if(input.charAt(4) !\u003d \u0027 \u0027) {","lastModifiedDate":"2024-03-16"},{"lineNumber":120,"author":{"gitId":"jelemii"},"content":"                throw new DukeException(\"Invalid format. Please add a space after the command.\");","lastModifiedDate":"2024-03-16"},{"lineNumber":121,"author":{"gitId":"jelemii"},"content":"            }","lastModifiedDate":"2024-03-16"},{"lineNumber":122,"author":{"gitId":"jelemii"},"content":"            int getIndex \u003d Integer.parseInt(input.substring(5)) - 1;","lastModifiedDate":"2024-02-19"},{"lineNumber":123,"author":{"gitId":"jelemii"},"content":"            if(getIndex \u003e\u003d 0 \u0026\u0026 getIndex \u003c index) {","lastModifiedDate":"2024-02-19"},{"lineNumber":124,"author":{"gitId":"jelemii"},"content":"                Task task \u003d taskList[getIndex];","lastModifiedDate":"2024-02-19"},{"lineNumber":125,"author":{"gitId":"jelemii"},"content":"                if(task.getStatusIcon().equals(\"X\")){","lastModifiedDate":"2024-03-16"},{"lineNumber":126,"author":{"gitId":"jelemii"},"content":"                    throw new DukeException(\"Task has already been marked.\");","lastModifiedDate":"2024-03-16"},{"lineNumber":127,"author":{"gitId":"jelemii"},"content":"                }","lastModifiedDate":"2024-03-16"},{"lineNumber":128,"author":{"gitId":"jelemii"},"content":"                task.markAsDone();","lastModifiedDate":"2024-02-19"},{"lineNumber":129,"author":{"gitId":"jelemii"},"content":"                System.out.println(\"Nice! I\u0027ve marked this task as done: \");","lastModifiedDate":"2024-02-19"},{"lineNumber":130,"author":{"gitId":"jelemii"},"content":"                System.out.println(taskList[getIndex].toString());","lastModifiedDate":"2024-02-27"},{"lineNumber":131,"author":{"gitId":"jelemii"},"content":"            } else {","lastModifiedDate":"2024-02-19"},{"lineNumber":132,"author":{"gitId":"jelemii"},"content":"                throw new IndexOutOfBoundsException();","lastModifiedDate":"2024-03-16"},{"lineNumber":133,"author":{"gitId":"jelemii"},"content":"            }","lastModifiedDate":"2024-02-19"},{"lineNumber":134,"author":{"gitId":"jelemii"},"content":"        } catch (NumberFormatException e) {","lastModifiedDate":"2024-03-07"},{"lineNumber":135,"author":{"gitId":"jelemii"},"content":"            System.out.println(\"Please enter a valid number.\");","lastModifiedDate":"2024-03-16"},{"lineNumber":136,"author":{"gitId":"jelemii"},"content":"        } catch (IndexOutOfBoundsException e) {","lastModifiedDate":"2024-03-16"},{"lineNumber":137,"author":{"gitId":"jelemii"},"content":"            System.out.print(\"Index does not exist. \");","lastModifiedDate":"2024-03-16"},{"lineNumber":138,"author":{"gitId":"jelemii"},"content":"            showList();","lastModifiedDate":"2024-03-16"},{"lineNumber":139,"author":{"gitId":"jelemii"},"content":"        } catch (DukeException e) {","lastModifiedDate":"2024-03-16"},{"lineNumber":140,"author":{"gitId":"jelemii"},"content":"            System.out.println(e.getMessage());","lastModifiedDate":"2024-03-16"},{"lineNumber":141,"author":{"gitId":"jelemii"},"content":"        }","lastModifiedDate":"2024-03-07"},{"lineNumber":142,"author":{"gitId":"jelemii"},"content":"    }","lastModifiedDate":"2024-02-19"},{"lineNumber":143,"author":{"gitId":"jelemii"},"content":"","lastModifiedDate":"2024-03-16"},{"lineNumber":144,"author":{"gitId":"jelemii"},"content":"    public static void unmarkTask(String input){","lastModifiedDate":"2024-03-16"},{"lineNumber":145,"author":{"gitId":"jelemii"},"content":"        try {","lastModifiedDate":"2024-03-16"},{"lineNumber":146,"author":{"gitId":"jelemii"},"content":"            checkIfEmpty();","lastModifiedDate":"2024-03-16"},{"lineNumber":147,"author":{"gitId":"jelemii"},"content":"            if(input.substring(6).trim().isEmpty()) {","lastModifiedDate":"2024-03-16"},{"lineNumber":148,"author":{"gitId":"jelemii"},"content":"                throw new DukeException(\"Please input a number.\");","lastModifiedDate":"2024-03-16"},{"lineNumber":149,"author":{"gitId":"jelemii"},"content":"            }","lastModifiedDate":"2024-03-16"},{"lineNumber":150,"author":{"gitId":"jelemii"},"content":"            if(input.charAt(6) !\u003d \u0027 \u0027) {","lastModifiedDate":"2024-03-16"},{"lineNumber":151,"author":{"gitId":"jelemii"},"content":"                throw new DukeException(\"Invalid format. Please add a space after the command.\");","lastModifiedDate":"2024-03-16"},{"lineNumber":152,"author":{"gitId":"jelemii"},"content":"            }","lastModifiedDate":"2024-03-16"},{"lineNumber":153,"author":{"gitId":"jelemii"},"content":"            int getIndex \u003d Integer.parseInt(input.substring(7)) - 1;","lastModifiedDate":"2024-02-19"},{"lineNumber":154,"author":{"gitId":"jelemii"},"content":"            if (getIndex \u003e\u003d 0 \u0026\u0026 getIndex \u003c index) {","lastModifiedDate":"2024-02-19"},{"lineNumber":155,"author":{"gitId":"jelemii"},"content":"                Task task \u003d taskList[getIndex];","lastModifiedDate":"2024-02-19"},{"lineNumber":156,"author":{"gitId":"jelemii"},"content":"                if(!task.getStatusIcon().equals(\"X\")){","lastModifiedDate":"2024-03-16"},{"lineNumber":157,"author":{"gitId":"jelemii"},"content":"                    throw new DukeException(\"Task is currently unmarked already.\");","lastModifiedDate":"2024-03-16"},{"lineNumber":158,"author":{"gitId":"jelemii"},"content":"                }","lastModifiedDate":"2024-03-16"},{"lineNumber":159,"author":{"gitId":"jelemii"},"content":"                task.unmarkAsDone();","lastModifiedDate":"2024-02-19"},{"lineNumber":160,"author":{"gitId":"jelemii"},"content":"                System.out.println(\"OK, I\u0027ve marked this task as not done yet: \");","lastModifiedDate":"2024-02-19"},{"lineNumber":161,"author":{"gitId":"jelemii"},"content":"                System.out.println(taskList[getIndex].toString());","lastModifiedDate":"2024-02-27"},{"lineNumber":162,"author":{"gitId":"jelemii"},"content":"            } else {","lastModifiedDate":"2024-02-19"},{"lineNumber":163,"author":{"gitId":"jelemii"},"content":"                throw new IndexOutOfBoundsException();","lastModifiedDate":"2024-03-16"},{"lineNumber":164,"author":{"gitId":"jelemii"},"content":"            }","lastModifiedDate":"2024-03-16"},{"lineNumber":165,"author":{"gitId":"jelemii"},"content":"        } catch (NumberFormatException e) {","lastModifiedDate":"2024-03-16"},{"lineNumber":166,"author":{"gitId":"jelemii"},"content":"            System.out.println(\"Please enter a valid number.\");","lastModifiedDate":"2024-03-16"},{"lineNumber":167,"author":{"gitId":"jelemii"},"content":"        } catch (IndexOutOfBoundsException e) {","lastModifiedDate":"2024-03-16"},{"lineNumber":168,"author":{"gitId":"jelemii"},"content":"            System.out.print(\"Index does not exist. \");","lastModifiedDate":"2024-03-16"},{"lineNumber":169,"author":{"gitId":"jelemii"},"content":"            showList();","lastModifiedDate":"2024-03-16"},{"lineNumber":170,"author":{"gitId":"jelemii"},"content":"        } catch (DukeException e) {","lastModifiedDate":"2024-03-16"},{"lineNumber":171,"author":{"gitId":"jelemii"},"content":"            System.out.println(e.getMessage());","lastModifiedDate":"2024-03-16"},{"lineNumber":172,"author":{"gitId":"jelemii"},"content":"        }","lastModifiedDate":"2024-03-16"},{"lineNumber":173,"author":{"gitId":"jelemii"},"content":"    }","lastModifiedDate":"2024-03-16"},{"lineNumber":174,"author":{"gitId":"jelemii"},"content":"","lastModifiedDate":"2024-03-16"},{"lineNumber":175,"author":{"gitId":"jelemii"},"content":"    public static void checkIfEmpty() throws DukeException {","lastModifiedDate":"2024-03-16"},{"lineNumber":176,"author":{"gitId":"jelemii"},"content":"        if(index \u003d\u003d 0) {","lastModifiedDate":"2024-03-16"},{"lineNumber":177,"author":{"gitId":"jelemii"},"content":"            throw new DukeException(\"List is empty. Please add a task first.\");","lastModifiedDate":"2024-03-16"},{"lineNumber":178,"author":{"gitId":"jelemii"},"content":"        }","lastModifiedDate":"2024-02-19"},{"lineNumber":179,"author":{"gitId":"jelemii"},"content":"    }","lastModifiedDate":"2024-02-11"},{"lineNumber":180,"author":{"gitId":"jelemii"},"content":"    public static void checkDuplicate(String desc) throws DukeException {","lastModifiedDate":"2024-03-16"},{"lineNumber":181,"author":{"gitId":"jelemii"},"content":"        for (int i \u003d 0; i \u003c index; i++) {","lastModifiedDate":"2024-03-16"},{"lineNumber":182,"author":{"gitId":"jelemii"},"content":"            if (taskList[i].description.equals(desc)) {","lastModifiedDate":"2024-03-16"},{"lineNumber":183,"author":{"gitId":"jelemii"},"content":"                throw new DukeException(\"Task already exists in the list.\");","lastModifiedDate":"2024-03-16"},{"lineNumber":184,"author":{"gitId":"jelemii"},"content":"            }","lastModifiedDate":"2024-03-16"},{"lineNumber":185,"author":{"gitId":"jelemii"},"content":"        }","lastModifiedDate":"2024-03-16"},{"lineNumber":186,"author":{"gitId":"jelemii"},"content":"    }","lastModifiedDate":"2024-03-16"},{"lineNumber":187,"author":{"gitId":"jelemii"},"content":"    public static void showList(){","lastModifiedDate":"2024-03-16"},{"lineNumber":188,"author":{"gitId":"jelemii"},"content":"        System.out.println(\"Here are the tasks in your list:\");","lastModifiedDate":"2024-03-16"},{"lineNumber":189,"author":{"gitId":"jelemii"},"content":"        for (int i \u003d 0; i \u003c index; i++) {","lastModifiedDate":"2024-03-16"},{"lineNumber":190,"author":{"gitId":"jelemii"},"content":"            System.out.println((i+1) + \". \" + taskList[i].toString());","lastModifiedDate":"2024-03-16"},{"lineNumber":191,"author":{"gitId":"jelemii"},"content":"        }","lastModifiedDate":"2024-03-16"},{"lineNumber":192,"author":{"gitId":"jelemii"},"content":"    }","lastModifiedDate":"2024-03-16"},{"lineNumber":193,"author":{"gitId":"-"},"content":"    public static void main(String[] args) {","lastModifiedDate":"2024-03-16"},{"lineNumber":194,"author":{"gitId":"jelemii"},"content":"        String greetUser \u003d \"Hello! I\u0027m jelemiiBot\\n\"","lastModifiedDate":"2024-03-16"},{"lineNumber":195,"author":{"gitId":"jelemii"},"content":"                + \"What can I do for you?\\n\";","lastModifiedDate":"2024-03-16"},{"lineNumber":196,"author":{"gitId":"jelemii"},"content":"        System.out.println(greetUser);","lastModifiedDate":"2024-03-16"},{"lineNumber":197,"author":{"gitId":"jelemii"},"content":"","lastModifiedDate":"2024-03-16"},{"lineNumber":198,"author":{"gitId":"jelemii"},"content":"        boolean getInput \u003d true;","lastModifiedDate":"2024-03-16"},{"lineNumber":199,"author":{"gitId":"jelemii"},"content":"        Scanner in \u003d new Scanner(System.in);","lastModifiedDate":"2024-03-16"},{"lineNumber":200,"author":{"gitId":"jelemii"},"content":"","lastModifiedDate":"2024-03-16"},{"lineNumber":201,"author":{"gitId":"jelemii"},"content":"","lastModifiedDate":"2024-03-16"},{"lineNumber":202,"author":{"gitId":"jelemii"},"content":"        while (getInput) {","lastModifiedDate":"2024-03-16"},{"lineNumber":203,"author":{"gitId":"jelemii"},"content":"            String input \u003d in.nextLine().trim().toLowerCase();","lastModifiedDate":"2024-03-16"},{"lineNumber":204,"author":{"gitId":"jelemii"},"content":"            try {","lastModifiedDate":"2024-03-16"},{"lineNumber":205,"author":{"gitId":"jelemii"},"content":"                if (input.equals(\"list\")) {","lastModifiedDate":"2024-03-16"},{"lineNumber":206,"author":{"gitId":"jelemii"},"content":"                    checkIfEmpty();","lastModifiedDate":"2024-03-16"},{"lineNumber":207,"author":{"gitId":"jelemii"},"content":"                    showList();","lastModifiedDate":"2024-03-16"},{"lineNumber":208,"author":{"gitId":"jelemii"},"content":"","lastModifiedDate":"2024-03-16"},{"lineNumber":209,"author":{"gitId":"jelemii"},"content":"                }","lastModifiedDate":"2024-03-16"},{"lineNumber":210,"author":{"gitId":"jelemii"},"content":"                else if(input.equals(\"bye\")) {","lastModifiedDate":"2024-03-16"},{"lineNumber":211,"author":{"gitId":"jelemii"},"content":"                    System.out.println(\"Bye. Hope to see you again soon!\");","lastModifiedDate":"2024-03-16"},{"lineNumber":212,"author":{"gitId":"jelemii"},"content":"                    getInput \u003d false;","lastModifiedDate":"2024-03-16"},{"lineNumber":213,"author":{"gitId":"jelemii"},"content":"                }","lastModifiedDate":"2024-03-16"},{"lineNumber":214,"author":{"gitId":"jelemii"},"content":"                else if(input.startsWith(\"mark\")){","lastModifiedDate":"2024-03-16"},{"lineNumber":215,"author":{"gitId":"jelemii"},"content":"                    markTask(input);","lastModifiedDate":"2024-03-16"},{"lineNumber":216,"author":{"gitId":"jelemii"},"content":"                }","lastModifiedDate":"2024-03-16"},{"lineNumber":217,"author":{"gitId":"jelemii"},"content":"                else if(input.startsWith(\"unmark\")){","lastModifiedDate":"2024-03-16"},{"lineNumber":218,"author":{"gitId":"jelemii"},"content":"                    unmarkTask(input);","lastModifiedDate":"2024-03-16"},{"lineNumber":219,"author":{"gitId":"jelemii"},"content":"                }","lastModifiedDate":"2024-03-16"},{"lineNumber":220,"author":{"gitId":"jelemii"},"content":"                else if(input.startsWith(\"todo\")) {","lastModifiedDate":"2024-02-27"},{"lineNumber":221,"author":{"gitId":"jelemii"},"content":"                    handleTodo(input);","lastModifiedDate":"2024-03-16"},{"lineNumber":222,"author":{"gitId":"jelemii"},"content":"                }","lastModifiedDate":"2024-02-27"},{"lineNumber":223,"author":{"gitId":"jelemii"},"content":"                else if(input.startsWith(\"deadline\")) {","lastModifiedDate":"2024-02-27"},{"lineNumber":224,"author":{"gitId":"jelemii"},"content":"                    handleDeadLine(input);","lastModifiedDate":"2024-03-16"},{"lineNumber":225,"author":{"gitId":"jelemii"},"content":"                }","lastModifiedDate":"2024-02-27"},{"lineNumber":226,"author":{"gitId":"jelemii"},"content":"                else if(input.startsWith(\"event\")) {","lastModifiedDate":"2024-02-27"},{"lineNumber":227,"author":{"gitId":"jelemii"},"content":"                   handleEvent(input);","lastModifiedDate":"2024-03-16"},{"lineNumber":228,"author":{"gitId":"jelemii"},"content":"                }","lastModifiedDate":"2024-02-27"},{"lineNumber":229,"author":{"gitId":"jelemii"},"content":"                else {","lastModifiedDate":"2024-02-11"},{"lineNumber":230,"author":{"gitId":"jelemii"},"content":"                    throw new DukeException(\"Please input a valid command to add new task \" +","lastModifiedDate":"2024-03-16"},{"lineNumber":231,"author":{"gitId":"jelemii"},"content":"                            \"or mark/unmark a current task.\");","lastModifiedDate":"2024-03-16"},{"lineNumber":232,"author":{"gitId":"jelemii"},"content":"                }","lastModifiedDate":"2024-03-07"},{"lineNumber":233,"author":{"gitId":"jelemii"},"content":"            } catch (DukeException e) {","lastModifiedDate":"2024-03-07"},{"lineNumber":234,"author":{"gitId":"jelemii"},"content":"                System.out.println(e.getMessage());","lastModifiedDate":"2024-03-16"},{"lineNumber":235,"author":{"gitId":"jelemii"},"content":"            }","lastModifiedDate":"2024-02-11"},{"lineNumber":236,"author":{"gitId":"jelemii"},"content":"        }","lastModifiedDate":"2024-02-19"},{"lineNumber":237,"author":{"gitId":"-"},"content":"    }","lastModifiedDate":"2019-07-29"},{"lineNumber":238,"author":{"gitId":"-"},"content":"}","lastModifiedDate":"2019-07-29"}],"authorContributionMap":{"jelemii":234,"-":4}},{"path":"src/main/java/DukeException.java","fileType":"java","lines":[{"lineNumber":1,"author":{"gitId":"jelemii"},"content":"public class DukeException extends Exception {","lastModifiedDate":"2024-03-07"},{"lineNumber":2,"author":{"gitId":"jelemii"},"content":"    public DukeException(String message) {","lastModifiedDate":"2024-03-16"},{"lineNumber":3,"author":{"gitId":"jelemii"},"content":"        super(message);","lastModifiedDate":"2024-03-16"},{"lineNumber":4,"author":{"gitId":"jelemii"},"content":"    }","lastModifiedDate":"2024-03-16"},{"lineNumber":5,"author":{"gitId":"jelemii"},"content":"}","lastModifiedDate":"2024-03-07"}],"authorContributionMap":{"jelemii":5}},{"path":"src/main/java/Event.java","fileType":"java","lines":[{"lineNumber":1,"author":{"gitId":"jelemii"},"content":"public class Event extends Task{","lastModifiedDate":"2024-02-27"},{"lineNumber":2,"author":{"gitId":"jelemii"},"content":"","lastModifiedDate":"2024-02-27"},{"lineNumber":3,"author":{"gitId":"jelemii"},"content":"    protected String from;","lastModifiedDate":"2024-02-27"},{"lineNumber":4,"author":{"gitId":"jelemii"},"content":"    protected String to;","lastModifiedDate":"2024-02-27"},{"lineNumber":5,"author":{"gitId":"jelemii"},"content":"","lastModifiedDate":"2024-02-27"},{"lineNumber":6,"author":{"gitId":"jelemii"},"content":"    public Event(String description, String from, String to) {","lastModifiedDate":"2024-02-27"},{"lineNumber":7,"author":{"gitId":"jelemii"},"content":"        super(description);","lastModifiedDate":"2024-02-27"},{"lineNumber":8,"author":{"gitId":"jelemii"},"content":"        this.from \u003d from;","lastModifiedDate":"2024-02-27"},{"lineNumber":9,"author":{"gitId":"jelemii"},"content":"        this.to \u003d to;","lastModifiedDate":"2024-02-27"},{"lineNumber":10,"author":{"gitId":"jelemii"},"content":"    }","lastModifiedDate":"2024-02-27"},{"lineNumber":11,"author":{"gitId":"jelemii"},"content":"","lastModifiedDate":"2024-02-27"},{"lineNumber":12,"author":{"gitId":"jelemii"},"content":"    @Override","lastModifiedDate":"2024-02-27"},{"lineNumber":13,"author":{"gitId":"jelemii"},"content":"    public String toString() {","lastModifiedDate":"2024-02-27"},{"lineNumber":14,"author":{"gitId":"jelemii"},"content":"        return \"[E]\" + super.toString() + \" (from: \" + from + \" to: \" + to + \")\";","lastModifiedDate":"2024-02-27"},{"lineNumber":15,"author":{"gitId":"jelemii"},"content":"    }","lastModifiedDate":"2024-02-27"},{"lineNumber":16,"author":{"gitId":"jelemii"},"content":"}","lastModifiedDate":"2024-02-27"}],"authorContributionMap":{"jelemii":16}},{"path":"src/main/java/Task.java","fileType":"java","lines":[{"lineNumber":1,"author":{"gitId":"jelemii"},"content":"public class Task {","lastModifiedDate":"2024-02-19"},{"lineNumber":2,"author":{"gitId":"jelemii"},"content":"","lastModifiedDate":"2024-02-19"},{"lineNumber":3,"author":{"gitId":"jelemii"},"content":"    protected String description;","lastModifiedDate":"2024-02-19"},{"lineNumber":4,"author":{"gitId":"jelemii"},"content":"    protected boolean isDone;","lastModifiedDate":"2024-02-19"},{"lineNumber":5,"author":{"gitId":"jelemii"},"content":"","lastModifiedDate":"2024-02-19"},{"lineNumber":6,"author":{"gitId":"jelemii"},"content":"    public Task(String description) {","lastModifiedDate":"2024-02-19"},{"lineNumber":7,"author":{"gitId":"jelemii"},"content":"        this.description \u003d description;","lastModifiedDate":"2024-02-19"},{"lineNumber":8,"author":{"gitId":"jelemii"},"content":"        this.isDone \u003d false;","lastModifiedDate":"2024-02-19"},{"lineNumber":9,"author":{"gitId":"jelemii"},"content":"    }","lastModifiedDate":"2024-02-19"},{"lineNumber":10,"author":{"gitId":"jelemii"},"content":"","lastModifiedDate":"2024-02-19"},{"lineNumber":11,"author":{"gitId":"jelemii"},"content":"    public String getStatusIcon() {","lastModifiedDate":"2024-02-19"},{"lineNumber":12,"author":{"gitId":"jelemii"},"content":"        return (isDone ? \"X\" : \" \"); // mark done task with X","lastModifiedDate":"2024-02-19"},{"lineNumber":13,"author":{"gitId":"jelemii"},"content":"    }","lastModifiedDate":"2024-02-19"},{"lineNumber":14,"author":{"gitId":"jelemii"},"content":"","lastModifiedDate":"2024-02-19"},{"lineNumber":15,"author":{"gitId":"jelemii"},"content":"    public void markAsDone() {","lastModifiedDate":"2024-02-19"},{"lineNumber":16,"author":{"gitId":"jelemii"},"content":"        this.isDone \u003d true;","lastModifiedDate":"2024-02-19"},{"lineNumber":17,"author":{"gitId":"jelemii"},"content":"    }","lastModifiedDate":"2024-02-19"},{"lineNumber":18,"author":{"gitId":"jelemii"},"content":"","lastModifiedDate":"2024-02-19"},{"lineNumber":19,"author":{"gitId":"jelemii"},"content":"    public void unmarkAsDone() {","lastModifiedDate":"2024-02-19"},{"lineNumber":20,"author":{"gitId":"jelemii"},"content":"        this.isDone \u003d false;","lastModifiedDate":"2024-02-19"},{"lineNumber":21,"author":{"gitId":"jelemii"},"content":"    }","lastModifiedDate":"2024-02-19"},{"lineNumber":22,"author":{"gitId":"jelemii"},"content":"    @Override","lastModifiedDate":"2024-02-27"},{"lineNumber":23,"author":{"gitId":"jelemii"},"content":"    public String toString() {","lastModifiedDate":"2024-02-27"},{"lineNumber":24,"author":{"gitId":"jelemii"},"content":"        return \"[\" + getStatusIcon() + \"] \" + description;","lastModifiedDate":"2024-02-27"},{"lineNumber":25,"author":{"gitId":"jelemii"},"content":"    }","lastModifiedDate":"2024-02-27"},{"lineNumber":26,"author":{"gitId":"jelemii"},"content":"}","lastModifiedDate":"2024-02-19"}],"authorContributionMap":{"jelemii":26}},{"path":"src/main/java/Todo.java","fileType":"java","lines":[{"lineNumber":1,"author":{"gitId":"jelemii"},"content":"public class Todo extends Task {","lastModifiedDate":"2024-02-27"},{"lineNumber":2,"author":{"gitId":"jelemii"},"content":"","lastModifiedDate":"2024-02-27"},{"lineNumber":3,"author":{"gitId":"jelemii"},"content":"    public Todo(String description) {","lastModifiedDate":"2024-02-27"},{"lineNumber":4,"author":{"gitId":"jelemii"},"content":"        super(description.substring(5));","lastModifiedDate":"2024-02-27"},{"lineNumber":5,"author":{"gitId":"jelemii"},"content":"    }","lastModifiedDate":"2024-02-27"},{"lineNumber":6,"author":{"gitId":"jelemii"},"content":"","lastModifiedDate":"2024-02-27"},{"lineNumber":7,"author":{"gitId":"jelemii"},"content":"    @Override","lastModifiedDate":"2024-02-27"},{"lineNumber":8,"author":{"gitId":"jelemii"},"content":"    public String toString() {","lastModifiedDate":"2024-02-27"},{"lineNumber":9,"author":{"gitId":"jelemii"},"content":"        return \"[T]\" + super.toString();","lastModifiedDate":"2024-02-27"},{"lineNumber":10,"author":{"gitId":"jelemii"},"content":"    }","lastModifiedDate":"2024-02-27"},{"lineNumber":11,"author":{"gitId":"jelemii"},"content":"}","lastModifiedDate":"2024-02-27"},{"lineNumber":12,"author":{"gitId":"jelemii"},"content":"","lastModifiedDate":"2024-02-27"}],"authorContributionMap":{"jelemii":12}}]
