[{"path":"src/main/java/Deadline.java","fileType":"java","lines":[{"lineNumber":1,"author":{"gitId":"jelemii"},"content":"public class Deadline extends Task {","lastModifiedDate":"2024-02-27"},{"lineNumber":2,"author":{"gitId":"jelemii"},"content":"","lastModifiedDate":"2024-02-27"},{"lineNumber":3,"author":{"gitId":"jelemii"},"content":"    protected String by;","lastModifiedDate":"2024-02-27"},{"lineNumber":4,"author":{"gitId":"jelemii"},"content":"","lastModifiedDate":"2024-02-27"},{"lineNumber":5,"author":{"gitId":"jelemii"},"content":"    public Deadline(String description, String by) {","lastModifiedDate":"2024-02-27"},{"lineNumber":6,"author":{"gitId":"jelemii"},"content":"        super(description);","lastModifiedDate":"2024-02-27"},{"lineNumber":7,"author":{"gitId":"jelemii"},"content":"        this.by \u003d by;","lastModifiedDate":"2024-02-27"},{"lineNumber":8,"author":{"gitId":"jelemii"},"content":"    }","lastModifiedDate":"2024-02-27"},{"lineNumber":9,"author":{"gitId":"jelemii"},"content":"","lastModifiedDate":"2024-02-27"},{"lineNumber":10,"author":{"gitId":"jelemii"},"content":"    @Override","lastModifiedDate":"2024-02-27"},{"lineNumber":11,"author":{"gitId":"jelemii"},"content":"    public String toString() {","lastModifiedDate":"2024-02-27"},{"lineNumber":12,"author":{"gitId":"jelemii"},"content":"        return \"[D]\" + super.toString() + \" (by: \" + by + \")\";","lastModifiedDate":"2024-02-27"},{"lineNumber":13,"author":{"gitId":"jelemii"},"content":"    }","lastModifiedDate":"2024-02-27"},{"lineNumber":14,"author":{"gitId":"jelemii"},"content":"}","lastModifiedDate":"2024-02-27"}],"authorContributionMap":{"jelemii":14}},{"path":"src/main/java/Duke.java","fileType":"java","lines":[{"lineNumber":1,"author":{"gitId":"jelemii"},"content":"import java.util.Scanner;","lastModifiedDate":"2024-02-10"},{"lineNumber":2,"author":{"gitId":"jelemii"},"content":"","lastModifiedDate":"2024-02-10"},{"lineNumber":3,"author":{"gitId":"-"},"content":"public class Duke {","lastModifiedDate":"2019-07-29"},{"lineNumber":4,"author":{"gitId":"jelemii"},"content":"    protected static Task[] taskList \u003d new Task[100];","lastModifiedDate":"2024-02-19"},{"lineNumber":5,"author":{"gitId":"jelemii"},"content":"    protected static int index \u003d 0;","lastModifiedDate":"2024-02-19"},{"lineNumber":6,"author":{"gitId":"jelemii"},"content":"","lastModifiedDate":"2024-02-19"},{"lineNumber":7,"author":{"gitId":"jelemii"},"content":"    public static void addTodo(String input) {","lastModifiedDate":"2024-02-27"},{"lineNumber":8,"author":{"gitId":"jelemii"},"content":"        taskList[index++] \u003d new Todo(input);","lastModifiedDate":"2024-02-27"},{"lineNumber":9,"author":{"gitId":"jelemii"},"content":"        System.out.println(\"Got it. I\u0027ve added this task:\");","lastModifiedDate":"2024-02-27"},{"lineNumber":10,"author":{"gitId":"jelemii"},"content":"        System.out.println(\"  \" + taskList[index - 1].toString());","lastModifiedDate":"2024-02-27"},{"lineNumber":11,"author":{"gitId":"jelemii"},"content":"        System.out.println(\"Now you have \" + index + \" tasks in the list.\");","lastModifiedDate":"2024-02-27"},{"lineNumber":12,"author":{"gitId":"jelemii"},"content":"    }","lastModifiedDate":"2024-02-27"},{"lineNumber":13,"author":{"gitId":"jelemii"},"content":"","lastModifiedDate":"2024-02-27"},{"lineNumber":14,"author":{"gitId":"jelemii"},"content":"    public static void addDeadline(String desc, String by) {","lastModifiedDate":"2024-02-27"},{"lineNumber":15,"author":{"gitId":"jelemii"},"content":"        taskList[index++] \u003d new Deadline(desc, by);","lastModifiedDate":"2024-02-27"},{"lineNumber":16,"author":{"gitId":"jelemii"},"content":"        System.out.println(\"Got it. I\u0027ve added this task:\");","lastModifiedDate":"2024-02-27"},{"lineNumber":17,"author":{"gitId":"jelemii"},"content":"        System.out.println(\"  \" + taskList[index - 1].toString());","lastModifiedDate":"2024-02-27"},{"lineNumber":18,"author":{"gitId":"jelemii"},"content":"        System.out.println(\"Now you have \" + index + \" tasks in the list.\");","lastModifiedDate":"2024-02-27"},{"lineNumber":19,"author":{"gitId":"jelemii"},"content":"    }","lastModifiedDate":"2024-02-27"},{"lineNumber":20,"author":{"gitId":"jelemii"},"content":"","lastModifiedDate":"2024-02-27"},{"lineNumber":21,"author":{"gitId":"jelemii"},"content":"    public static void addEvent(String desc, String from, String to) {","lastModifiedDate":"2024-02-27"},{"lineNumber":22,"author":{"gitId":"jelemii"},"content":"        taskList[index++] \u003d new Event(desc, from, to);","lastModifiedDate":"2024-02-27"},{"lineNumber":23,"author":{"gitId":"jelemii"},"content":"        System.out.println(\"Got it. I\u0027ve added this task:\");","lastModifiedDate":"2024-02-27"},{"lineNumber":24,"author":{"gitId":"jelemii"},"content":"        System.out.println(\"  \" + taskList[index - 1].toString());","lastModifiedDate":"2024-02-27"},{"lineNumber":25,"author":{"gitId":"jelemii"},"content":"        System.out.println(\"Now you have \" + index + \" tasks in the list.\");","lastModifiedDate":"2024-02-27"},{"lineNumber":26,"author":{"gitId":"jelemii"},"content":"    }","lastModifiedDate":"2024-02-19"},{"lineNumber":27,"author":{"gitId":"jelemii"},"content":"","lastModifiedDate":"2024-02-19"},{"lineNumber":28,"author":{"gitId":"-"},"content":"    public static void main(String[] args) {","lastModifiedDate":"2019-07-29"},{"lineNumber":29,"author":{"gitId":"jelemii"},"content":"        String greetUser \u003d \"Hello! I\u0027m jelemiiBot\\n\"","lastModifiedDate":"2024-02-10"},{"lineNumber":30,"author":{"gitId":"jelemii"},"content":"                + \"What can I do for you?\\n\";","lastModifiedDate":"2024-02-10"},{"lineNumber":31,"author":{"gitId":"jelemii"},"content":"        System.out.println(greetUser);","lastModifiedDate":"2024-02-10"},{"lineNumber":32,"author":{"gitId":"jelemii"},"content":"","lastModifiedDate":"2024-02-10"},{"lineNumber":33,"author":{"gitId":"jelemii"},"content":"        boolean getInput \u003d true;","lastModifiedDate":"2024-02-19"},{"lineNumber":34,"author":{"gitId":"jelemii"},"content":"        Scanner in \u003d new Scanner(System.in);","lastModifiedDate":"2024-02-10"},{"lineNumber":35,"author":{"gitId":"jelemii"},"content":"","lastModifiedDate":"2024-02-10"},{"lineNumber":36,"author":{"gitId":"jelemii"},"content":"        while (getInput) {","lastModifiedDate":"2024-02-19"},{"lineNumber":37,"author":{"gitId":"jelemii"},"content":"            String input \u003d in.nextLine().trim();","lastModifiedDate":"2024-02-19"},{"lineNumber":38,"author":{"gitId":"jelemii"},"content":"","lastModifiedDate":"2024-02-10"},{"lineNumber":39,"author":{"gitId":"jelemii"},"content":"            if (input.equals(\"list\")) {","lastModifiedDate":"2024-02-11"},{"lineNumber":40,"author":{"gitId":"jelemii"},"content":"                if(index \u003d\u003d 0) {","lastModifiedDate":"2024-02-11"},{"lineNumber":41,"author":{"gitId":"jelemii"},"content":"                    System.out.println(\"List is empty\");","lastModifiedDate":"2024-02-11"},{"lineNumber":42,"author":{"gitId":"jelemii"},"content":"                }","lastModifiedDate":"2024-02-11"},{"lineNumber":43,"author":{"gitId":"jelemii"},"content":"                else {","lastModifiedDate":"2024-02-11"},{"lineNumber":44,"author":{"gitId":"jelemii"},"content":"                    System.out.println(\"Here are the tasks in your list:\");","lastModifiedDate":"2024-02-19"},{"lineNumber":45,"author":{"gitId":"jelemii"},"content":"                    for (int i \u003d 0; i \u003c index; i++) {","lastModifiedDate":"2024-02-11"},{"lineNumber":46,"author":{"gitId":"jelemii"},"content":"                        System.out.println((i+1) + \".\" + taskList[i].toString());","lastModifiedDate":"2024-02-27"},{"lineNumber":47,"author":{"gitId":"jelemii"},"content":"                    }","lastModifiedDate":"2024-02-11"},{"lineNumber":48,"author":{"gitId":"jelemii"},"content":"                }","lastModifiedDate":"2024-02-11"},{"lineNumber":49,"author":{"gitId":"jelemii"},"content":"            }","lastModifiedDate":"2024-02-11"},{"lineNumber":50,"author":{"gitId":"jelemii"},"content":"            else if(input.equals(\"bye\")) {","lastModifiedDate":"2024-02-11"},{"lineNumber":51,"author":{"gitId":"jelemii"},"content":"                System.out.println(\"Bye. Hope to see you again soon!\");","lastModifiedDate":"2024-02-11"},{"lineNumber":52,"author":{"gitId":"jelemii"},"content":"                getInput \u003d false;","lastModifiedDate":"2024-02-19"},{"lineNumber":53,"author":{"gitId":"jelemii"},"content":"            }","lastModifiedDate":"2024-02-19"},{"lineNumber":54,"author":{"gitId":"jelemii"},"content":"            else if(input.startsWith(\"mark\")){","lastModifiedDate":"2024-02-19"},{"lineNumber":55,"author":{"gitId":"jelemii"},"content":"                int getIndex \u003d Integer.parseInt(input.substring(5)) - 1;","lastModifiedDate":"2024-02-19"},{"lineNumber":56,"author":{"gitId":"jelemii"},"content":"                if(getIndex \u003e\u003d 0 \u0026\u0026 getIndex \u003c index) {","lastModifiedDate":"2024-02-19"},{"lineNumber":57,"author":{"gitId":"jelemii"},"content":"                    Task task \u003d taskList[getIndex];","lastModifiedDate":"2024-02-19"},{"lineNumber":58,"author":{"gitId":"jelemii"},"content":"                    task.markAsDone();","lastModifiedDate":"2024-02-19"},{"lineNumber":59,"author":{"gitId":"jelemii"},"content":"                    System.out.println(\"Nice! I\u0027ve marked this task as done: \");","lastModifiedDate":"2024-02-19"},{"lineNumber":60,"author":{"gitId":"jelemii"},"content":"                    System.out.println(taskList[getIndex].toString());","lastModifiedDate":"2024-02-27"},{"lineNumber":61,"author":{"gitId":"jelemii"},"content":"                } else {","lastModifiedDate":"2024-02-19"},{"lineNumber":62,"author":{"gitId":"jelemii"},"content":"                    System.out.println(\"Invalid index\");","lastModifiedDate":"2024-02-19"},{"lineNumber":63,"author":{"gitId":"jelemii"},"content":"                }","lastModifiedDate":"2024-02-19"},{"lineNumber":64,"author":{"gitId":"jelemii"},"content":"            }","lastModifiedDate":"2024-02-19"},{"lineNumber":65,"author":{"gitId":"jelemii"},"content":"            else if(input.startsWith(\"unmark\")){","lastModifiedDate":"2024-02-19"},{"lineNumber":66,"author":{"gitId":"jelemii"},"content":"                int getIndex \u003d Integer.parseInt(input.substring(7)) - 1;","lastModifiedDate":"2024-02-19"},{"lineNumber":67,"author":{"gitId":"jelemii"},"content":"                if(getIndex \u003e\u003d 0 \u0026\u0026 getIndex \u003c index) {","lastModifiedDate":"2024-02-19"},{"lineNumber":68,"author":{"gitId":"jelemii"},"content":"                    Task task \u003d taskList[getIndex];","lastModifiedDate":"2024-02-19"},{"lineNumber":69,"author":{"gitId":"jelemii"},"content":"                    task.unmarkAsDone();","lastModifiedDate":"2024-02-19"},{"lineNumber":70,"author":{"gitId":"jelemii"},"content":"                    System.out.println(\"OK, I\u0027ve marked this task as not done yet: \");","lastModifiedDate":"2024-02-19"},{"lineNumber":71,"author":{"gitId":"jelemii"},"content":"                    System.out.println(taskList[getIndex].toString());","lastModifiedDate":"2024-02-27"},{"lineNumber":72,"author":{"gitId":"jelemii"},"content":"                } else {","lastModifiedDate":"2024-02-19"},{"lineNumber":73,"author":{"gitId":"jelemii"},"content":"                    System.out.println(\"Invalid index\");","lastModifiedDate":"2024-02-19"},{"lineNumber":74,"author":{"gitId":"jelemii"},"content":"                }","lastModifiedDate":"2024-02-19"},{"lineNumber":75,"author":{"gitId":"jelemii"},"content":"            }","lastModifiedDate":"2024-02-11"},{"lineNumber":76,"author":{"gitId":"jelemii"},"content":"            else if(input.startsWith(\"todo\")) {","lastModifiedDate":"2024-02-27"},{"lineNumber":77,"author":{"gitId":"jelemii"},"content":"                addTodo(input);","lastModifiedDate":"2024-02-27"},{"lineNumber":78,"author":{"gitId":"jelemii"},"content":"            }","lastModifiedDate":"2024-02-27"},{"lineNumber":79,"author":{"gitId":"jelemii"},"content":"            else if(input.startsWith(\"deadline\")) {","lastModifiedDate":"2024-02-27"},{"lineNumber":80,"author":{"gitId":"jelemii"},"content":"                int byIndex \u003d input.indexOf(\"/by\");","lastModifiedDate":"2024-02-27"},{"lineNumber":81,"author":{"gitId":"jelemii"},"content":"                String desc \u003d input.substring(9, byIndex).trim();","lastModifiedDate":"2024-02-27"},{"lineNumber":82,"author":{"gitId":"jelemii"},"content":"                String by \u003d input.substring(byIndex + 3).trim();","lastModifiedDate":"2024-02-27"},{"lineNumber":83,"author":{"gitId":"jelemii"},"content":"                addDeadline(desc, by);","lastModifiedDate":"2024-02-27"},{"lineNumber":84,"author":{"gitId":"jelemii"},"content":"            }","lastModifiedDate":"2024-02-27"},{"lineNumber":85,"author":{"gitId":"jelemii"},"content":"            else if(input.startsWith(\"event\")) {","lastModifiedDate":"2024-02-27"},{"lineNumber":86,"author":{"gitId":"jelemii"},"content":"                int fromIndex \u003d input.indexOf(\"/from\");","lastModifiedDate":"2024-02-27"},{"lineNumber":87,"author":{"gitId":"jelemii"},"content":"                int toIndex \u003d input.indexOf(\"/to\");","lastModifiedDate":"2024-02-27"},{"lineNumber":88,"author":{"gitId":"jelemii"},"content":"                String desc \u003d input.substring(6, fromIndex).trim();","lastModifiedDate":"2024-02-27"},{"lineNumber":89,"author":{"gitId":"jelemii"},"content":"                String from \u003d input.substring(fromIndex + 5, toIndex).trim();","lastModifiedDate":"2024-02-27"},{"lineNumber":90,"author":{"gitId":"jelemii"},"content":"                String to \u003d input.substring(toIndex + 3).trim();","lastModifiedDate":"2024-02-27"},{"lineNumber":91,"author":{"gitId":"jelemii"},"content":"                addEvent(desc, from, to);","lastModifiedDate":"2024-02-27"},{"lineNumber":92,"author":{"gitId":"jelemii"},"content":"            }","lastModifiedDate":"2024-02-27"},{"lineNumber":93,"author":{"gitId":"jelemii"},"content":"            else {","lastModifiedDate":"2024-02-11"},{"lineNumber":94,"author":{"gitId":"jelemii"},"content":"                System.out.println(\"Please input a valid task\");","lastModifiedDate":"2024-02-27"},{"lineNumber":95,"author":{"gitId":"jelemii"},"content":"            }","lastModifiedDate":"2024-02-11"},{"lineNumber":96,"author":{"gitId":"jelemii"},"content":"        }","lastModifiedDate":"2024-02-19"},{"lineNumber":97,"author":{"gitId":"jelemii"},"content":"","lastModifiedDate":"2024-02-10"},{"lineNumber":98,"author":{"gitId":"-"},"content":"    }","lastModifiedDate":"2019-07-29"},{"lineNumber":99,"author":{"gitId":"-"},"content":"}","lastModifiedDate":"2019-07-29"}],"authorContributionMap":{"jelemii":95,"-":4}},{"path":"src/main/java/Event.java","fileType":"java","lines":[{"lineNumber":1,"author":{"gitId":"jelemii"},"content":"public class Event extends Task{","lastModifiedDate":"2024-02-27"},{"lineNumber":2,"author":{"gitId":"jelemii"},"content":"","lastModifiedDate":"2024-02-27"},{"lineNumber":3,"author":{"gitId":"jelemii"},"content":"    protected String from;","lastModifiedDate":"2024-02-27"},{"lineNumber":4,"author":{"gitId":"jelemii"},"content":"    protected String to;","lastModifiedDate":"2024-02-27"},{"lineNumber":5,"author":{"gitId":"jelemii"},"content":"","lastModifiedDate":"2024-02-27"},{"lineNumber":6,"author":{"gitId":"jelemii"},"content":"    public Event(String description, String from, String to) {","lastModifiedDate":"2024-02-27"},{"lineNumber":7,"author":{"gitId":"jelemii"},"content":"        super(description);","lastModifiedDate":"2024-02-27"},{"lineNumber":8,"author":{"gitId":"jelemii"},"content":"        this.from \u003d from;","lastModifiedDate":"2024-02-27"},{"lineNumber":9,"author":{"gitId":"jelemii"},"content":"        this.to \u003d to;","lastModifiedDate":"2024-02-27"},{"lineNumber":10,"author":{"gitId":"jelemii"},"content":"    }","lastModifiedDate":"2024-02-27"},{"lineNumber":11,"author":{"gitId":"jelemii"},"content":"","lastModifiedDate":"2024-02-27"},{"lineNumber":12,"author":{"gitId":"jelemii"},"content":"    @Override","lastModifiedDate":"2024-02-27"},{"lineNumber":13,"author":{"gitId":"jelemii"},"content":"    public String toString() {","lastModifiedDate":"2024-02-27"},{"lineNumber":14,"author":{"gitId":"jelemii"},"content":"        return \"[E]\" + super.toString() + \" (from: \" + from + \" to: \" + to + \")\";","lastModifiedDate":"2024-02-27"},{"lineNumber":15,"author":{"gitId":"jelemii"},"content":"    }","lastModifiedDate":"2024-02-27"},{"lineNumber":16,"author":{"gitId":"jelemii"},"content":"}","lastModifiedDate":"2024-02-27"}],"authorContributionMap":{"jelemii":16}},{"path":"src/main/java/Task.java","fileType":"java","lines":[{"lineNumber":1,"author":{"gitId":"jelemii"},"content":"public class Task {","lastModifiedDate":"2024-02-19"},{"lineNumber":2,"author":{"gitId":"jelemii"},"content":"","lastModifiedDate":"2024-02-19"},{"lineNumber":3,"author":{"gitId":"jelemii"},"content":"    protected String description;","lastModifiedDate":"2024-02-19"},{"lineNumber":4,"author":{"gitId":"jelemii"},"content":"    protected boolean isDone;","lastModifiedDate":"2024-02-19"},{"lineNumber":5,"author":{"gitId":"jelemii"},"content":"","lastModifiedDate":"2024-02-19"},{"lineNumber":6,"author":{"gitId":"jelemii"},"content":"    public Task(String description) {","lastModifiedDate":"2024-02-19"},{"lineNumber":7,"author":{"gitId":"jelemii"},"content":"        this.description \u003d description;","lastModifiedDate":"2024-02-19"},{"lineNumber":8,"author":{"gitId":"jelemii"},"content":"        this.isDone \u003d false;","lastModifiedDate":"2024-02-19"},{"lineNumber":9,"author":{"gitId":"jelemii"},"content":"    }","lastModifiedDate":"2024-02-19"},{"lineNumber":10,"author":{"gitId":"jelemii"},"content":"","lastModifiedDate":"2024-02-19"},{"lineNumber":11,"author":{"gitId":"jelemii"},"content":"    public String getStatusIcon() {","lastModifiedDate":"2024-02-19"},{"lineNumber":12,"author":{"gitId":"jelemii"},"content":"        return (isDone ? \"X\" : \" \"); // mark done task with X","lastModifiedDate":"2024-02-19"},{"lineNumber":13,"author":{"gitId":"jelemii"},"content":"    }","lastModifiedDate":"2024-02-19"},{"lineNumber":14,"author":{"gitId":"jelemii"},"content":"","lastModifiedDate":"2024-02-19"},{"lineNumber":15,"author":{"gitId":"jelemii"},"content":"    public void markAsDone() {","lastModifiedDate":"2024-02-19"},{"lineNumber":16,"author":{"gitId":"jelemii"},"content":"        this.isDone \u003d true;","lastModifiedDate":"2024-02-19"},{"lineNumber":17,"author":{"gitId":"jelemii"},"content":"    }","lastModifiedDate":"2024-02-19"},{"lineNumber":18,"author":{"gitId":"jelemii"},"content":"","lastModifiedDate":"2024-02-19"},{"lineNumber":19,"author":{"gitId":"jelemii"},"content":"    public void unmarkAsDone() {","lastModifiedDate":"2024-02-19"},{"lineNumber":20,"author":{"gitId":"jelemii"},"content":"        this.isDone \u003d false;","lastModifiedDate":"2024-02-19"},{"lineNumber":21,"author":{"gitId":"jelemii"},"content":"    }","lastModifiedDate":"2024-02-19"},{"lineNumber":22,"author":{"gitId":"jelemii"},"content":"    @Override","lastModifiedDate":"2024-02-27"},{"lineNumber":23,"author":{"gitId":"jelemii"},"content":"    public String toString() {","lastModifiedDate":"2024-02-27"},{"lineNumber":24,"author":{"gitId":"jelemii"},"content":"        return \"[\" + getStatusIcon() + \"] \" + description;","lastModifiedDate":"2024-02-27"},{"lineNumber":25,"author":{"gitId":"jelemii"},"content":"    }","lastModifiedDate":"2024-02-27"},{"lineNumber":26,"author":{"gitId":"jelemii"},"content":"}","lastModifiedDate":"2024-02-19"}],"authorContributionMap":{"jelemii":26}},{"path":"src/main/java/Todo.java","fileType":"java","lines":[{"lineNumber":1,"author":{"gitId":"jelemii"},"content":"public class Todo extends Task {","lastModifiedDate":"2024-02-27"},{"lineNumber":2,"author":{"gitId":"jelemii"},"content":"","lastModifiedDate":"2024-02-27"},{"lineNumber":3,"author":{"gitId":"jelemii"},"content":"    public Todo(String description) {","lastModifiedDate":"2024-02-27"},{"lineNumber":4,"author":{"gitId":"jelemii"},"content":"        super(description.substring(5));","lastModifiedDate":"2024-02-27"},{"lineNumber":5,"author":{"gitId":"jelemii"},"content":"    }","lastModifiedDate":"2024-02-27"},{"lineNumber":6,"author":{"gitId":"jelemii"},"content":"","lastModifiedDate":"2024-02-27"},{"lineNumber":7,"author":{"gitId":"jelemii"},"content":"    @Override","lastModifiedDate":"2024-02-27"},{"lineNumber":8,"author":{"gitId":"jelemii"},"content":"    public String toString() {","lastModifiedDate":"2024-02-27"},{"lineNumber":9,"author":{"gitId":"jelemii"},"content":"        return \"[T]\" + super.toString();","lastModifiedDate":"2024-02-27"},{"lineNumber":10,"author":{"gitId":"jelemii"},"content":"    }","lastModifiedDate":"2024-02-27"},{"lineNumber":11,"author":{"gitId":"jelemii"},"content":"}","lastModifiedDate":"2024-02-27"},{"lineNumber":12,"author":{"gitId":"jelemii"},"content":"","lastModifiedDate":"2024-02-27"}],"authorContributionMap":{"jelemii":12}}]
