{"authorDailyContributionsMap":{"jelemii":[{"date":"2024-02-10","commitResults":[{"hash":"f23e45e7d8971bef4d97e61a960be6571e8abec1","isMergeCommit":false,"messageTitle":"Level 0. Rename, Greet, Exit","messageBody":"","tags":["Level-0"],"fileTypesAndContributionMap":{"java":{"insertions":5,"deletions":6}}},{"hash":"0fe3861f6c022a5cbd04f47b3dde61850320063f","isMergeCommit":false,"messageTitle":"Level 1. Echo","messageBody":"","tags":["Level-1"],"fileTypesAndContributionMap":{"java":{"insertions":14,"deletions":1}}}]},{"date":"2024-02-11","commitResults":[{"hash":"cf84ed25f695af61ad708d8d0599c6e3ad5e3d2a","isMergeCommit":false,"messageTitle":"Level 2. Add, List","messageBody":"Add the ability to store whatever text entered by the user and display them back to the user when requested.\n","tags":["Level-2"],"fileTypesAndContributionMap":{"java":{"insertions":25,"deletions":7}}}]},{"date":"2024-02-19","commitResults":[{"hash":"864b1fc406901dbc5bf78e6a6e0912208a033238","isMergeCommit":false,"messageTitle":"Level 3. Mark As Done","messageBody":"added task class\n","tags":["Level-3"],"fileTypesAndContributionMap":{"java":{"insertions":62,"deletions":12}}}]}]},"authorFileTypeContributionMap":{"jelemii":{"java":86,"md":0,"fxml":0,"sh":0,"bat":0,"gradle":0,"txt":0}},"authorContributionVariance":{"jelemii":185.8889},"authorDisplayNameMap":{"jelemii":"LIM ..REMY"}}
