{"authorDailyContributionsMap":{"jelemii":[{"date":"2024-02-10","commitResults":[{"hash":"f23e45e7d8971bef4d97e61a960be6571e8abec1","isMergeCommit":false,"messageTitle":"Level 0. Rename, Greet, Exit","messageBody":"","tags":["Level-0"],"fileTypesAndContributionMap":{"java":{"insertions":5,"deletions":6}}},{"hash":"0fe3861f6c022a5cbd04f47b3dde61850320063f","isMergeCommit":false,"messageTitle":"Level 1. Echo","messageBody":"","tags":["Level-1"],"fileTypesAndContributionMap":{"java":{"insertions":14,"deletions":1}}}]},{"date":"2024-02-11","commitResults":[{"hash":"cf84ed25f695af61ad708d8d0599c6e3ad5e3d2a","isMergeCommit":false,"messageTitle":"Level 2. Add, List","messageBody":"Add the ability to store whatever text entered by the user and display them back to the user when requested.\n","tags":["Level-2"],"fileTypesAndContributionMap":{"java":{"insertions":25,"deletions":7}}}]},{"date":"2024-02-19","commitResults":[{"hash":"864b1fc406901dbc5bf78e6a6e0912208a033238","isMergeCommit":false,"messageTitle":"Level 3. Mark As Done","messageBody":"added task class\n","tags":["Level-3"],"fileTypesAndContributionMap":{"java":{"insertions":62,"deletions":12}}}]},{"date":"2024-02-27","commitResults":[{"hash":"1a91ec21ed0c83e8edf762bc3c1320efa41ed8fb","isMergeCommit":false,"messageTitle":"added 3 classes for the 3 types of tasks","messageBody":"","fileTypesAndContributionMap":{"java":{"insertions":6,"deletions":0}}},{"hash":"4e9c2a903bbc46c0368f38c5b4b4f7a669a3bed1","isMergeCommit":false,"messageTitle":"Level 4. ToDos, Events, Deadlines","messageBody":"add support for tracking three types of task\n","tags":["level-4"],"fileTypesAndContributionMap":{"java":{"insertions":83,"deletions":12}}}]},{"date":"2024-03-07","commitResults":[{"hash":"80630f15d4bfc40317f93b18979223915044ae7a","isMergeCommit":false,"messageTitle":"add try catch and created dukeException class","messageBody":"","fileTypesAndContributionMap":{"java":{"insertions":65,"deletions":51}}}]},{"date":"2024-03-16","commitResults":[{"hash":"fe9ae1456f71b583d55a66310a89d2a3ce836c86","isMergeCommit":false,"messageTitle":"Level 5. Handle Errors","messageBody":"Added DukeException and code is able to handle all possible checked exceptions\n","tags":["Level-5"],"fileTypesAndContributionMap":{"java":{"insertions":188,"deletions":56}}}]},{"date":"2024-03-23","commitResults":[{"hash":"0c0da91d75ce7702ac25f5a81a68fd1fce15e6ec","isMergeCommit":false,"messageTitle":"changed using normal array to arraylist","messageBody":"","fileTypesAndContributionMap":{"java":{"insertions":29,"deletions":25}}}]},{"date":"2024-03-24","commitResults":[{"hash":"6c7a4c86659dc7dc13bf7410563b314ad3254a15","isMergeCommit":false,"messageTitle":"Level 6. Delete","messageBody":"Add support for deleting tasks from the list.\n","tags":["Level-6"],"fileTypesAndContributionMap":{"java":{"insertions":34,"deletions":2}}}]},{"date":"2024-03-29","commitResults":[{"hash":"28f3f706b51b4e84977ea668d33a3b07dc285f0e","isMergeCommit":false,"messageTitle":"testing branch level 7 and filewriter object","messageBody":"","fileTypesAndContributionMap":{"txt":{"insertions":2,"deletions":0},"java":{"insertions":15,"deletions":1}}},{"hash":"b87480ccfe6980100eab526e15a59dd4e8319a00","isMergeCommit":false,"messageTitle":"testing to parse task from file string","messageBody":"","fileTypesAndContributionMap":{"java":{"insertions":35,"deletions":11}}}]},{"date":"2024-03-30","commitResults":[{"hash":"ca5f749ffbedc33e83ff002630a3eefe644f6e1f","isMergeCommit":false,"messageTitle":"Achieved Level 7. Save able to save and load data when the chatbot starts up","messageBody":"","tags":["Level-7"],"fileTypesAndContributionMap":{"txt":{"insertions":7,"deletions":0},"java":{"insertions":47,"deletions":12}}},{"hash":"6e550b0244f2e274aa8a174bae14878a0a3c4982","isMergeCommit":false,"messageTitle":"added new classes to be refractored later to make the code more OOP Ui.java Storage.java TaskList.java Parser.java","messageBody":"","fileTypesAndContributionMap":{"java":{"insertions":8,"deletions":0}}}]},{"date":"2024-03-31","commitResults":[{"hash":"b64b4bce912780724064d4956f523518edd296d1","isMergeCommit":false,"messageTitle":"refractor code to make the code more OOP. Also added command classes","messageBody":"","fileTypesAndContributionMap":{"txt":{"insertions":2,"deletions":4},"java":{"insertions":457,"deletions":330}}}]},{"date":"2024-04-20","commitResults":[{"hash":"ad8a194d7fc5b828ee45d767a042523b816ec502","isMergeCommit":false,"messageTitle":"stage gradle files","messageBody":"","fileTypesAndContributionMap":{"gradle":{"insertions":1,"deletions":1},"txt":{"insertions":2,"deletions":2},"java":{"insertions":0,"deletions":3}}}]},{"date":"2024-04-22","commitResults":[{"hash":"06b6eda0de0855512f106469156819cd2a429144","isMergeCommit":false,"messageTitle":"Integrated HandleCommandExceptions into Parser to validate input directly use Command class as a superclass, adding enums to execute all different commands editing parser to use these enums in the parsing logic","messageBody":"","fileTypesAndContributionMap":{"txt":{"insertions":1,"deletions":2},"java":{"insertions":396,"deletions":336}}},{"hash":"59d9908b936d9b637210221f7493cc07e55e1fe3","isMergeCommit":false,"messageTitle":"A-packages divided all classes into packages and made some changes to parser class","messageBody":"","fileTypesAndContributionMap":{"txt":{"insertions":3,"deletions":1},"java":{"insertions":127,"deletions":18},"bat":{"insertions":1,"deletions":1},"md":{"insertions":3,"deletions":3}}}]},{"date":"2024-04-23","commitResults":[{"hash":"5fd8435546635d1371e8423eccdfdb5903768ed6","isMergeCommit":false,"messageTitle":"Level 8. Dates and Times","messageBody":"","tags":["Level-8"],"fileTypesAndContributionMap":{"txt":{"insertions":5,"deletions":1},"java":{"insertions":91,"deletions":4}}}]},{"date":"2024-04-24","commitResults":[{"hash":"bf3e87812a5d3677ec61f093f28e29f0dcca2758","isMergeCommit":false,"messageTitle":"added javadoc comments","messageBody":"","fileTypesAndContributionMap":{"java":{"insertions":237,"deletions":21}}},{"hash":"fbd0e24afc2d62f2603fdcc79146c23d3faaa372","isMergeCommit":true,"messageTitle":"add gradle","messageBody":"","fileTypesAndContributionMap":{}}]}]},"authorFileTypeContributionMap":{"jelemii":{"java":1024,"md":3,"fxml":0,"sh":0,"bat":1,"gradle":1,"txt":12}},"authorContributionVariance":{"jelemii":15086.441},"authorDisplayNameMap":{"jelemii":"LIM ..REMY"}}
