{"authorDailyContributionsMap":{"jelemii":[{"date":"2024-02-10","commitResults":[{"hash":"f23e45e7d8971bef4d97e61a960be6571e8abec1","isMergeCommit":false,"messageTitle":"Level 0. Rename, Greet, Exit","messageBody":"","tags":["Level-0"],"fileTypesAndContributionMap":{"java":{"insertions":5,"deletions":6}}},{"hash":"0fe3861f6c022a5cbd04f47b3dde61850320063f","isMergeCommit":false,"messageTitle":"Level 1. Echo","messageBody":"","tags":["Level-1"],"fileTypesAndContributionMap":{"java":{"insertions":14,"deletions":1}}}]},{"date":"2024-02-11","commitResults":[{"hash":"cf84ed25f695af61ad708d8d0599c6e3ad5e3d2a","isMergeCommit":false,"messageTitle":"Level 2. Add, List","messageBody":"Add the ability to store whatever text entered by the user and display them back to the user when requested.\n","tags":["Level-2"],"fileTypesAndContributionMap":{"java":{"insertions":25,"deletions":7}}}]},{"date":"2024-02-19","commitResults":[{"hash":"864b1fc406901dbc5bf78e6a6e0912208a033238","isMergeCommit":false,"messageTitle":"Level 3. Mark As Done","messageBody":"added task class\n","tags":["Level-3"],"fileTypesAndContributionMap":{"java":{"insertions":62,"deletions":12}}}]},{"date":"2024-02-27","commitResults":[{"hash":"1a91ec21ed0c83e8edf762bc3c1320efa41ed8fb","isMergeCommit":false,"messageTitle":"added 3 classes for the 3 types of tasks","messageBody":"","fileTypesAndContributionMap":{"java":{"insertions":6,"deletions":0}}},{"hash":"4e9c2a903bbc46c0368f38c5b4b4f7a669a3bed1","isMergeCommit":false,"messageTitle":"Level 4. ToDos, Events, Deadlines","messageBody":"add support for tracking three types of task\n","tags":["level-4"],"fileTypesAndContributionMap":{"java":{"insertions":83,"deletions":12}}}]},{"date":"2024-03-07","commitResults":[{"hash":"80630f15d4bfc40317f93b18979223915044ae7a","isMergeCommit":false,"messageTitle":"add try catch and created dukeException class","messageBody":"","fileTypesAndContributionMap":{"java":{"insertions":65,"deletions":51}}}]},{"date":"2024-03-16","commitResults":[{"hash":"fe9ae1456f71b583d55a66310a89d2a3ce836c86","isMergeCommit":false,"messageTitle":"Level 5. Handle Errors","messageBody":"Added DukeException and code is able to handle all possible checked exceptions\n","tags":["Level-5"],"fileTypesAndContributionMap":{"java":{"insertions":188,"deletions":56}}}]},{"date":"2024-03-23","commitResults":[{"hash":"0c0da91d75ce7702ac25f5a81a68fd1fce15e6ec","isMergeCommit":false,"messageTitle":"changed using normal array to arraylist","messageBody":"","fileTypesAndContributionMap":{"java":{"insertions":29,"deletions":25}}}]},{"date":"2024-03-24","commitResults":[{"hash":"6c7a4c86659dc7dc13bf7410563b314ad3254a15","isMergeCommit":false,"messageTitle":"Level 6. Delete","messageBody":"Add support for deleting tasks from the list.\n","tags":["Level-6"],"fileTypesAndContributionMap":{"java":{"insertions":34,"deletions":2}}}]}]},"authorFileTypeContributionMap":{"jelemii":{"java":345,"md":0,"fxml":0,"sh":0,"bat":0,"gradle":0,"txt":0}},"authorContributionVariance":{"jelemii":1255.9553},"authorDisplayNameMap":{"jelemii":"LIM ..REMY"}}
