{"authorDailyContributionsMap":{"JiaXingVV":[{"date":"2024-03-05","commitResults":[{"hash":"999b5a40d5abf0633fcefb16732a0e82b0350d60","isMergeCommit":false,"messageTitle":"Level-0","messageBody":"","tags":["Level-0"],"fileTypesAndContributionMap":{"java":{"insertions":10,"deletions":10}}},{"hash":"31f8c3083b0c145c068787c80bde9dbff56f10de","isMergeCommit":false,"messageTitle":"Level-1.Echo","messageBody":"","tags":["Level-1.Echo"],"fileTypesAndContributionMap":{"java":{"insertions":12,"deletions":2}}},{"hash":"49fb719a79cce476b60830117a895d095336296c","isMergeCommit":false,"messageTitle":"Level 2. Add, List","messageBody":"","tags":["Level-2.-Add,-List"],"fileTypesAndContributionMap":{"java":{"insertions":24,"deletions":2}}},{"hash":"d51014f67985d4c96bdf1952ea2f3aa71dbce364","isMergeCommit":false,"messageTitle":"Level 3. Mark as Done","messageBody":"","tags":["Level-3.-Mark-as-Done"],"fileTypesAndContributionMap":{"java":{"insertions":77,"deletions":16}}},{"hash":"521ffde234572edd3657df7f7dfca14b2b1ed4e2","isMergeCommit":false,"messageTitle":"Level 4. ToDos, Events, Deadlines","messageBody":"","tags":["Level-4"],"fileTypesAndContributionMap":{"java":{"insertions":69,"deletions":2}}},{"hash":"141e119477dfb79ea1cbfd26e983da29bd3ac119","isMergeCommit":false,"messageTitle":"Level 5. Handle Errors","messageBody":"","tags":["Level-5"],"fileTypesAndContributionMap":{"java":{"insertions":90,"deletions":63}}},{"hash":"43914d49ac64b1c6144c8ce57d70768824529fb0","isMergeCommit":false,"messageTitle":"Level 6. Delete","messageBody":"","tags":["Level-6"],"fileTypesAndContributionMap":{"java":{"insertions":36,"deletions":27}}},{"hash":"d3bff44ffdb87b7f83bd3e42673c0165e00c7c21","isMergeCommit":false,"messageTitle":"no message","messageBody":"","fileTypesAndContributionMap":{"java":{"insertions":2,"deletions":3}}}]},{"date":"2024-03-26","commitResults":[{"hash":"4e43d79dbc502be43e7b75cffb7a9ca4479b0863","isMergeCommit":false,"messageTitle":"no message","messageBody":"","tags":["Level-7"],"fileTypesAndContributionMap":{"txt":{"insertions":3,"deletions":0},"java":{"insertions":74,"deletions":3}}}]},{"date":"2024-04-01","commitResults":[{"hash":"5a4d1a5998404e478640637e00802216fcc39571","isMergeCommit":false,"messageTitle":"Level-8","messageBody":"","tags":["Level-8"],"fileTypesAndContributionMap":{"txt":{"insertions":4,"deletions":2},"java":{"insertions":23,"deletions":7}}}]},{"date":"2024-04-08","commitResults":[{"hash":"6ac24edd100265dc83df9edbca2d819396e71a73","isMergeCommit":true,"messageTitle":"Merge remote-tracking branch \u0027origin/add-gradle-support\u0027","messageBody":"","fileTypesAndContributionMap":{}},{"hash":"9e671735f21720ee24454f0dd8a7dac40293a577","isMergeCommit":false,"messageTitle":"no message","messageBody":"","fileTypesAndContributionMap":{"txt":{"insertions":4,"deletions":0},"java":{"insertions":11,"deletions":7}}},{"hash":"3e72861242439a799d22e3c49d89435108af1185","isMergeCommit":false,"messageTitle":"no message","messageBody":"","tags":["C-DetectDuplicates"],"fileTypesAndContributionMap":{"txt":{"insertions":3,"deletions":1},"java":{"insertions":38,"deletions":12}}},{"hash":"9fd962c6d8f16c1fe26f9dcc73f06649e5d807f7","isMergeCommit":false,"messageTitle":"Level-9","messageBody":"","tags":["Level-9"],"fileTypesAndContributionMap":{"java":{"insertions":19,"deletions":1}}},{"hash":"0dd5ac81a041fe2f0c7fe072211e79076409e664","isMergeCommit":false,"messageTitle":"C-Statistics","messageBody":"","fileTypesAndContributionMap":{"txt":{"insertions":5,"deletions":2},"java":{"insertions":17,"deletions":0}}}]}]},"authorFileTypeContributionMap":{"JiaXingVV":{"java":357,"md":0,"fxml":0,"sh":0,"bat":0,"gradle":0,"txt":14}},"authorContributionVariance":{"JiaXingVV":2525.47},"authorDisplayNameMap":{"JiaXingVV":"WANG..XING"}}
