[{"path":"colors.txt","fileType":"txt","lines":[{"lineNumber":1,"author":{"gitId":"Carosis"},"content":"yellow","lastModifiedDate":"2024-01-21"},{"lineNumber":2,"author":{"gitId":"Carosis"},"content":"blue","lastModifiedDate":"2024-01-21"},{"lineNumber":3,"author":{"gitId":"Carosis"},"content":"grey","lastModifiedDate":"2024-01-21"}],"authorContributionMap":{"Carosis":3}},{"path":"fruit.txt","fileType":"txt","lines":[{"lineNumber":1,"author":{"gitId":"Carosis"},"content":"apple","lastModifiedDate":"2024-01-21"},{"lineNumber":2,"author":{"gitId":"Carosis"},"content":"pinapple","lastModifiedDate":"2024-01-21"},{"lineNumber":3,"author":{"gitId":"Carosis"},"content":"applepen","lastModifiedDate":"2024-01-21"},{"lineNumber":4,"author":{"gitId":"Carosis"},"content":"pineappleapplepen","lastModifiedDate":"2024-01-21"}],"authorContributionMap":{"Carosis":4}},{"path":"shapes.txt","fileType":"txt","lines":[{"lineNumber":1,"author":{"gitId":"Carosis"},"content":"rect","lastModifiedDate":"2024-01-21"},{"lineNumber":2,"author":{"gitId":"Carosis"},"content":"tri","lastModifiedDate":"2024-01-21"},{"lineNumber":3,"author":{"gitId":"Carosis"},"content":"para","lastModifiedDate":"2024-01-21"}],"authorContributionMap":{"Carosis":3}},{"path":"src/main/java/DeadlineTask.java","fileType":"java","lines":[{"lineNumber":1,"author":{"gitId":"Carosis"},"content":"public class DeadlineTask extends Task {","lastModifiedDate":"2024-02-18"},{"lineNumber":2,"author":{"gitId":"Carosis"},"content":"    protected String by;","lastModifiedDate":"2024-02-18"},{"lineNumber":3,"author":{"gitId":"Carosis"},"content":"","lastModifiedDate":"2024-02-18"},{"lineNumber":4,"author":{"gitId":"Carosis"},"content":"    public DeadlineTask(String description, String by) {","lastModifiedDate":"2024-02-18"},{"lineNumber":5,"author":{"gitId":"Carosis"},"content":"        super(description);","lastModifiedDate":"2024-02-18"},{"lineNumber":6,"author":{"gitId":"Carosis"},"content":"        this.by \u003d by;","lastModifiedDate":"2024-02-18"},{"lineNumber":7,"author":{"gitId":"Carosis"},"content":"    }","lastModifiedDate":"2024-02-18"},{"lineNumber":8,"author":{"gitId":"Carosis"},"content":"","lastModifiedDate":"2024-02-18"},{"lineNumber":9,"author":{"gitId":"Carosis"},"content":"    @Override","lastModifiedDate":"2024-02-18"},{"lineNumber":10,"author":{"gitId":"Carosis"},"content":"    public String toString() {","lastModifiedDate":"2024-02-18"},{"lineNumber":11,"author":{"gitId":"Carosis"},"content":"        return \"[D]\" + super.toString() + \" (by: \" + by + \")\";","lastModifiedDate":"2024-02-18"},{"lineNumber":12,"author":{"gitId":"Carosis"},"content":"    }","lastModifiedDate":"2024-02-18"},{"lineNumber":13,"author":{"gitId":"Carosis"},"content":"}","lastModifiedDate":"2024-02-18"}],"authorContributionMap":{"Carosis":13}},{"path":"src/main/java/Duke.java","fileType":"java","lines":[{"lineNumber":1,"author":{"gitId":"Carosis"},"content":"import java.util.ArrayList;","lastModifiedDate":"2024-01-21"},{"lineNumber":2,"author":{"gitId":"Carosis"},"content":"import java.util.Arrays;","lastModifiedDate":"2024-01-21"},{"lineNumber":3,"author":{"gitId":"Carosis"},"content":"import java.util.Scanner;","lastModifiedDate":"2024-01-21"},{"lineNumber":4,"author":{"gitId":"Carosis"},"content":"","lastModifiedDate":"2024-01-21"},{"lineNumber":5,"author":{"gitId":"-"},"content":"public class Duke {","lastModifiedDate":"2019-07-29"},{"lineNumber":6,"author":{"gitId":"Carosis"},"content":"    private static Scanner in \u003d new Scanner(System.in);","lastModifiedDate":"2024-02-07"},{"lineNumber":7,"author":{"gitId":"Carosis"},"content":"    private static Task[] tasks \u003d new Task[100];","lastModifiedDate":"2024-02-18"},{"lineNumber":8,"author":{"gitId":"Carosis"},"content":"    private static int taskCount \u003d 0;","lastModifiedDate":"2024-02-18"},{"lineNumber":9,"author":{"gitId":"Carosis"},"content":"    public static void printUnderScoreLine() {","lastModifiedDate":"2024-01-21"},{"lineNumber":10,"author":{"gitId":"Carosis"},"content":"        char[] underScoreLine \u003d new char[50];","lastModifiedDate":"2024-02-18"},{"lineNumber":11,"author":{"gitId":"Carosis"},"content":"        Arrays.fill(underScoreLine, \u0027_\u0027);","lastModifiedDate":"2024-01-21"},{"lineNumber":12,"author":{"gitId":"Carosis"},"content":"        System.out.println(underScoreLine);","lastModifiedDate":"2024-01-21"},{"lineNumber":13,"author":{"gitId":"Carosis"},"content":"    }","lastModifiedDate":"2024-01-21"},{"lineNumber":14,"author":{"gitId":"Carosis"},"content":"","lastModifiedDate":"2024-02-18"},{"lineNumber":15,"author":{"gitId":"Carosis"},"content":"    public static void printBye() {","lastModifiedDate":"2024-01-21"},{"lineNumber":16,"author":{"gitId":"Carosis"},"content":"        printUnderScoreLine();","lastModifiedDate":"2024-01-21"},{"lineNumber":17,"author":{"gitId":"Carosis"},"content":"        System.out.println(\"Bye. Hope to see you again meow!\");","lastModifiedDate":"2024-01-21"},{"lineNumber":18,"author":{"gitId":"Carosis"},"content":"        printUnderScoreLine();","lastModifiedDate":"2024-01-21"},{"lineNumber":19,"author":{"gitId":"Carosis"},"content":"    }","lastModifiedDate":"2024-01-21"},{"lineNumber":20,"author":{"gitId":"Carosis"},"content":"","lastModifiedDate":"2024-02-18"},{"lineNumber":21,"author":{"gitId":"Carosis"},"content":"    public static void addTask(Task task) {","lastModifiedDate":"2024-02-18"},{"lineNumber":22,"author":{"gitId":"Carosis"},"content":"","lastModifiedDate":"2024-02-18"},{"lineNumber":23,"author":{"gitId":"Carosis"},"content":"        tasks[taskCount] \u003d task;","lastModifiedDate":"2024-02-18"},{"lineNumber":24,"author":{"gitId":"Carosis"},"content":"        taskCount++;","lastModifiedDate":"2024-02-18"},{"lineNumber":25,"author":{"gitId":"Carosis"},"content":"        System.out.println(\"Meow, added : \" + task);","lastModifiedDate":"2024-02-18"},{"lineNumber":26,"author":{"gitId":"Carosis"},"content":"        printTaskCount();","lastModifiedDate":"2024-02-18"},{"lineNumber":27,"author":{"gitId":"Carosis"},"content":"        printUnderScoreLine();","lastModifiedDate":"2024-02-18"},{"lineNumber":28,"author":{"gitId":"Carosis"},"content":"    }","lastModifiedDate":"2024-02-18"},{"lineNumber":29,"author":{"gitId":"Carosis"},"content":"    public static void listTask() {","lastModifiedDate":"2024-02-18"},{"lineNumber":30,"author":{"gitId":"Carosis"},"content":"        System.out.println(\"Here are the tasks in your list:\");","lastModifiedDate":"2024-02-18"},{"lineNumber":31,"author":{"gitId":"Carosis"},"content":"        for (int i \u003d 0; i \u003c taskCount; i++) {","lastModifiedDate":"2024-02-18"},{"lineNumber":32,"author":{"gitId":"Carosis"},"content":"            System.out.println((i + 1) + \".\" + tasks[i]);","lastModifiedDate":"2024-02-18"},{"lineNumber":33,"author":{"gitId":"Carosis"},"content":"        }","lastModifiedDate":"2024-02-18"},{"lineNumber":34,"author":{"gitId":"Carosis"},"content":"        printUnderScoreLine();","lastModifiedDate":"2024-02-18"},{"lineNumber":35,"author":{"gitId":"Carosis"},"content":"    }","lastModifiedDate":"2024-02-18"},{"lineNumber":36,"author":{"gitId":"Carosis"},"content":"","lastModifiedDate":"2024-02-18"},{"lineNumber":37,"author":{"gitId":"Carosis"},"content":"    public static void printTaskCount() {","lastModifiedDate":"2024-02-18"},{"lineNumber":38,"author":{"gitId":"Carosis"},"content":"        System.out.println(\"Now you have \" + taskCount + \" tasks in the list.\");","lastModifiedDate":"2024-02-18"},{"lineNumber":39,"author":{"gitId":"Carosis"},"content":"    }","lastModifiedDate":"2024-02-18"},{"lineNumber":40,"author":{"gitId":"Carosis"},"content":"","lastModifiedDate":"2024-02-18"},{"lineNumber":41,"author":{"gitId":"Carosis"},"content":"    public static void echoInput() {","lastModifiedDate":"2024-01-21"},{"lineNumber":42,"author":{"gitId":"Carosis"},"content":"        System.out.println(\"Echo, meow?\");","lastModifiedDate":"2024-01-21"},{"lineNumber":43,"author":{"gitId":"Carosis"},"content":"        printUnderScoreLine();","lastModifiedDate":"2024-01-21"},{"lineNumber":44,"author":{"gitId":"Carosis"},"content":"        while (true) {","lastModifiedDate":"2024-01-21"},{"lineNumber":45,"author":{"gitId":"Carosis"},"content":"            String line \u003d in.nextLine();","lastModifiedDate":"2024-02-18"},{"lineNumber":46,"author":{"gitId":"Carosis"},"content":"            String temp \u003d line.toUpperCase();","lastModifiedDate":"2024-01-21"},{"lineNumber":47,"author":{"gitId":"Carosis"},"content":"            if (temp.equals(\"BYE\")) {","lastModifiedDate":"2024-01-21"},{"lineNumber":48,"author":{"gitId":"Carosis"},"content":"                printBye();","lastModifiedDate":"2024-01-21"},{"lineNumber":49,"author":{"gitId":"Carosis"},"content":"                break;","lastModifiedDate":"2024-01-21"},{"lineNumber":50,"author":{"gitId":"Carosis"},"content":"            } else if (temp.equals(\"BACK\")) {","lastModifiedDate":"2024-01-21"},{"lineNumber":51,"author":{"gitId":"Carosis"},"content":"                options();","lastModifiedDate":"2024-01-21"},{"lineNumber":52,"author":{"gitId":"Carosis"},"content":"                break;","lastModifiedDate":"2024-01-21"},{"lineNumber":53,"author":{"gitId":"Carosis"},"content":"            }","lastModifiedDate":"2024-01-21"},{"lineNumber":54,"author":{"gitId":"Carosis"},"content":"            printUnderScoreLine();","lastModifiedDate":"2024-01-21"},{"lineNumber":55,"author":{"gitId":"Carosis"},"content":"            System.out.println(line);","lastModifiedDate":"2024-01-21"},{"lineNumber":56,"author":{"gitId":"Carosis"},"content":"            printUnderScoreLine();","lastModifiedDate":"2024-01-21"},{"lineNumber":57,"author":{"gitId":"Carosis"},"content":"        }","lastModifiedDate":"2024-01-21"},{"lineNumber":58,"author":{"gitId":"Carosis"},"content":"    }","lastModifiedDate":"2024-01-21"},{"lineNumber":59,"author":{"gitId":"Carosis"},"content":"","lastModifiedDate":"2024-02-18"},{"lineNumber":60,"author":{"gitId":"Carosis"},"content":"    public static void addInput() {","lastModifiedDate":"2024-01-21"},{"lineNumber":61,"author":{"gitId":"Carosis"},"content":"        ArrayList\u003cString\u003e input \u003d new ArrayList\u003c\u003e();","lastModifiedDate":"2024-01-21"},{"lineNumber":62,"author":{"gitId":"Carosis"},"content":"        while (true) {","lastModifiedDate":"2024-01-21"},{"lineNumber":63,"author":{"gitId":"Carosis"},"content":"            System.out.println(\"Add any fish?\");","lastModifiedDate":"2024-01-21"},{"lineNumber":64,"author":{"gitId":"Carosis"},"content":"            printUnderScoreLine();","lastModifiedDate":"2024-01-21"},{"lineNumber":65,"author":{"gitId":"Carosis"},"content":"            String line \u003d in.nextLine();","lastModifiedDate":"2024-02-18"},{"lineNumber":66,"author":{"gitId":"Carosis"},"content":"            String temp \u003d line.toUpperCase();","lastModifiedDate":"2024-01-21"},{"lineNumber":67,"author":{"gitId":"Carosis"},"content":"            if (line.isEmpty()) {","lastModifiedDate":"2024-01-21"},{"lineNumber":68,"author":{"gitId":"Carosis"},"content":"                System.out.println(\"Meow?\");","lastModifiedDate":"2024-01-21"},{"lineNumber":69,"author":{"gitId":"Carosis"},"content":"            } else if (temp.equals(\"LIST\")) {","lastModifiedDate":"2024-01-21"},{"lineNumber":70,"author":{"gitId":"Carosis"},"content":"                for (int i \u003d 0; i \u003c input.size(); i++) {","lastModifiedDate":"2024-02-18"},{"lineNumber":71,"author":{"gitId":"Carosis"},"content":"                    System.out.println((i + 1) + \". \" + input.get(i));","lastModifiedDate":"2024-02-18"},{"lineNumber":72,"author":{"gitId":"Carosis"},"content":"                }","lastModifiedDate":"2024-01-21"},{"lineNumber":73,"author":{"gitId":"Carosis"},"content":"                printUnderScoreLine();","lastModifiedDate":"2024-01-21"},{"lineNumber":74,"author":{"gitId":"Carosis"},"content":"            } else if (temp.equals(\"BYE\")) {","lastModifiedDate":"2024-01-21"},{"lineNumber":75,"author":{"gitId":"Carosis"},"content":"                printBye();","lastModifiedDate":"2024-01-21"},{"lineNumber":76,"author":{"gitId":"Carosis"},"content":"                break;","lastModifiedDate":"2024-01-21"},{"lineNumber":77,"author":{"gitId":"Carosis"},"content":"            } else if (temp.equals(\"BACK\")) {","lastModifiedDate":"2024-01-21"},{"lineNumber":78,"author":{"gitId":"Carosis"},"content":"                options();","lastModifiedDate":"2024-01-21"},{"lineNumber":79,"author":{"gitId":"Carosis"},"content":"                break;","lastModifiedDate":"2024-01-21"},{"lineNumber":80,"author":{"gitId":"Carosis"},"content":"            } else {","lastModifiedDate":"2024-01-21"},{"lineNumber":81,"author":{"gitId":"Carosis"},"content":"                printUnderScoreLine();","lastModifiedDate":"2024-01-21"},{"lineNumber":82,"author":{"gitId":"Carosis"},"content":"                if (input.contains(line)) {","lastModifiedDate":"2024-01-21"},{"lineNumber":83,"author":{"gitId":"Carosis"},"content":"                    System.out.println(\"Duplicated!\");","lastModifiedDate":"2024-01-21"},{"lineNumber":84,"author":{"gitId":"Carosis"},"content":"                } else {","lastModifiedDate":"2024-01-21"},{"lineNumber":85,"author":{"gitId":"Carosis"},"content":"                    input.add(line);","lastModifiedDate":"2024-01-21"},{"lineNumber":86,"author":{"gitId":"Carosis"},"content":"                    System.out.println(\"Added : \" + line);","lastModifiedDate":"2024-01-21"},{"lineNumber":87,"author":{"gitId":"Carosis"},"content":"                    printUnderScoreLine();","lastModifiedDate":"2024-01-21"},{"lineNumber":88,"author":{"gitId":"Carosis"},"content":"                }","lastModifiedDate":"2024-01-21"},{"lineNumber":89,"author":{"gitId":"Carosis"},"content":"            }","lastModifiedDate":"2024-01-21"},{"lineNumber":90,"author":{"gitId":"Carosis"},"content":"        }","lastModifiedDate":"2024-01-21"},{"lineNumber":91,"author":{"gitId":"Carosis"},"content":"    }","lastModifiedDate":"2024-01-21"},{"lineNumber":92,"author":{"gitId":"Carosis"},"content":"","lastModifiedDate":"2024-02-18"},{"lineNumber":93,"author":{"gitId":"Carosis"},"content":"    public static void options() {","lastModifiedDate":"2024-01-21"},{"lineNumber":94,"author":{"gitId":"Carosis"},"content":"        System.out.println(\"What can I do for you, meow?\");","lastModifiedDate":"2024-02-18"},{"lineNumber":95,"author":{"gitId":"Carosis"},"content":"        printUnderScoreLine();","lastModifiedDate":"2024-01-21"},{"lineNumber":96,"author":{"gitId":"Carosis"},"content":"","lastModifiedDate":"2024-01-21"},{"lineNumber":97,"author":{"gitId":"Carosis"},"content":"        String line \u003d in.nextLine();","lastModifiedDate":"2024-02-18"},{"lineNumber":98,"author":{"gitId":"Carosis"},"content":"","lastModifiedDate":"2024-01-21"},{"lineNumber":99,"author":{"gitId":"Carosis"},"content":"        printUnderScoreLine();","lastModifiedDate":"2024-01-21"},{"lineNumber":100,"author":{"gitId":"Carosis"},"content":"        switch (line) {","lastModifiedDate":"2024-02-18"},{"lineNumber":101,"author":{"gitId":"Carosis"},"content":"            case \"Add\":","lastModifiedDate":"2024-02-18"},{"lineNumber":102,"author":{"gitId":"Carosis"},"content":"                addInput();","lastModifiedDate":"2024-01-21"},{"lineNumber":103,"author":{"gitId":"Carosis"},"content":"                break;","lastModifiedDate":"2024-01-21"},{"lineNumber":104,"author":{"gitId":"Carosis"},"content":"            case \"Echo\":","lastModifiedDate":"2024-02-18"},{"lineNumber":105,"author":{"gitId":"Carosis"},"content":"                echoInput();","lastModifiedDate":"2024-01-21"},{"lineNumber":106,"author":{"gitId":"Carosis"},"content":"                break;","lastModifiedDate":"2024-01-21"},{"lineNumber":107,"author":{"gitId":"Carosis"},"content":"            case \"Bye\":","lastModifiedDate":"2024-02-18"},{"lineNumber":108,"author":{"gitId":"Carosis"},"content":"                printBye();","lastModifiedDate":"2024-01-21"},{"lineNumber":109,"author":{"gitId":"Carosis"},"content":"                break;","lastModifiedDate":"2024-01-21"},{"lineNumber":110,"author":{"gitId":"Carosis"},"content":"            case \"list\":","lastModifiedDate":"2024-02-18"},{"lineNumber":111,"author":{"gitId":"Carosis"},"content":"                listTask();","lastModifiedDate":"2024-02-18"},{"lineNumber":112,"author":{"gitId":"Carosis"},"content":"                options();","lastModifiedDate":"2024-02-18"},{"lineNumber":113,"author":{"gitId":"Carosis"},"content":"                break;","lastModifiedDate":"2024-02-18"},{"lineNumber":114,"author":{"gitId":"Carosis"},"content":"            default:","lastModifiedDate":"2024-01-21"},{"lineNumber":115,"author":{"gitId":"Carosis"},"content":"                if (line.startsWith(\"todo\")) {","lastModifiedDate":"2024-02-18"},{"lineNumber":116,"author":{"gitId":"Carosis"},"content":"                    String description \u003d line.substring(5).trim();","lastModifiedDate":"2024-02-18"},{"lineNumber":117,"author":{"gitId":"Carosis"},"content":"                    addTask(new TodoTask(description));","lastModifiedDate":"2024-02-18"},{"lineNumber":118,"author":{"gitId":"Carosis"},"content":"                } else if (line.startsWith(\"deadline\")) {","lastModifiedDate":"2024-02-18"},{"lineNumber":119,"author":{"gitId":"Carosis"},"content":"                    int byIndex \u003d line.indexOf(\"/by\");","lastModifiedDate":"2024-02-18"},{"lineNumber":120,"author":{"gitId":"Carosis"},"content":"                    String[] parts \u003d line.substring(9).split(\"/by\");","lastModifiedDate":"2024-02-18"},{"lineNumber":121,"author":{"gitId":"Carosis"},"content":"                    String description \u003d parts[0].trim();","lastModifiedDate":"2024-02-18"},{"lineNumber":122,"author":{"gitId":"Carosis"},"content":"                    String by \u003d parts[1].trim();","lastModifiedDate":"2024-02-18"},{"lineNumber":123,"author":{"gitId":"Carosis"},"content":"                    addTask(new DeadlineTask(description, by));","lastModifiedDate":"2024-02-18"},{"lineNumber":124,"author":{"gitId":"Carosis"},"content":"                } else if (line.startsWith(\"event\")) {","lastModifiedDate":"2024-02-18"},{"lineNumber":125,"author":{"gitId":"Carosis"},"content":"                    String[] parts \u003d line.substring(6).split(\"/from\");","lastModifiedDate":"2024-02-18"},{"lineNumber":126,"author":{"gitId":"Carosis"},"content":"                    String description \u003d parts[0].trim();","lastModifiedDate":"2024-02-18"},{"lineNumber":127,"author":{"gitId":"Carosis"},"content":"                    String[] dateTime \u003d parts[1].split(\"/to\");","lastModifiedDate":"2024-02-18"},{"lineNumber":128,"author":{"gitId":"Carosis"},"content":"                    String from \u003d dateTime[0].trim();","lastModifiedDate":"2024-02-18"},{"lineNumber":129,"author":{"gitId":"Carosis"},"content":"                    String to \u003d dateTime[1].trim();","lastModifiedDate":"2024-02-18"},{"lineNumber":130,"author":{"gitId":"Carosis"},"content":"                    addTask(new EventTask(description, from, to));","lastModifiedDate":"2024-02-18"},{"lineNumber":131,"author":{"gitId":"Carosis"},"content":"                } else {","lastModifiedDate":"2024-02-18"},{"lineNumber":132,"author":{"gitId":"Carosis"},"content":"                    System.out.println(\"Meow?\");","lastModifiedDate":"2024-01-21"},{"lineNumber":133,"author":{"gitId":"Carosis"},"content":"                }","lastModifiedDate":"2024-02-18"},{"lineNumber":134,"author":{"gitId":"Carosis"},"content":"                options();","lastModifiedDate":"2024-01-21"},{"lineNumber":135,"author":{"gitId":"Carosis"},"content":"                break;","lastModifiedDate":"2024-01-21"},{"lineNumber":136,"author":{"gitId":"Carosis"},"content":"        }","lastModifiedDate":"2024-01-21"},{"lineNumber":137,"author":{"gitId":"Carosis"},"content":"    }","lastModifiedDate":"2024-01-21"},{"lineNumber":138,"author":{"gitId":"Carosis"},"content":"","lastModifiedDate":"2024-02-18"},{"lineNumber":139,"author":{"gitId":"-"},"content":"    public static void main(String[] args) {","lastModifiedDate":"2019-07-29"},{"lineNumber":140,"author":{"gitId":"-"},"content":"        String logo \u003d \" ____        _        \\n\"","lastModifiedDate":"2019-07-29"},{"lineNumber":141,"author":{"gitId":"-"},"content":"                + \"|  _ \\\\ _   _| | _____ \\n\"","lastModifiedDate":"2019-07-29"},{"lineNumber":142,"author":{"gitId":"-"},"content":"                + \"| | | | | | | |/ / _ \\\\\\n\"","lastModifiedDate":"2019-07-29"},{"lineNumber":143,"author":{"gitId":"-"},"content":"                + \"| |_| | |_| |   \u003c  __/\\n\"","lastModifiedDate":"2019-07-29"},{"lineNumber":144,"author":{"gitId":"-"},"content":"                + \"|____/ \\\\__,_|_|\\\\_\\\\___|\\n\";","lastModifiedDate":"2019-07-29"},{"lineNumber":145,"author":{"gitId":"-"},"content":"        System.out.println(\"Hello from\\n\" + logo);","lastModifiedDate":"2019-07-29"},{"lineNumber":146,"author":{"gitId":"Carosis"},"content":"","lastModifiedDate":"2024-01-21"},{"lineNumber":147,"author":{"gitId":"Carosis"},"content":"        printUnderScoreLine();","lastModifiedDate":"2024-01-21"},{"lineNumber":148,"author":{"gitId":"Carosis"},"content":"        String botName \u003d \"KunKun\";","lastModifiedDate":"2024-01-21"},{"lineNumber":149,"author":{"gitId":"Carosis"},"content":"        System.out.println(\"My name is \" + botName);","lastModifiedDate":"2024-01-21"},{"lineNumber":150,"author":{"gitId":"Carosis"},"content":"        options();","lastModifiedDate":"2024-01-21"},{"lineNumber":151,"author":{"gitId":"Carosis"},"content":"","lastModifiedDate":"2024-01-21"},{"lineNumber":152,"author":{"gitId":"-"},"content":"    }","lastModifiedDate":"2019-07-29"},{"lineNumber":153,"author":{"gitId":"Carosis"},"content":"","lastModifiedDate":"2024-01-21"},{"lineNumber":154,"author":{"gitId":"-"},"content":"}","lastModifiedDate":"2019-07-29"},{"lineNumber":155,"author":{"gitId":"Carosis"},"content":"","lastModifiedDate":"2024-02-18"}],"authorContributionMap":{"Carosis":145,"-":10}},{"path":"src/main/java/EventTask.java","fileType":"java","lines":[{"lineNumber":1,"author":{"gitId":"Carosis"},"content":"public class EventTask extends Task {","lastModifiedDate":"2024-02-18"},{"lineNumber":2,"author":{"gitId":"Carosis"},"content":"    protected String taskFrom;","lastModifiedDate":"2024-02-18"},{"lineNumber":3,"author":{"gitId":"Carosis"},"content":"    protected String taskTo;","lastModifiedDate":"2024-02-18"},{"lineNumber":4,"author":{"gitId":"Carosis"},"content":"","lastModifiedDate":"2024-02-18"},{"lineNumber":5,"author":{"gitId":"Carosis"},"content":"    public EventTask(String description, String taskFrom, String taskTo) {","lastModifiedDate":"2024-02-18"},{"lineNumber":6,"author":{"gitId":"Carosis"},"content":"        super(description);","lastModifiedDate":"2024-02-18"},{"lineNumber":7,"author":{"gitId":"Carosis"},"content":"        this.taskFrom \u003d taskFrom;","lastModifiedDate":"2024-02-18"},{"lineNumber":8,"author":{"gitId":"Carosis"},"content":"        this.taskTo \u003d taskTo;","lastModifiedDate":"2024-02-18"},{"lineNumber":9,"author":{"gitId":"Carosis"},"content":"    }","lastModifiedDate":"2024-02-18"},{"lineNumber":10,"author":{"gitId":"Carosis"},"content":"","lastModifiedDate":"2024-02-18"},{"lineNumber":11,"author":{"gitId":"Carosis"},"content":"    @Override","lastModifiedDate":"2024-02-18"},{"lineNumber":12,"author":{"gitId":"Carosis"},"content":"    public String toString() {","lastModifiedDate":"2024-02-18"},{"lineNumber":13,"author":{"gitId":"Carosis"},"content":"        return \"[E]\" + super.toString() + \" (From: \" + taskFrom + \")\" + \" (To: \" + taskTo + \")\";","lastModifiedDate":"2024-02-18"},{"lineNumber":14,"author":{"gitId":"Carosis"},"content":"    }","lastModifiedDate":"2024-02-18"},{"lineNumber":15,"author":{"gitId":"Carosis"},"content":"","lastModifiedDate":"2024-02-18"},{"lineNumber":16,"author":{"gitId":"Carosis"},"content":"}","lastModifiedDate":"2024-02-18"}],"authorContributionMap":{"Carosis":16}},{"path":"src/main/java/Task.java","fileType":"java","lines":[{"lineNumber":1,"author":{"gitId":"Carosis"},"content":"public abstract class Task {","lastModifiedDate":"2024-02-18"},{"lineNumber":2,"author":{"gitId":"Carosis"},"content":"    private String description;","lastModifiedDate":"2024-02-18"},{"lineNumber":3,"author":{"gitId":"Carosis"},"content":"    private boolean isDone;","lastModifiedDate":"2024-02-18"},{"lineNumber":4,"author":{"gitId":"Carosis"},"content":"","lastModifiedDate":"2024-02-18"},{"lineNumber":5,"author":{"gitId":"Carosis"},"content":"    public Task(String description) {","lastModifiedDate":"2024-02-18"},{"lineNumber":6,"author":{"gitId":"Carosis"},"content":"        this.description \u003d description;","lastModifiedDate":"2024-02-18"},{"lineNumber":7,"author":{"gitId":"Carosis"},"content":"        this.isDone \u003d false;","lastModifiedDate":"2024-02-18"},{"lineNumber":8,"author":{"gitId":"Carosis"},"content":"    }","lastModifiedDate":"2024-02-18"},{"lineNumber":9,"author":{"gitId":"Carosis"},"content":"","lastModifiedDate":"2024-02-18"},{"lineNumber":10,"author":{"gitId":"Carosis"},"content":"    public void markAsDone() {","lastModifiedDate":"2024-02-18"},{"lineNumber":11,"author":{"gitId":"Carosis"},"content":"        this.isDone \u003d true;","lastModifiedDate":"2024-02-18"},{"lineNumber":12,"author":{"gitId":"Carosis"},"content":"    }","lastModifiedDate":"2024-02-18"},{"lineNumber":13,"author":{"gitId":"Carosis"},"content":"","lastModifiedDate":"2024-02-18"},{"lineNumber":14,"author":{"gitId":"Carosis"},"content":"    @Override","lastModifiedDate":"2024-02-18"},{"lineNumber":15,"author":{"gitId":"Carosis"},"content":"    public String toString() {","lastModifiedDate":"2024-02-18"},{"lineNumber":16,"author":{"gitId":"Carosis"},"content":"        return \"[\" + (isDone ? \"X\" : \" \") + \"] \" + description;","lastModifiedDate":"2024-02-18"},{"lineNumber":17,"author":{"gitId":"Carosis"},"content":"    }","lastModifiedDate":"2024-02-18"},{"lineNumber":18,"author":{"gitId":"Carosis"},"content":"}","lastModifiedDate":"2024-02-18"},{"lineNumber":19,"author":{"gitId":"Carosis"},"content":"","lastModifiedDate":"2024-02-18"}],"authorContributionMap":{"Carosis":19}},{"path":"src/main/java/TodoTask.java","fileType":"java","lines":[{"lineNumber":1,"author":{"gitId":"Carosis"},"content":"public class TodoTask extends Task {","lastModifiedDate":"2024-02-18"},{"lineNumber":2,"author":{"gitId":"Carosis"},"content":"    public TodoTask(String description) {","lastModifiedDate":"2024-02-18"},{"lineNumber":3,"author":{"gitId":"Carosis"},"content":"        super(description);","lastModifiedDate":"2024-02-18"},{"lineNumber":4,"author":{"gitId":"Carosis"},"content":"    }","lastModifiedDate":"2024-02-18"},{"lineNumber":5,"author":{"gitId":"Carosis"},"content":"","lastModifiedDate":"2024-02-18"},{"lineNumber":6,"author":{"gitId":"Carosis"},"content":"    @Override","lastModifiedDate":"2024-02-18"},{"lineNumber":7,"author":{"gitId":"Carosis"},"content":"    public String toString() {","lastModifiedDate":"2024-02-18"},{"lineNumber":8,"author":{"gitId":"Carosis"},"content":"        return \"[T]\" + super.toString();","lastModifiedDate":"2024-02-18"},{"lineNumber":9,"author":{"gitId":"Carosis"},"content":"    }","lastModifiedDate":"2024-02-18"},{"lineNumber":10,"author":{"gitId":"Carosis"},"content":"","lastModifiedDate":"2024-02-18"},{"lineNumber":11,"author":{"gitId":"Carosis"},"content":"}","lastModifiedDate":"2024-02-18"}],"authorContributionMap":{"Carosis":11}},{"path":"text-ui-test/input.txt","fileType":"txt","lines":[{"lineNumber":1,"author":{"gitId":"Carosis"},"content":"testing","lastModifiedDate":"2024-02-07"},{"lineNumber":2,"author":{"gitId":"Carosis"},"content":"add","lastModifiedDate":"2024-02-07"},{"lineNumber":3,"author":{"gitId":"Carosis"},"content":"fish","lastModifiedDate":"2024-02-07"},{"lineNumber":4,"author":{"gitId":"Carosis"},"content":"fish1","lastModifiedDate":"2024-02-07"},{"lineNumber":5,"author":{"gitId":"Carosis"},"content":"fish1","lastModifiedDate":"2024-02-07"},{"lineNumber":6,"author":{"gitId":"Carosis"},"content":"fish2","lastModifiedDate":"2024-02-07"},{"lineNumber":7,"author":{"gitId":"Carosis"},"content":"list","lastModifiedDate":"2024-02-07"},{"lineNumber":8,"author":{"gitId":"Carosis"},"content":"back","lastModifiedDate":"2024-02-07"},{"lineNumber":9,"author":{"gitId":"Carosis"},"content":"back","lastModifiedDate":"2024-02-07"},{"lineNumber":10,"author":{"gitId":"Carosis"},"content":"bye","lastModifiedDate":"2024-02-07"}],"authorContributionMap":{"Carosis":10}},{"path":"text-ui-test/runtest.bat","fileType":"bat","lines":[{"lineNumber":1,"author":{"gitId":"-"},"content":"@ECHO OFF","lastModifiedDate":"2020-05-25"},{"lineNumber":2,"author":{"gitId":"-"},"content":"","lastModifiedDate":"2020-05-25"},{"lineNumber":3,"author":{"gitId":"-"},"content":"REM create bin directory if it doesn\u0027t exist","lastModifiedDate":"2020-05-25"},{"lineNumber":4,"author":{"gitId":"-"},"content":"if not exist ..\\bin mkdir ..\\bin","lastModifiedDate":"2020-05-25"},{"lineNumber":5,"author":{"gitId":"-"},"content":"","lastModifiedDate":"2020-05-25"},{"lineNumber":6,"author":{"gitId":"-"},"content":"REM delete output from previous run","lastModifiedDate":"2020-05-25"},{"lineNumber":7,"author":{"gitId":"Carosis"},"content":"del ACTUAL.TXT","lastModifiedDate":"2024-02-07"},{"lineNumber":8,"author":{"gitId":"-"},"content":"","lastModifiedDate":"2020-05-25"},{"lineNumber":9,"author":{"gitId":"-"},"content":"REM compile the code into the bin folder","lastModifiedDate":"2020-05-25"},{"lineNumber":10,"author":{"gitId":"-"},"content":"javac  -cp ..\\src\\main\\java -Xlint:none -d ..\\bin ..\\src\\main\\java\\*.java","lastModifiedDate":"2020-08-25"},{"lineNumber":11,"author":{"gitId":"-"},"content":"IF ERRORLEVEL 1 (","lastModifiedDate":"2020-05-25"},{"lineNumber":12,"author":{"gitId":"-"},"content":"    echo ********** BUILD FAILURE **********","lastModifiedDate":"2020-05-25"},{"lineNumber":13,"author":{"gitId":"-"},"content":"    exit /b 1","lastModifiedDate":"2020-05-25"},{"lineNumber":14,"author":{"gitId":"-"},"content":")","lastModifiedDate":"2020-05-25"},{"lineNumber":15,"author":{"gitId":"-"},"content":"REM no error here, errorlevel \u003d\u003d 0","lastModifiedDate":"2020-05-25"},{"lineNumber":16,"author":{"gitId":"-"},"content":"","lastModifiedDate":"2020-05-25"},{"lineNumber":17,"author":{"gitId":"-"},"content":"REM run the program, feed commands from input.txt file and redirect the output to the ACTUAL.TXT","lastModifiedDate":"2020-05-25"},{"lineNumber":18,"author":{"gitId":"-"},"content":"java -classpath ..\\bin Duke \u003c input.txt \u003e ACTUAL.TXT","lastModifiedDate":"2020-05-25"},{"lineNumber":19,"author":{"gitId":"-"},"content":"","lastModifiedDate":"2020-05-25"},{"lineNumber":20,"author":{"gitId":"-"},"content":"REM compare the output to the expected output","lastModifiedDate":"2020-05-25"},{"lineNumber":21,"author":{"gitId":"-"},"content":"FC ACTUAL.TXT EXPECTED.TXT","lastModifiedDate":"2020-05-25"}],"authorContributionMap":{"Carosis":1,"-":20}}]
