{"authorDailyContributionsMap":{"Carosis":[{"date":"2024-01-21","commitResults":[{"hash":"3179904cf424c6fb03f7b8de82d4577b7869d7f8","isMergeCommit":false,"messageTitle":"add fruit.txt for testing","messageBody":"","fileTypesAndContributionMap":{"txt":{"insertions":3,"deletions":0}}},{"hash":"220f7c9bde1a772c5b121b7916eaa6ae0bc40036","isMergeCommit":false,"messageTitle":"testing edit fruit.txt","messageBody":"","fileTypesAndContributionMap":{"txt":{"insertions":2,"deletions":1}}},{"hash":"fc8c11d781ac8474e21d53af7e2b6c3eff7349bc","isMergeCommit":false,"messageTitle":"add colors.txt and shapes.txt","messageBody":"","tags":["V1.0_Beta"],"fileTypesAndContributionMap":{"txt":{"insertions":6,"deletions":0}}},{"hash":"e0f1dd940952cefc7e7bf7dcea06fdab619e1963","isMergeCommit":false,"messageTitle":"Added printBye,printUnderScoreLine,options,echoInput,addInput","messageBody":"","tags":["1.01_Beta_testing"],"fileTypesAndContributionMap":{"java":{"insertions":108,"deletions":0}}}]},{"date":"2024-02-07","commitResults":[{"hash":"df420a2b26183175e8489e4c2c54ec357f300889","isMergeCommit":false,"messageTitle":"Edited option - only read the file once instead of of each time By change scanner in in options and addInput as private static Tested UI testing","messageBody":"","fileTypesAndContributionMap":{"txt":{"insertions":10,"deletions":0},"java":{"insertions":1,"deletions":3},"bat":{"insertions":2,"deletions":2}}}]},{"date":"2024-02-18","commitResults":[{"hash":"dc23d5e211c08e9fc007731ba42438ff899fdecd","isMergeCommit":false,"messageTitle":"Added Task related class. simplified some code. Added todo , event, deadline, list","messageBody":"","tags":["1.04"],"fileTypesAndContributionMap":{"java":{"insertions":123,"deletions":25}}}]}]},"authorFileTypeContributionMap":{"Carosis":{"java":204,"md":0,"fxml":0,"sh":0,"bat":1,"gradle":0,"txt":20}},"authorContributionVariance":{"Carosis":979.74207},"authorDisplayNameMap":{"Carosis":"YUCH..JING"}}
