{"authorDailyContributionsMap":{"Carosis":[{"date":"2024-01-21","commitResults":[{"hash":"3179904cf424c6fb03f7b8de82d4577b7869d7f8","isMergeCommit":false,"messageTitle":"add fruit.txt for testing","messageBody":"","fileTypesAndContributionMap":{"txt":{"insertions":3,"deletions":0}}},{"hash":"220f7c9bde1a772c5b121b7916eaa6ae0bc40036","isMergeCommit":false,"messageTitle":"testing edit fruit.txt","messageBody":"","fileTypesAndContributionMap":{"txt":{"insertions":2,"deletions":1}}},{"hash":"fc8c11d781ac8474e21d53af7e2b6c3eff7349bc","isMergeCommit":false,"messageTitle":"add colors.txt and shapes.txt","messageBody":"","fileTypesAndContributionMap":{"txt":{"insertions":6,"deletions":0}}},{"hash":"e0f1dd940952cefc7e7bf7dcea06fdab619e1963","isMergeCommit":false,"messageTitle":"Added printBye,printUnderScoreLine,options,echoInput,addInput","messageBody":"","tags":["Level1-2","Level1-1"],"fileTypesAndContributionMap":{"java":{"insertions":108,"deletions":0}}}]},{"date":"2024-02-07","commitResults":[{"hash":"df420a2b26183175e8489e4c2c54ec357f300889","isMergeCommit":false,"messageTitle":"Edited option - only read the file once instead of of each time By change scanner in in options and addInput as private static Tested UI testing","messageBody":"","tags":["A-TextUiTesting"],"fileTypesAndContributionMap":{"txt":{"insertions":10,"deletions":0},"java":{"insertions":1,"deletions":3},"bat":{"insertions":2,"deletions":2}}}]},{"date":"2024-02-18","commitResults":[{"hash":"dc23d5e211c08e9fc007731ba42438ff899fdecd","isMergeCommit":false,"messageTitle":"Added Task related class. simplified some code. Added todo , event, deadline, list","messageBody":"","tags":["Level1-4"],"fileTypesAndContributionMap":{"java":{"insertions":123,"deletions":25}}}]},{"date":"2024-02-25","commitResults":[{"hash":"9a7859d0eda6394ede04466d1adaf5e3c8231f54","isMergeCommit":false,"messageTitle":"Added miss out mark and unmark function Added 2 error handler exception","messageBody":"","tags":["Level1-5","Level1-3"],"fileTypesAndContributionMap":{"java":{"insertions":118,"deletions":45}}}]},{"date":"2024-03-06","commitResults":[{"hash":"71a159e7d07325e4d9937b08ecac9c7b4a1c9677","isMergeCommit":false,"messageTitle":"Added delete task","messageBody":"","fileTypesAndContributionMap":{"txt":{"insertions":20,"deletions":0},"java":{"insertions":325,"deletions":12},"bat":{"insertions":21,"deletions":0},"sh":{"insertions":38,"deletions":0},"md":{"insertions":62,"deletions":0}}},{"hash":"603dc1d7929f89421f2c7e95a0b40d3e4a79e2d1","isMergeCommit":false,"messageTitle":"Fixed taskCount","messageBody":"","fileTypesAndContributionMap":{"java":{"insertions":17,"deletions":8}}}]},{"date":"2024-03-09","commitResults":[{"hash":"508ffefafdd4da977cbe49dae408070e07851773","isMergeCommit":false,"messageTitle":"Added enum classs ActionType, added delete function Made few improvement","messageBody":"","tags":["Level-6","A-Enums"],"fileTypesAndContributionMap":{"java":{"insertions":139,"deletions":97}}}]},{"date":"2024-03-24","commitResults":[{"hash":"87c3caed07b996f68c7690494ec6cf42966472fc","isMergeCommit":false,"messageTitle":"More OOP , 1-7 Save , 1-8 Date Only, Java Package","messageBody":"","tags":["Package","MoreOOP","Level-7"],"fileTypesAndContributionMap":{"txt":{"insertions":5,"deletions":20},"java":{"insertions":797,"deletions":288},"bat":{"insertions":0,"deletions":21},"sh":{"insertions":0,"deletions":38},"md":{"insertions":0,"deletions":62}}},{"hash":"3ffe84e09f9b0384ca36275b94dd95cf348ac759","isMergeCommit":false,"messageTitle":"clean unused files","messageBody":"","fileTypesAndContributionMap":{"java":{"insertions":0,"deletions":363}}},{"hash":"e7e8eac1f09e223c52ed27bac666b3fcbcb81e3a","isMergeCommit":true,"messageTitle":"Merge remote-tracking branch \u0027origin/add-gradle-support\u0027","messageBody":"","fileTypesAndContributionMap":{}}]},{"date":"2024-03-26","commitResults":[{"hash":"52e6cc5c515a39d0a505b3257032fc363aeada44","isMergeCommit":false,"messageTitle":"Added test - Gradle test","messageBody":"","fileTypesAndContributionMap":{"gradle":{"insertions":1,"deletions":10},"txt":{"insertions":0,"deletions":1},"java":{"insertions":52,"deletions":7}}}]},{"date":"2024-03-30","commitResults":[{"hash":"9555d467cdef81efa7727292229c19551fe57922","isMergeCommit":false,"messageTitle":"Snooze + Do with in period","messageBody":"","tags":["Level-8","B-Snooze","B-DoWithinPeriodTasks"],"fileTypesAndContributionMap":{"txt":{"insertions":3,"deletions":0},"java":{"insertions":244,"deletions":46}}},{"hash":"52e8338b645097cb5a7dc30b4e15d25e7ac1dc96","isMergeCommit":false,"messageTitle":"Added find","messageBody":"","tags":["Level-9"],"fileTypesAndContributionMap":{"java":{"insertions":63,"deletions":2}}},{"hash":"36809e54890fd15f651a0aa7576b9f6e188704f2","isMergeCommit":false,"messageTitle":"Adjust partial to meet coding standard","messageBody":"","fileTypesAndContributionMap":{"java":{"insertions":0,"deletions":0}}},{"hash":"0aaa834a0eac829f0b528f191f9323161ff02e34","isMergeCommit":false,"messageTitle":"Update partial for coding standard","messageBody":"","fileTypesAndContributionMap":{"java":{"insertions":108,"deletions":55}}}]},{"date":"2024-04-03","commitResults":[{"hash":"c8eb934ac0a369a5fdf6af5076d2ce8793936ea3","isMergeCommit":false,"messageTitle":"fixed DoWithInTimeTask bugs added some code standard","messageBody":"","fileTypesAndContributionMap":{"txt":{"insertions":1,"deletions":0},"java":{"insertions":99,"deletions":75}}}]},{"date":"2024-04-07","commitResults":[{"hash":"cab4ae93555e43d701738b65cce835fb4a4f66f9","isMergeCommit":false,"messageTitle":"fix a bug related to update more code dtandard remove Binary files in repo modified Method Length modified Package Name Style","messageBody":"","fileTypesAndContributionMap":{"java":{"insertions":288,"deletions":244},"bat":{"insertions":1,"deletions":1},"md":{"insertions":3,"deletions":3}}},{"hash":"520313ece870c8d70079d16ced57e369321ada6b","isMergeCommit":false,"messageTitle":"Update all test cases, more coding standard","messageBody":"","fileTypesAndContributionMap":{"gradle":{"insertions":2,"deletions":3},"txt":{"insertions":8,"deletions":0},"java":{"insertions":687,"deletions":31}}},{"hash":"3687eeeb5aaf54d8890d93585c9dae3d47816bd4","isMergeCommit":false,"messageTitle":"Update build.gradle","messageBody":"","tags":["A-jar"],"fileTypesAndContributionMap":{"gradle":{"insertions":1,"deletions":1}}},{"hash":"9688bb7c9624c8f7be039a176fb22490b558a8bb","isMergeCommit":false,"messageTitle":"Added partial comments","messageBody":"","fileTypesAndContributionMap":{"java":{"insertions":892,"deletions":135}}}]}]},"authorFileTypeContributionMap":{"Carosis":{"java":2635,"md":3,"fxml":0,"sh":0,"bat":2,"gradle":2,"txt":36}},"authorContributionVariance":{"Carosis":96459.22},"authorDisplayNameMap":{"Carosis":"YUCH..JING"}}
