{"authorDailyContributionsMap":{"Carosis":[{"date":"2024-01-21","commitResults":[{"hash":"3179904cf424c6fb03f7b8de82d4577b7869d7f8","isMergeCommit":false,"messageTitle":"add fruit.txt for testing","messageBody":"","fileTypesAndContributionMap":{"txt":{"insertions":3,"deletions":0}}},{"hash":"220f7c9bde1a772c5b121b7916eaa6ae0bc40036","isMergeCommit":false,"messageTitle":"testing edit fruit.txt","messageBody":"","fileTypesAndContributionMap":{"txt":{"insertions":2,"deletions":1}}},{"hash":"fc8c11d781ac8474e21d53af7e2b6c3eff7349bc","isMergeCommit":false,"messageTitle":"add colors.txt and shapes.txt","messageBody":"","fileTypesAndContributionMap":{"txt":{"insertions":6,"deletions":0}}},{"hash":"e0f1dd940952cefc7e7bf7dcea06fdab619e1963","isMergeCommit":false,"messageTitle":"Added printBye,printUnderScoreLine,options,echoInput,addInput","messageBody":"","tags":["Level1-2","Level1-1"],"fileTypesAndContributionMap":{"java":{"insertions":108,"deletions":0}}}]},{"date":"2024-02-07","commitResults":[{"hash":"df420a2b26183175e8489e4c2c54ec357f300889","isMergeCommit":false,"messageTitle":"Edited option - only read the file once instead of of each time By change scanner in in options and addInput as private static Tested UI testing","messageBody":"","tags":["A-TextUiTesting"],"fileTypesAndContributionMap":{"txt":{"insertions":10,"deletions":0},"java":{"insertions":1,"deletions":3},"bat":{"insertions":2,"deletions":2}}}]},{"date":"2024-02-18","commitResults":[{"hash":"dc23d5e211c08e9fc007731ba42438ff899fdecd","isMergeCommit":false,"messageTitle":"Added Task related class. simplified some code. Added todo , event, deadline, list","messageBody":"","tags":["Level1-4"],"fileTypesAndContributionMap":{"java":{"insertions":123,"deletions":25}}}]},{"date":"2024-02-25","commitResults":[{"hash":"9a7859d0eda6394ede04466d1adaf5e3c8231f54","isMergeCommit":false,"messageTitle":"Added miss out mark and unmark function Added 2 error handler exception","messageBody":"","tags":["Level1-5","Level1-3"],"fileTypesAndContributionMap":{"java":{"insertions":118,"deletions":45}}}]},{"date":"2024-03-06","commitResults":[{"hash":"71a159e7d07325e4d9937b08ecac9c7b4a1c9677","isMergeCommit":false,"messageTitle":"Added delete task","messageBody":"","fileTypesAndContributionMap":{"txt":{"insertions":20,"deletions":0},"java":{"insertions":325,"deletions":12},"bat":{"insertions":21,"deletions":0},"sh":{"insertions":38,"deletions":0},"md":{"insertions":62,"deletions":0}}},{"hash":"603dc1d7929f89421f2c7e95a0b40d3e4a79e2d1","isMergeCommit":false,"messageTitle":"Fixed taskCount","messageBody":"","fileTypesAndContributionMap":{"java":{"insertions":17,"deletions":8}}}]}]},"authorFileTypeContributionMap":{"Carosis":{"java":599,"md":62,"fxml":0,"sh":38,"bat":22,"gradle":0,"txt":40}},"authorContributionVariance":{"Carosis":5745.7134},"authorDisplayNameMap":{"Carosis":"YUCH..JING"}}
