{"authorDailyContributionsMap":{"Carosis":[{"date":"2024-01-21","commitResults":[{"hash":"3179904cf424c6fb03f7b8de82d4577b7869d7f8","isMergeCommit":false,"messageTitle":"add fruit.txt for testing","messageBody":"","fileTypesAndContributionMap":{"txt":{"insertions":3,"deletions":0}}},{"hash":"220f7c9bde1a772c5b121b7916eaa6ae0bc40036","isMergeCommit":false,"messageTitle":"testing edit fruit.txt","messageBody":"","fileTypesAndContributionMap":{"txt":{"insertions":2,"deletions":1}}},{"hash":"fc8c11d781ac8474e21d53af7e2b6c3eff7349bc","isMergeCommit":false,"messageTitle":"add colors.txt and shapes.txt","messageBody":"","fileTypesAndContributionMap":{"txt":{"insertions":6,"deletions":0}}},{"hash":"e0f1dd940952cefc7e7bf7dcea06fdab619e1963","isMergeCommit":false,"messageTitle":"Added printBye,printUnderScoreLine,options,echoInput,addInput","messageBody":"","tags":["Level1-2","Level1-1"],"fileTypesAndContributionMap":{"java":{"insertions":108,"deletions":0}}}]},{"date":"2024-02-07","commitResults":[{"hash":"df420a2b26183175e8489e4c2c54ec357f300889","isMergeCommit":false,"messageTitle":"Edited option - only read the file once instead of of each time By change scanner in in options and addInput as private static Tested UI testing","messageBody":"","tags":["A-TextUiTesting"],"fileTypesAndContributionMap":{"txt":{"insertions":10,"deletions":0},"java":{"insertions":1,"deletions":3},"bat":{"insertions":2,"deletions":2}}}]},{"date":"2024-02-18","commitResults":[{"hash":"dc23d5e211c08e9fc007731ba42438ff899fdecd","isMergeCommit":false,"messageTitle":"Added Task related class. simplified some code. Added todo , event, deadline, list","messageBody":"","tags":["Level1-4"],"fileTypesAndContributionMap":{"java":{"insertions":123,"deletions":25}}}]},{"date":"2024-02-25","commitResults":[{"hash":"9a7859d0eda6394ede04466d1adaf5e3c8231f54","isMergeCommit":false,"messageTitle":"Added miss out mark and unmark function Added 2 error handler exception","messageBody":"","tags":["Level1-5","Level1-3"],"fileTypesAndContributionMap":{"java":{"insertions":118,"deletions":45}}}]},{"date":"2024-03-06","commitResults":[{"hash":"71a159e7d07325e4d9937b08ecac9c7b4a1c9677","isMergeCommit":false,"messageTitle":"Added delete task","messageBody":"","fileTypesAndContributionMap":{"txt":{"insertions":20,"deletions":0},"java":{"insertions":325,"deletions":12},"bat":{"insertions":21,"deletions":0},"sh":{"insertions":38,"deletions":0},"md":{"insertions":62,"deletions":0}}},{"hash":"603dc1d7929f89421f2c7e95a0b40d3e4a79e2d1","isMergeCommit":false,"messageTitle":"Fixed taskCount","messageBody":"","fileTypesAndContributionMap":{"java":{"insertions":17,"deletions":8}}}]},{"date":"2024-03-09","commitResults":[{"hash":"508ffefafdd4da977cbe49dae408070e07851773","isMergeCommit":false,"messageTitle":"Added enum classs ActionType, added delete function Made few improvement","messageBody":"","tags":["Level-6","A-Enums"],"fileTypesAndContributionMap":{"java":{"insertions":139,"deletions":97}}}]},{"date":"2024-03-24","commitResults":[{"hash":"87c3caed07b996f68c7690494ec6cf42966472fc","isMergeCommit":false,"messageTitle":"More OOP , 1-7 Save , 1-8 Date Only, Java Package","messageBody":"","tags":["Package","MoreOOP","Level-8.5","Level-7"],"fileTypesAndContributionMap":{"txt":{"insertions":5,"deletions":20},"java":{"insertions":797,"deletions":288},"bat":{"insertions":0,"deletions":21},"sh":{"insertions":0,"deletions":38},"md":{"insertions":0,"deletions":62}}},{"hash":"3ffe84e09f9b0384ca36275b94dd95cf348ac759","isMergeCommit":false,"messageTitle":"clean unused files","messageBody":"","fileTypesAndContributionMap":{"java":{"insertions":0,"deletions":363}}},{"hash":"e7e8eac1f09e223c52ed27bac666b3fcbcb81e3a","isMergeCommit":true,"messageTitle":"Merge remote-tracking branch \u0027origin/add-gradle-support\u0027","messageBody":"","fileTypesAndContributionMap":{}}]}]},"authorFileTypeContributionMap":{"Carosis":{"java":797,"md":0,"fxml":0,"sh":0,"bat":1,"gradle":0,"txt":25}},"authorContributionVariance":{"Carosis":40031.047},"authorDisplayNameMap":{"Carosis":"YUCH..JING"}}
