[{"path":"README.md","fileType":"md","lines":[{"lineNumber":1,"author":{"gitId":"-"},"content":"# Duke project template","lastModifiedDate":"2020-05-25"},{"lineNumber":2,"author":{"gitId":"-"},"content":"","lastModifiedDate":"2020-05-25"},{"lineNumber":3,"author":{"gitId":"-"},"content":"This is a project template for a greenfield Java project. It\u0027s named after the Java mascot _Duke_. Given below are instructions on how to use it.","lastModifiedDate":"2020-05-25"},{"lineNumber":4,"author":{"gitId":"-"},"content":"","lastModifiedDate":"2020-05-25"},{"lineNumber":5,"author":{"gitId":"-"},"content":"## Setting up in Intellij","lastModifiedDate":"2020-05-25"},{"lineNumber":6,"author":{"gitId":"-"},"content":"","lastModifiedDate":"2020-05-25"},{"lineNumber":7,"author":{"gitId":"-"},"content":"Prerequisites: JDK 11, update Intellij to the most recent version.","lastModifiedDate":"2020-05-25"},{"lineNumber":8,"author":{"gitId":"-"},"content":"","lastModifiedDate":"2020-05-25"},{"lineNumber":9,"author":{"gitId":"-"},"content":"1. Open Intellij (if you are not in the welcome screen, click `File` \u003e `Close Project` to close the existing project first)","lastModifiedDate":"2021-01-17"},{"lineNumber":10,"author":{"gitId":"-"},"content":"1. Open the project into Intellij as follows:","lastModifiedDate":"2021-01-17"},{"lineNumber":11,"author":{"gitId":"-"},"content":"   1. Click `Open`.","lastModifiedDate":"2021-01-17"},{"lineNumber":12,"author":{"gitId":"-"},"content":"   1. Select the project directory, and click `OK`.","lastModifiedDate":"2021-01-17"},{"lineNumber":13,"author":{"gitId":"-"},"content":"   1. If there are any further prompts, accept the defaults.","lastModifiedDate":"2020-05-25"},{"lineNumber":14,"author":{"gitId":"-"},"content":"1. Configure the project to use **JDK 11** (not other versions) as explained in [here](https://www.jetbrains.com/help/idea/sdk.html#set-up-jdk).\u003cbr\u003e","lastModifiedDate":"2021-07-29"},{"lineNumber":15,"author":{"gitId":"-"},"content":"   In the same dialog, set the **Project language level** field to the `SDK default` option.","lastModifiedDate":"2021-07-29"},{"lineNumber":16,"author":{"gitId":"Elliott-Han-YuGeng"},"content":"3. After that, locate the `src/main/java/Rolling.java` file, right-click it, and choose `Run Duke.main()` (if the code editor is showing compile errors, try restarting the IDE). If the setup is correct, you should see something like the below as the output:","lastModifiedDate":"2024-04-17"},{"lineNumber":17,"author":{"gitId":"-"},"content":"   ```","lastModifiedDate":"2020-05-25"},{"lineNumber":18,"author":{"gitId":"-"},"content":"   Hello from","lastModifiedDate":"2020-05-25"},{"lineNumber":19,"author":{"gitId":"-"},"content":"    ____        _        ","lastModifiedDate":"2020-05-25"},{"lineNumber":20,"author":{"gitId":"-"},"content":"   |  _ \\ _   _| | _____ ","lastModifiedDate":"2020-05-25"},{"lineNumber":21,"author":{"gitId":"-"},"content":"   | | | | | | | |/ / _ \\","lastModifiedDate":"2020-05-25"},{"lineNumber":22,"author":{"gitId":"-"},"content":"   | |_| | |_| |   \u003c  __/","lastModifiedDate":"2020-05-25"},{"lineNumber":23,"author":{"gitId":"-"},"content":"   |____/ \\__,_|_|\\_\\___|","lastModifiedDate":"2020-05-25"},{"lineNumber":24,"author":{"gitId":"-"},"content":"   ```","lastModifiedDate":"2020-05-25"}],"authorContributionMap":{"Elliott-Han-YuGeng":1,"-":23}},{"path":"data/rolling.txt","fileType":"txt","lines":[{"lineNumber":1,"author":{"gitId":"Elliott-Han-YuGeng"},"content":"T | 1 | read book","lastModifiedDate":"2024-04-21"},{"lineNumber":2,"author":{"gitId":"Elliott-Han-YuGeng"},"content":"D | 0 | return book | June 6th","lastModifiedDate":"2024-04-21"},{"lineNumber":3,"author":{"gitId":"Elliott-Han-YuGeng"},"content":"E | 0 | project meeting | Aug 6th 2 | 4pm","lastModifiedDate":"2024-04-21"},{"lineNumber":4,"author":{"gitId":"Elliott-Han-YuGeng"},"content":"T | 1 | join sports club","lastModifiedDate":"2024-04-21"}],"authorContributionMap":{"Elliott-Han-YuGeng":4}},{"path":"src/main/java/Rolling.java","fileType":"java","lines":[{"lineNumber":1,"author":{"gitId":"Elliott-Han-YuGeng"},"content":"import java.nio.file.Paths;","lastModifiedDate":"2024-04-21"},{"lineNumber":2,"author":{"gitId":"Elliott-Han-YuGeng"},"content":"","lastModifiedDate":"2024-04-17"},{"lineNumber":3,"author":{"gitId":"Elliott-Han-YuGeng"},"content":"import ui.Ui;","lastModifiedDate":"2024-04-21"},{"lineNumber":4,"author":{"gitId":"Elliott-Han-YuGeng"},"content":"import storage.Storage;","lastModifiedDate":"2024-04-21"},{"lineNumber":5,"author":{"gitId":"Elliott-Han-YuGeng"},"content":"import parser.Parser;","lastModifiedDate":"2024-04-21"},{"lineNumber":6,"author":{"gitId":"Elliott-Han-YuGeng"},"content":"import tasktype.TaskList;","lastModifiedDate":"2024-04-21"},{"lineNumber":7,"author":{"gitId":"Elliott-Han-YuGeng"},"content":"import command.CommandList;","lastModifiedDate":"2024-04-21"},{"lineNumber":8,"author":{"gitId":"Elliott-Han-YuGeng"},"content":"import command.HandleCommand;","lastModifiedDate":"2024-04-21"},{"lineNumber":9,"author":{"gitId":"Elliott-Han-YuGeng"},"content":"import exception.RollingException;","lastModifiedDate":"2024-04-21"},{"lineNumber":10,"author":{"gitId":"Elliott-Han-YuGeng"},"content":"","lastModifiedDate":"2024-04-21"},{"lineNumber":11,"author":{"gitId":"Elliott-Han-YuGeng"},"content":"public class Rolling {","lastModifiedDate":"2024-04-17"},{"lineNumber":12,"author":{"gitId":"Elliott-Han-YuGeng"},"content":"    private static Ui ui;","lastModifiedDate":"2024-04-21"},{"lineNumber":13,"author":{"gitId":"Elliott-Han-YuGeng"},"content":"    private static Storage file;","lastModifiedDate":"2024-04-21"},{"lineNumber":14,"author":{"gitId":"Elliott-Han-YuGeng"},"content":"    private static TaskList todoList;","lastModifiedDate":"2024-04-21"},{"lineNumber":15,"author":{"gitId":"Elliott-Han-YuGeng"},"content":"    private static HandleCommand hCMD;","lastModifiedDate":"2024-04-21"},{"lineNumber":16,"author":{"gitId":"Elliott-Han-YuGeng"},"content":"","lastModifiedDate":"2024-04-21"},{"lineNumber":17,"author":{"gitId":"Elliott-Han-YuGeng"},"content":"    //  User input data","lastModifiedDate":"2024-04-21"},{"lineNumber":18,"author":{"gitId":"Elliott-Han-YuGeng"},"content":"    private static String line;            // user original input","lastModifiedDate":"2024-04-19"},{"lineNumber":19,"author":{"gitId":"Elliott-Han-YuGeng"},"content":"    private static int lineLength;","lastModifiedDate":"2024-04-18"},{"lineNumber":20,"author":{"gitId":"Elliott-Han-YuGeng"},"content":"    private static CommandList l1;         // keyword: todo, deadline, event, mark, unmark, list, bye","lastModifiedDate":"2024-04-21"},{"lineNumber":21,"author":{"gitId":"Elliott-Han-YuGeng"},"content":"    private static int l2;                 // number to mark or unmark: 1, 2, 3, ...","lastModifiedDate":"2024-04-19"},{"lineNumber":22,"author":{"gitId":"Elliott-Han-YuGeng"},"content":"    private static int lineSlashLength;","lastModifiedDate":"2024-04-19"},{"lineNumber":23,"author":{"gitId":"Elliott-Han-YuGeng"},"content":"    private static String l3;              // contains task description","lastModifiedDate":"2024-04-19"},{"lineNumber":24,"author":{"gitId":"Elliott-Han-YuGeng"},"content":"    private static String l4;              // by ? or from ?","lastModifiedDate":"2024-04-19"},{"lineNumber":25,"author":{"gitId":"Elliott-Han-YuGeng"},"content":"    private static String l5;              // to ?","lastModifiedDate":"2024-04-19"},{"lineNumber":26,"author":{"gitId":"Elliott-Han-YuGeng"},"content":"","lastModifiedDate":"2024-04-18"},{"lineNumber":27,"author":{"gitId":"Elliott-Han-YuGeng"},"content":"    public Rolling(String filePath) {","lastModifiedDate":"2024-04-21"},{"lineNumber":28,"author":{"gitId":"Elliott-Han-YuGeng"},"content":"        ui \u003d new Ui();","lastModifiedDate":"2024-04-21"},{"lineNumber":29,"author":{"gitId":"Elliott-Han-YuGeng"},"content":"        file \u003d new Storage(filePath);","lastModifiedDate":"2024-04-21"},{"lineNumber":30,"author":{"gitId":"Elliott-Han-YuGeng"},"content":"        todoList \u003d new TaskList(file.load());","lastModifiedDate":"2024-04-21"},{"lineNumber":31,"author":{"gitId":"Elliott-Han-YuGeng"},"content":"    }","lastModifiedDate":"2024-04-20"},{"lineNumber":32,"author":{"gitId":"Elliott-Han-YuGeng"},"content":"","lastModifiedDate":"2024-04-20"},{"lineNumber":33,"author":{"gitId":"Elliott-Han-YuGeng"},"content":"//  ---------- Running Method --------------------------------------------------------","lastModifiedDate":"2024-04-21"},{"lineNumber":34,"author":{"gitId":"Elliott-Han-YuGeng"},"content":"","lastModifiedDate":"2024-04-19"},{"lineNumber":35,"author":{"gitId":"Elliott-Han-YuGeng"},"content":"    public static void getUserInput() {","lastModifiedDate":"2024-04-21"},{"lineNumber":36,"author":{"gitId":"Elliott-Han-YuGeng"},"content":"        Parser parser \u003d new Parser();","lastModifiedDate":"2024-04-21"},{"lineNumber":37,"author":{"gitId":"Elliott-Han-YuGeng"},"content":"        parser.userInput();","lastModifiedDate":"2024-04-21"},{"lineNumber":38,"author":{"gitId":"Elliott-Han-YuGeng"},"content":"        line \u003d parser.getLine();","lastModifiedDate":"2024-04-21"},{"lineNumber":39,"author":{"gitId":"Elliott-Han-YuGeng"},"content":"        lineLength \u003d parser.getLineLength();","lastModifiedDate":"2024-04-21"},{"lineNumber":40,"author":{"gitId":"Elliott-Han-YuGeng"},"content":"        l1 \u003d parser.getL1();","lastModifiedDate":"2024-04-21"},{"lineNumber":41,"author":{"gitId":"Elliott-Han-YuGeng"},"content":"        l2 \u003d parser.getL2();","lastModifiedDate":"2024-04-21"},{"lineNumber":42,"author":{"gitId":"Elliott-Han-YuGeng"},"content":"        lineSlashLength \u003d parser.getLineSlashLength();","lastModifiedDate":"2024-04-21"},{"lineNumber":43,"author":{"gitId":"Elliott-Han-YuGeng"},"content":"        l3 \u003d parser.getL3();","lastModifiedDate":"2024-04-21"},{"lineNumber":44,"author":{"gitId":"Elliott-Han-YuGeng"},"content":"        l4 \u003d parser.getL4();","lastModifiedDate":"2024-04-21"},{"lineNumber":45,"author":{"gitId":"Elliott-Han-YuGeng"},"content":"        l5 \u003d parser.getL5();","lastModifiedDate":"2024-04-21"},{"lineNumber":46,"author":{"gitId":"Elliott-Han-YuGeng"},"content":"        hCMD \u003d new HandleCommand(file, todoList, line, lineLength, l1, l2, lineSlashLength, l3, l4, l5);","lastModifiedDate":"2024-04-21"},{"lineNumber":47,"author":{"gitId":"Elliott-Han-YuGeng"},"content":"    }","lastModifiedDate":"2024-04-21"},{"lineNumber":48,"author":{"gitId":"Elliott-Han-YuGeng"},"content":"","lastModifiedDate":"2024-04-21"},{"lineNumber":49,"author":{"gitId":"Elliott-Han-YuGeng"},"content":"    public void run() {","lastModifiedDate":"2024-04-21"},{"lineNumber":50,"author":{"gitId":"Elliott-Han-YuGeng"},"content":"        ui.start();","lastModifiedDate":"2024-04-21"},{"lineNumber":51,"author":{"gitId":"Elliott-Han-YuGeng"},"content":"        getUserInput();","lastModifiedDate":"2024-04-21"},{"lineNumber":52,"author":{"gitId":"Elliott-Han-YuGeng"},"content":"","lastModifiedDate":"2024-04-17"},{"lineNumber":53,"author":{"gitId":"Elliott-Han-YuGeng"},"content":"//      Dialog","lastModifiedDate":"2024-04-18"},{"lineNumber":54,"author":{"gitId":"Elliott-Han-YuGeng"},"content":"        while(!line.equalsIgnoreCase(\"bye\")) {","lastModifiedDate":"2024-04-18"},{"lineNumber":55,"author":{"gitId":"Elliott-Han-YuGeng"},"content":"            try {","lastModifiedDate":"2024-04-20"},{"lineNumber":56,"author":{"gitId":"Elliott-Han-YuGeng"},"content":"                switch (l1) {","lastModifiedDate":"2024-04-20"},{"lineNumber":57,"author":{"gitId":"Elliott-Han-YuGeng"},"content":"                    case TODO:","lastModifiedDate":"2024-04-20"},{"lineNumber":58,"author":{"gitId":"Elliott-Han-YuGeng"},"content":"                        hCMD.handleTodo();","lastModifiedDate":"2024-04-21"},{"lineNumber":59,"author":{"gitId":"Elliott-Han-YuGeng"},"content":"                        break;","lastModifiedDate":"2024-04-20"},{"lineNumber":60,"author":{"gitId":"Elliott-Han-YuGeng"},"content":"                    case DEADLINE:","lastModifiedDate":"2024-04-20"},{"lineNumber":61,"author":{"gitId":"Elliott-Han-YuGeng"},"content":"                        hCMD.handleDeadline();","lastModifiedDate":"2024-04-21"},{"lineNumber":62,"author":{"gitId":"Elliott-Han-YuGeng"},"content":"                        break;","lastModifiedDate":"2024-04-20"},{"lineNumber":63,"author":{"gitId":"Elliott-Han-YuGeng"},"content":"                    case EVENT:","lastModifiedDate":"2024-04-20"},{"lineNumber":64,"author":{"gitId":"Elliott-Han-YuGeng"},"content":"                        hCMD.handleEvent();","lastModifiedDate":"2024-04-21"},{"lineNumber":65,"author":{"gitId":"Elliott-Han-YuGeng"},"content":"                        break;","lastModifiedDate":"2024-04-20"},{"lineNumber":66,"author":{"gitId":"Elliott-Han-YuGeng"},"content":"                    case MARK:","lastModifiedDate":"2024-04-20"},{"lineNumber":67,"author":{"gitId":"Elliott-Han-YuGeng"},"content":"                        hCMD.handleMark();","lastModifiedDate":"2024-04-21"},{"lineNumber":68,"author":{"gitId":"Elliott-Han-YuGeng"},"content":"                        break;","lastModifiedDate":"2024-04-20"},{"lineNumber":69,"author":{"gitId":"Elliott-Han-YuGeng"},"content":"                    case UNMARK:","lastModifiedDate":"2024-04-20"},{"lineNumber":70,"author":{"gitId":"Elliott-Han-YuGeng"},"content":"                        hCMD.handleUnmark();","lastModifiedDate":"2024-04-21"},{"lineNumber":71,"author":{"gitId":"Elliott-Han-YuGeng"},"content":"                        break;","lastModifiedDate":"2024-04-20"},{"lineNumber":72,"author":{"gitId":"Elliott-Han-YuGeng"},"content":"                    case DELETE:","lastModifiedDate":"2024-04-20"},{"lineNumber":73,"author":{"gitId":"Elliott-Han-YuGeng"},"content":"                        hCMD.handleDelete();","lastModifiedDate":"2024-04-21"},{"lineNumber":74,"author":{"gitId":"Elliott-Han-YuGeng"},"content":"                        break;","lastModifiedDate":"2024-04-20"},{"lineNumber":75,"author":{"gitId":"Elliott-Han-YuGeng"},"content":"                    case LIST:","lastModifiedDate":"2024-04-20"},{"lineNumber":76,"author":{"gitId":"Elliott-Han-YuGeng"},"content":"                        ui.printList(todoList.getTasks());","lastModifiedDate":"2024-04-21"},{"lineNumber":77,"author":{"gitId":"Elliott-Han-YuGeng"},"content":"                        break;","lastModifiedDate":"2024-04-20"},{"lineNumber":78,"author":{"gitId":"Elliott-Han-YuGeng"},"content":"                    default:","lastModifiedDate":"2024-04-20"},{"lineNumber":79,"author":{"gitId":"Elliott-Han-YuGeng"},"content":"                        throw new RollingException(line, lineLength, l1, l2, l3, lineSlashLength, l4, l5, todoList.size());","lastModifiedDate":"2024-04-21"},{"lineNumber":80,"author":{"gitId":"Elliott-Han-YuGeng"},"content":"                }","lastModifiedDate":"2024-04-20"},{"lineNumber":81,"author":{"gitId":"Elliott-Han-YuGeng"},"content":"            } catch (RollingException e) {","lastModifiedDate":"2024-04-20"},{"lineNumber":82,"author":{"gitId":"Elliott-Han-YuGeng"},"content":"                getUserInput();","lastModifiedDate":"2024-04-21"},{"lineNumber":83,"author":{"gitId":"Elliott-Han-YuGeng"},"content":"                continue;","lastModifiedDate":"2024-04-20"},{"lineNumber":84,"author":{"gitId":"Elliott-Han-YuGeng"},"content":"            }","lastModifiedDate":"2024-04-17"},{"lineNumber":85,"author":{"gitId":"Elliott-Han-YuGeng"},"content":"            getUserInput();","lastModifiedDate":"2024-04-21"},{"lineNumber":86,"author":{"gitId":"Elliott-Han-YuGeng"},"content":"        }","lastModifiedDate":"2024-04-21"},{"lineNumber":87,"author":{"gitId":"Elliott-Han-YuGeng"},"content":"","lastModifiedDate":"2024-04-21"},{"lineNumber":88,"author":{"gitId":"Elliott-Han-YuGeng"},"content":"        ui.exit();","lastModifiedDate":"2024-04-21"},{"lineNumber":89,"author":{"gitId":"Elliott-Han-YuGeng"},"content":"    }","lastModifiedDate":"2024-04-17"},{"lineNumber":90,"author":{"gitId":"Elliott-Han-YuGeng"},"content":"","lastModifiedDate":"2024-04-20"},{"lineNumber":91,"author":{"gitId":"Elliott-Han-YuGeng"},"content":"//  ---------- Main Function --------------------------------------------------------","lastModifiedDate":"2024-04-21"},{"lineNumber":92,"author":{"gitId":"Elliott-Han-YuGeng"},"content":"","lastModifiedDate":"2024-04-21"},{"lineNumber":93,"author":{"gitId":"Elliott-Han-YuGeng"},"content":"    public static void main(String[] args) {","lastModifiedDate":"2024-04-21"},{"lineNumber":94,"author":{"gitId":"Elliott-Han-YuGeng"},"content":"        String filePath \u003d Paths.get(\".\", \"data\", \"rolling.txt\").toString();","lastModifiedDate":"2024-04-21"},{"lineNumber":95,"author":{"gitId":"Elliott-Han-YuGeng"},"content":"        new Rolling(filePath).run();","lastModifiedDate":"2024-04-21"},{"lineNumber":96,"author":{"gitId":"Elliott-Han-YuGeng"},"content":"    }","lastModifiedDate":"2024-04-17"},{"lineNumber":97,"author":{"gitId":"Elliott-Han-YuGeng"},"content":"}","lastModifiedDate":"2024-04-17"}],"authorContributionMap":{"Elliott-Han-YuGeng":97}},{"path":"src/main/java/command/CommandList.java","fileType":"java","lines":[{"lineNumber":1,"author":{"gitId":"Elliott-Han-YuGeng"},"content":"package command;","lastModifiedDate":"2024-04-21"},{"lineNumber":2,"author":{"gitId":"Elliott-Han-YuGeng"},"content":"","lastModifiedDate":"2024-04-21"},{"lineNumber":3,"author":{"gitId":"Elliott-Han-YuGeng"},"content":"//  Store Keywords","lastModifiedDate":"2024-04-21"},{"lineNumber":4,"author":{"gitId":"Elliott-Han-YuGeng"},"content":"public enum CommandList {","lastModifiedDate":"2024-04-21"},{"lineNumber":5,"author":{"gitId":"Elliott-Han-YuGeng"},"content":"    TODO,","lastModifiedDate":"2024-04-21"},{"lineNumber":6,"author":{"gitId":"Elliott-Han-YuGeng"},"content":"    DEADLINE,","lastModifiedDate":"2024-04-21"},{"lineNumber":7,"author":{"gitId":"Elliott-Han-YuGeng"},"content":"    EVENT,","lastModifiedDate":"2024-04-21"},{"lineNumber":8,"author":{"gitId":"Elliott-Han-YuGeng"},"content":"    MARK,","lastModifiedDate":"2024-04-21"},{"lineNumber":9,"author":{"gitId":"Elliott-Han-YuGeng"},"content":"    UNMARK,","lastModifiedDate":"2024-04-21"},{"lineNumber":10,"author":{"gitId":"Elliott-Han-YuGeng"},"content":"    DELETE,","lastModifiedDate":"2024-04-21"},{"lineNumber":11,"author":{"gitId":"Elliott-Han-YuGeng"},"content":"    LIST,","lastModifiedDate":"2024-04-21"},{"lineNumber":12,"author":{"gitId":"Elliott-Han-YuGeng"},"content":"    NULL","lastModifiedDate":"2024-04-21"},{"lineNumber":13,"author":{"gitId":"Elliott-Han-YuGeng"},"content":"}","lastModifiedDate":"2024-04-21"}],"authorContributionMap":{"Elliott-Han-YuGeng":13}},{"path":"src/main/java/command/HandleCommand.java","fileType":"java","lines":[{"lineNumber":1,"author":{"gitId":"Elliott-Han-YuGeng"},"content":"package command;","lastModifiedDate":"2024-04-21"},{"lineNumber":2,"author":{"gitId":"Elliott-Han-YuGeng"},"content":"","lastModifiedDate":"2024-04-21"},{"lineNumber":3,"author":{"gitId":"Elliott-Han-YuGeng"},"content":"import storage.Storage;","lastModifiedDate":"2024-04-21"},{"lineNumber":4,"author":{"gitId":"Elliott-Han-YuGeng"},"content":"import tasktype.TaskList;","lastModifiedDate":"2024-04-21"},{"lineNumber":5,"author":{"gitId":"Elliott-Han-YuGeng"},"content":"import exception.RollingException;","lastModifiedDate":"2024-04-21"},{"lineNumber":6,"author":{"gitId":"Elliott-Han-YuGeng"},"content":"","lastModifiedDate":"2024-04-21"},{"lineNumber":7,"author":{"gitId":"Elliott-Han-YuGeng"},"content":"public class HandleCommand {","lastModifiedDate":"2024-04-21"},{"lineNumber":8,"author":{"gitId":"Elliott-Han-YuGeng"},"content":"    private static Storage file;","lastModifiedDate":"2024-04-21"},{"lineNumber":9,"author":{"gitId":"Elliott-Han-YuGeng"},"content":"    private static TaskList todoList;","lastModifiedDate":"2024-04-21"},{"lineNumber":10,"author":{"gitId":"Elliott-Han-YuGeng"},"content":"    private static String line;","lastModifiedDate":"2024-04-21"},{"lineNumber":11,"author":{"gitId":"Elliott-Han-YuGeng"},"content":"    private static int lineLength;","lastModifiedDate":"2024-04-21"},{"lineNumber":12,"author":{"gitId":"Elliott-Han-YuGeng"},"content":"    private static CommandList l1;","lastModifiedDate":"2024-04-21"},{"lineNumber":13,"author":{"gitId":"Elliott-Han-YuGeng"},"content":"    private static int l2;","lastModifiedDate":"2024-04-21"},{"lineNumber":14,"author":{"gitId":"Elliott-Han-YuGeng"},"content":"    private static int lineSlashLength;","lastModifiedDate":"2024-04-21"},{"lineNumber":15,"author":{"gitId":"Elliott-Han-YuGeng"},"content":"    private static String l3;","lastModifiedDate":"2024-04-21"},{"lineNumber":16,"author":{"gitId":"Elliott-Han-YuGeng"},"content":"    private static String l4;","lastModifiedDate":"2024-04-21"},{"lineNumber":17,"author":{"gitId":"Elliott-Han-YuGeng"},"content":"    private static String l5;","lastModifiedDate":"2024-04-21"},{"lineNumber":18,"author":{"gitId":"Elliott-Han-YuGeng"},"content":"    ","lastModifiedDate":"2024-04-21"},{"lineNumber":19,"author":{"gitId":"Elliott-Han-YuGeng"},"content":"    public HandleCommand(Storage file, TaskList todoList, String line, int lineLength, CommandList l1, int l2, int lineSlashLength, String l3, String l4, String l5) {","lastModifiedDate":"2024-04-21"},{"lineNumber":20,"author":{"gitId":"Elliott-Han-YuGeng"},"content":"        HandleCommand.file \u003d file;","lastModifiedDate":"2024-04-21"},{"lineNumber":21,"author":{"gitId":"Elliott-Han-YuGeng"},"content":"        HandleCommand.todoList \u003d todoList;","lastModifiedDate":"2024-04-21"},{"lineNumber":22,"author":{"gitId":"Elliott-Han-YuGeng"},"content":"        HandleCommand.line \u003d line;","lastModifiedDate":"2024-04-21"},{"lineNumber":23,"author":{"gitId":"Elliott-Han-YuGeng"},"content":"        HandleCommand.lineLength \u003d lineLength;","lastModifiedDate":"2024-04-21"},{"lineNumber":24,"author":{"gitId":"Elliott-Han-YuGeng"},"content":"        HandleCommand.l1 \u003d l1;","lastModifiedDate":"2024-04-21"},{"lineNumber":25,"author":{"gitId":"Elliott-Han-YuGeng"},"content":"        HandleCommand.l2 \u003d l2;","lastModifiedDate":"2024-04-21"},{"lineNumber":26,"author":{"gitId":"Elliott-Han-YuGeng"},"content":"        HandleCommand.lineSlashLength \u003d lineSlashLength;","lastModifiedDate":"2024-04-21"},{"lineNumber":27,"author":{"gitId":"Elliott-Han-YuGeng"},"content":"        HandleCommand.l3 \u003d l3;","lastModifiedDate":"2024-04-21"},{"lineNumber":28,"author":{"gitId":"Elliott-Han-YuGeng"},"content":"        HandleCommand.l4 \u003d l4;","lastModifiedDate":"2024-04-21"},{"lineNumber":29,"author":{"gitId":"Elliott-Han-YuGeng"},"content":"        HandleCommand.l5 \u003d l5;","lastModifiedDate":"2024-04-21"},{"lineNumber":30,"author":{"gitId":"Elliott-Han-YuGeng"},"content":"    }","lastModifiedDate":"2024-04-21"},{"lineNumber":31,"author":{"gitId":"Elliott-Han-YuGeng"},"content":"","lastModifiedDate":"2024-04-21"},{"lineNumber":32,"author":{"gitId":"Elliott-Han-YuGeng"},"content":"    public static void throwRollingException() throws RollingException {","lastModifiedDate":"2024-04-21"},{"lineNumber":33,"author":{"gitId":"Elliott-Han-YuGeng"},"content":"        throw new RollingException(line, lineLength, l1, l2, l3, lineSlashLength, l4, l5, todoList.size());","lastModifiedDate":"2024-04-21"},{"lineNumber":34,"author":{"gitId":"Elliott-Han-YuGeng"},"content":"    }","lastModifiedDate":"2024-04-21"},{"lineNumber":35,"author":{"gitId":"Elliott-Han-YuGeng"},"content":"","lastModifiedDate":"2024-04-21"},{"lineNumber":36,"author":{"gitId":"Elliott-Han-YuGeng"},"content":"    public void handleTodo() throws RollingException {","lastModifiedDate":"2024-04-21"},{"lineNumber":37,"author":{"gitId":"Elliott-Han-YuGeng"},"content":"        if (lineLength\u003e1 \u0026\u0026 !line.contains(\"/\")) {","lastModifiedDate":"2024-04-21"},{"lineNumber":38,"author":{"gitId":"Elliott-Han-YuGeng"},"content":"            todoList.addTask(file, line, l1, l3, l4, l5);","lastModifiedDate":"2024-04-21"},{"lineNumber":39,"author":{"gitId":"Elliott-Han-YuGeng"},"content":"        } else throwRollingException();","lastModifiedDate":"2024-04-21"},{"lineNumber":40,"author":{"gitId":"Elliott-Han-YuGeng"},"content":"    }","lastModifiedDate":"2024-04-21"},{"lineNumber":41,"author":{"gitId":"Elliott-Han-YuGeng"},"content":"","lastModifiedDate":"2024-04-21"},{"lineNumber":42,"author":{"gitId":"Elliott-Han-YuGeng"},"content":"    public void handleDeadline() throws RollingException {","lastModifiedDate":"2024-04-21"},{"lineNumber":43,"author":{"gitId":"Elliott-Han-YuGeng"},"content":"        if (lineLength\u003e1 \u0026\u0026 line.contains(\"/by \") \u0026\u0026 !l3.trim().equals(\"deadline\") \u0026\u0026 lineSlashLength\u003d\u003d2 \u0026\u0026 !l4.trim().equals(\"by\")) {","lastModifiedDate":"2024-04-21"},{"lineNumber":44,"author":{"gitId":"Elliott-Han-YuGeng"},"content":"            todoList.addTask(file, line, l1, l3, l4, l5);","lastModifiedDate":"2024-04-21"},{"lineNumber":45,"author":{"gitId":"Elliott-Han-YuGeng"},"content":"        } else throwRollingException();","lastModifiedDate":"2024-04-21"},{"lineNumber":46,"author":{"gitId":"Elliott-Han-YuGeng"},"content":"    }","lastModifiedDate":"2024-04-21"},{"lineNumber":47,"author":{"gitId":"Elliott-Han-YuGeng"},"content":"","lastModifiedDate":"2024-04-21"},{"lineNumber":48,"author":{"gitId":"Elliott-Han-YuGeng"},"content":"    public void handleEvent() throws RollingException {","lastModifiedDate":"2024-04-21"},{"lineNumber":49,"author":{"gitId":"Elliott-Han-YuGeng"},"content":"        if (lineLength\u003e1 \u0026\u0026 line.contains(\"/from \") \u0026\u0026 line.contains(\"/to \") \u0026\u0026 !l3.trim().equals(\"event\") \u0026\u0026 lineSlashLength\u003d\u003d3 \u0026\u0026 !l4.trim().equals(\"from\") \u0026\u0026 !l5.trim().equals(\"to\")) {","lastModifiedDate":"2024-04-21"},{"lineNumber":50,"author":{"gitId":"Elliott-Han-YuGeng"},"content":"            todoList.addTask(file, line, l1, l3, l4, l5);","lastModifiedDate":"2024-04-21"},{"lineNumber":51,"author":{"gitId":"Elliott-Han-YuGeng"},"content":"        } else throwRollingException();","lastModifiedDate":"2024-04-21"},{"lineNumber":52,"author":{"gitId":"Elliott-Han-YuGeng"},"content":"    }","lastModifiedDate":"2024-04-21"},{"lineNumber":53,"author":{"gitId":"Elliott-Han-YuGeng"},"content":"","lastModifiedDate":"2024-04-21"},{"lineNumber":54,"author":{"gitId":"Elliott-Han-YuGeng"},"content":"    public void handleMark() throws RollingException {","lastModifiedDate":"2024-04-21"},{"lineNumber":55,"author":{"gitId":"Elliott-Han-YuGeng"},"content":"        if (lineLength\u003d\u003d2 \u0026\u0026 l2!\u003d0 \u0026\u0026 l2\u003c\u003dtodoList.size()) {","lastModifiedDate":"2024-04-21"},{"lineNumber":56,"author":{"gitId":"Elliott-Han-YuGeng"},"content":"            todoList.get(l2 - 1).markAsDone();","lastModifiedDate":"2024-04-21"},{"lineNumber":57,"author":{"gitId":"Elliott-Han-YuGeng"},"content":"        } else throwRollingException();","lastModifiedDate":"2024-04-21"},{"lineNumber":58,"author":{"gitId":"Elliott-Han-YuGeng"},"content":"        System.out.println();","lastModifiedDate":"2024-04-21"},{"lineNumber":59,"author":{"gitId":"Elliott-Han-YuGeng"},"content":"        file.save(todoList.getTasks());","lastModifiedDate":"2024-04-21"},{"lineNumber":60,"author":{"gitId":"Elliott-Han-YuGeng"},"content":"    }","lastModifiedDate":"2024-04-21"},{"lineNumber":61,"author":{"gitId":"Elliott-Han-YuGeng"},"content":"","lastModifiedDate":"2024-04-21"},{"lineNumber":62,"author":{"gitId":"Elliott-Han-YuGeng"},"content":"    public void handleUnmark() throws RollingException {","lastModifiedDate":"2024-04-21"},{"lineNumber":63,"author":{"gitId":"Elliott-Han-YuGeng"},"content":"        if (lineLength\u003d\u003d2 \u0026\u0026 l2!\u003d0 \u0026\u0026 l2\u003c\u003dtodoList.size()) {","lastModifiedDate":"2024-04-21"},{"lineNumber":64,"author":{"gitId":"Elliott-Han-YuGeng"},"content":"            todoList.get(l2 - 1).markAsNotDone();","lastModifiedDate":"2024-04-21"},{"lineNumber":65,"author":{"gitId":"Elliott-Han-YuGeng"},"content":"        } else throwRollingException();","lastModifiedDate":"2024-04-21"},{"lineNumber":66,"author":{"gitId":"Elliott-Han-YuGeng"},"content":"        System.out.println();","lastModifiedDate":"2024-04-21"},{"lineNumber":67,"author":{"gitId":"Elliott-Han-YuGeng"},"content":"        file.save(todoList.getTasks());","lastModifiedDate":"2024-04-21"},{"lineNumber":68,"author":{"gitId":"Elliott-Han-YuGeng"},"content":"    }","lastModifiedDate":"2024-04-21"},{"lineNumber":69,"author":{"gitId":"Elliott-Han-YuGeng"},"content":"","lastModifiedDate":"2024-04-21"},{"lineNumber":70,"author":{"gitId":"Elliott-Han-YuGeng"},"content":"    public void handleDelete() throws RollingException {","lastModifiedDate":"2024-04-21"},{"lineNumber":71,"author":{"gitId":"Elliott-Han-YuGeng"},"content":"        if (lineLength\u003d\u003d2 \u0026\u0026 l2!\u003d0 \u0026\u0026 l2\u003c\u003dtodoList.size()) {","lastModifiedDate":"2024-04-21"},{"lineNumber":72,"author":{"gitId":"Elliott-Han-YuGeng"},"content":"            todoList.removeTask(file, l2 - 1);","lastModifiedDate":"2024-04-21"},{"lineNumber":73,"author":{"gitId":"Elliott-Han-YuGeng"},"content":"        } else throwRollingException();","lastModifiedDate":"2024-04-21"},{"lineNumber":74,"author":{"gitId":"Elliott-Han-YuGeng"},"content":"    }","lastModifiedDate":"2024-04-21"},{"lineNumber":75,"author":{"gitId":"Elliott-Han-YuGeng"},"content":"}","lastModifiedDate":"2024-04-21"}],"authorContributionMap":{"Elliott-Han-YuGeng":75}},{"path":"src/main/java/exception/RollingException.java","fileType":"java","lines":[{"lineNumber":1,"author":{"gitId":"Elliott-Han-YuGeng"},"content":"package exception;","lastModifiedDate":"2024-04-21"},{"lineNumber":2,"author":{"gitId":"Elliott-Han-YuGeng"},"content":"","lastModifiedDate":"2024-04-21"},{"lineNumber":3,"author":{"gitId":"Elliott-Han-YuGeng"},"content":"import command.CommandList;","lastModifiedDate":"2024-04-21"},{"lineNumber":4,"author":{"gitId":"Elliott-Han-YuGeng"},"content":"","lastModifiedDate":"2024-04-21"},{"lineNumber":5,"author":{"gitId":"Elliott-Han-YuGeng"},"content":"public class RollingException extends Exception {","lastModifiedDate":"2024-04-20"},{"lineNumber":6,"author":{"gitId":"Elliott-Han-YuGeng"},"content":"    public RollingException(String line, int lineLength, CommandList l1, int l2, String l3, int lineSlashLength, String l4, String l5, int listSize) {","lastModifiedDate":"2024-04-21"},{"lineNumber":7,"author":{"gitId":"Elliott-Han-YuGeng"},"content":"        switch (l1) {","lastModifiedDate":"2024-04-20"},{"lineNumber":8,"author":{"gitId":"Elliott-Han-YuGeng"},"content":"            case TODO:","lastModifiedDate":"2024-04-20"},{"lineNumber":9,"author":{"gitId":"Elliott-Han-YuGeng"},"content":"                if (lineLength \u003d\u003d 1) {","lastModifiedDate":"2024-04-20"},{"lineNumber":10,"author":{"gitId":"Elliott-Han-YuGeng"},"content":"                    System.out.println(\"OOPS!!! The description of a todo cannot be empty.\\n\");","lastModifiedDate":"2024-04-20"},{"lineNumber":11,"author":{"gitId":"Elliott-Han-YuGeng"},"content":"                } else if (line.contains(\"/\")) {","lastModifiedDate":"2024-04-20"},{"lineNumber":12,"author":{"gitId":"Elliott-Han-YuGeng"},"content":"                    System.out.println(\"OOPS!!! The description of a todo cannot contain \u0027/\u0027. \\nIf you are trying to add a deadline or event, please start with \u0027deadline\u0027 or \u0027event\u0027 instead.\\n\");","lastModifiedDate":"2024-04-20"},{"lineNumber":13,"author":{"gitId":"Elliott-Han-YuGeng"},"content":"                }","lastModifiedDate":"2024-04-20"},{"lineNumber":14,"author":{"gitId":"Elliott-Han-YuGeng"},"content":"                break;","lastModifiedDate":"2024-04-20"},{"lineNumber":15,"author":{"gitId":"Elliott-Han-YuGeng"},"content":"            case DEADLINE:","lastModifiedDate":"2024-04-20"},{"lineNumber":16,"author":{"gitId":"Elliott-Han-YuGeng"},"content":"                if (lineLength \u003d\u003d 1) {","lastModifiedDate":"2024-04-20"},{"lineNumber":17,"author":{"gitId":"Elliott-Han-YuGeng"},"content":"                    System.out.println(\"OOPS!!! The description of a deadline cannot be empty and should be stated in the format of \u0027deadline do sth /by ...\u0027.\\n\");","lastModifiedDate":"2024-04-20"},{"lineNumber":18,"author":{"gitId":"Elliott-Han-YuGeng"},"content":"                } else if (!line.contains(\"/by \")) {","lastModifiedDate":"2024-04-20"},{"lineNumber":19,"author":{"gitId":"Elliott-Han-YuGeng"},"content":"                    System.out.println(\"OOPS!!! The deadline time can not be empty and should be stated as \u0027/by ...\u0027.\\n\");","lastModifiedDate":"2024-04-20"},{"lineNumber":20,"author":{"gitId":"Elliott-Han-YuGeng"},"content":"                } else if (l3.trim().equals(\"deadline\")) {","lastModifiedDate":"2024-04-20"},{"lineNumber":21,"author":{"gitId":"Elliott-Han-YuGeng"},"content":"                    System.out.println(\"OOPS!!! The description of a deadline cannot be empty, e.g. deadline do sth /by ...\\n\");","lastModifiedDate":"2024-04-20"},{"lineNumber":22,"author":{"gitId":"Elliott-Han-YuGeng"},"content":"                } else if (lineSlashLength !\u003d 2) {","lastModifiedDate":"2024-04-20"},{"lineNumber":23,"author":{"gitId":"Elliott-Han-YuGeng"},"content":"                    System.out.println(\"OOPS!!! The deadline must only contain one \u0027/\u0027 which is \u0027/by ...\u0027.\\n\");","lastModifiedDate":"2024-04-20"},{"lineNumber":24,"author":{"gitId":"Elliott-Han-YuGeng"},"content":"                } else if (l4.trim().equals(\"by\")) {","lastModifiedDate":"2024-04-20"},{"lineNumber":25,"author":{"gitId":"Elliott-Han-YuGeng"},"content":"                    System.out.println(\"OOPS!!! The deadline time cannot be empty.\\n\");","lastModifiedDate":"2024-04-20"},{"lineNumber":26,"author":{"gitId":"Elliott-Han-YuGeng"},"content":"                }","lastModifiedDate":"2024-04-20"},{"lineNumber":27,"author":{"gitId":"Elliott-Han-YuGeng"},"content":"                break;","lastModifiedDate":"2024-04-20"},{"lineNumber":28,"author":{"gitId":"Elliott-Han-YuGeng"},"content":"            case EVENT:","lastModifiedDate":"2024-04-20"},{"lineNumber":29,"author":{"gitId":"Elliott-Han-YuGeng"},"content":"                if (lineLength \u003d\u003d 1) {","lastModifiedDate":"2024-04-20"},{"lineNumber":30,"author":{"gitId":"Elliott-Han-YuGeng"},"content":"                    System.out.println(\"OOPS!!! The description of a event cannot be empty and should be stated in the format of \u0027event do sth /from ... /to ...\u0027.\\n\");","lastModifiedDate":"2024-04-20"},{"lineNumber":31,"author":{"gitId":"Elliott-Han-YuGeng"},"content":"                } else if (!line.contains(\"/from \") || !line.contains(\"/to \")) {","lastModifiedDate":"2024-04-20"},{"lineNumber":32,"author":{"gitId":"Elliott-Han-YuGeng"},"content":"                    System.out.println(\"OOPS!!! The event time is necessary and must have \u0027/from ... /to ...\u0027.\\n\");","lastModifiedDate":"2024-04-20"},{"lineNumber":33,"author":{"gitId":"Elliott-Han-YuGeng"},"content":"                } else if (l3.trim().equals(\"event\")) {","lastModifiedDate":"2024-04-20"},{"lineNumber":34,"author":{"gitId":"Elliott-Han-YuGeng"},"content":"                    System.out.println(\"OOPS!!! The description of a event cannot be empty, e.g. event do sth /from ... /to ...\\n\");","lastModifiedDate":"2024-04-20"},{"lineNumber":35,"author":{"gitId":"Elliott-Han-YuGeng"},"content":"                } else if (lineSlashLength !\u003d 3) {","lastModifiedDate":"2024-04-20"},{"lineNumber":36,"author":{"gitId":"Elliott-Han-YuGeng"},"content":"                    System.out.println(\"OOPS!!! The start and end time of the event must only contain two \u0027/\u0027 which is \u0027/from ... /to ...\u0027.\\n\");","lastModifiedDate":"2024-04-20"},{"lineNumber":37,"author":{"gitId":"Elliott-Han-YuGeng"},"content":"                } else if (l4.trim().equals(\"from\")) {","lastModifiedDate":"2024-04-20"},{"lineNumber":38,"author":{"gitId":"Elliott-Han-YuGeng"},"content":"                    System.out.println(\"OOPS!!! The start time of the event cannot be empty.\\n\");","lastModifiedDate":"2024-04-20"},{"lineNumber":39,"author":{"gitId":"Elliott-Han-YuGeng"},"content":"                } else if (l5.trim().equals(\"to\")) {","lastModifiedDate":"2024-04-20"},{"lineNumber":40,"author":{"gitId":"Elliott-Han-YuGeng"},"content":"                    System.out.println(\"OOPS!!! The end time of the event cannot be empty.\\n\");","lastModifiedDate":"2024-04-20"},{"lineNumber":41,"author":{"gitId":"Elliott-Han-YuGeng"},"content":"                }","lastModifiedDate":"2024-04-20"},{"lineNumber":42,"author":{"gitId":"Elliott-Han-YuGeng"},"content":"                break;","lastModifiedDate":"2024-04-20"},{"lineNumber":43,"author":{"gitId":"Elliott-Han-YuGeng"},"content":"            case MARK:","lastModifiedDate":"2024-04-20"},{"lineNumber":44,"author":{"gitId":"Elliott-Han-YuGeng"},"content":"            case UNMARK:","lastModifiedDate":"2024-04-20"},{"lineNumber":45,"author":{"gitId":"Elliott-Han-YuGeng"},"content":"            case DELETE:","lastModifiedDate":"2024-04-20"},{"lineNumber":46,"author":{"gitId":"Elliott-Han-YuGeng"},"content":"                if (lineLength \u003d\u003d 1) {","lastModifiedDate":"2024-04-20"},{"lineNumber":47,"author":{"gitId":"Elliott-Han-YuGeng"},"content":"                    System.out.println(\"OOPS!!! Please indicate which task you want to \" + l1 + \".\\n\");","lastModifiedDate":"2024-04-20"},{"lineNumber":48,"author":{"gitId":"Elliott-Han-YuGeng"},"content":"                } else if (lineLength \u003e 2) {","lastModifiedDate":"2024-04-20"},{"lineNumber":49,"author":{"gitId":"Elliott-Han-YuGeng"},"content":"                    System.out.println(\"OOPS!!! Please state in the format of \u0027\" + l1 + \" ?\u0027.\\n\");","lastModifiedDate":"2024-04-20"},{"lineNumber":50,"author":{"gitId":"Elliott-Han-YuGeng"},"content":"                } else if (l2 \u003d\u003d 0) {","lastModifiedDate":"2024-04-20"},{"lineNumber":51,"author":{"gitId":"Elliott-Han-YuGeng"},"content":"                    System.out.println(\"OOPS!!! The task to \" + l1 + \" must be stated as a digit number and larger than 0, e.g. \" + l1 + \" 1.\\n\");","lastModifiedDate":"2024-04-20"},{"lineNumber":52,"author":{"gitId":"Elliott-Han-YuGeng"},"content":"                } else if (l2 \u003e listSize) {","lastModifiedDate":"2024-04-20"},{"lineNumber":53,"author":{"gitId":"Elliott-Han-YuGeng"},"content":"                    System.out.println(\"OOPS!!! You do not have Task \" + l2 + \". \\nNow you only have \" + listSize + \" task(s) in the list.\\n\");","lastModifiedDate":"2024-04-20"},{"lineNumber":54,"author":{"gitId":"Elliott-Han-YuGeng"},"content":"                }","lastModifiedDate":"2024-04-20"},{"lineNumber":55,"author":{"gitId":"Elliott-Han-YuGeng"},"content":"                break;","lastModifiedDate":"2024-04-20"},{"lineNumber":56,"author":{"gitId":"Elliott-Han-YuGeng"},"content":"            default:","lastModifiedDate":"2024-04-20"},{"lineNumber":57,"author":{"gitId":"Elliott-Han-YuGeng"},"content":"                System.out.println(\"Please start with a right keyword with space: todo, deadline, event, mark, unmark, list...\\n\"","lastModifiedDate":"2024-04-20"},{"lineNumber":58,"author":{"gitId":"Elliott-Han-YuGeng"},"content":"                                 + \"(type \u0027bye\u0027 to exit)\\n\");","lastModifiedDate":"2024-04-20"},{"lineNumber":59,"author":{"gitId":"Elliott-Han-YuGeng"},"content":"                break;","lastModifiedDate":"2024-04-20"},{"lineNumber":60,"author":{"gitId":"Elliott-Han-YuGeng"},"content":"        }","lastModifiedDate":"2024-04-20"},{"lineNumber":61,"author":{"gitId":"Elliott-Han-YuGeng"},"content":"    }","lastModifiedDate":"2024-04-20"},{"lineNumber":62,"author":{"gitId":"Elliott-Han-YuGeng"},"content":"}","lastModifiedDate":"2024-04-20"}],"authorContributionMap":{"Elliott-Han-YuGeng":62}},{"path":"src/main/java/parser/Parser.java","fileType":"java","lines":[{"lineNumber":1,"author":{"gitId":"Elliott-Han-YuGeng"},"content":"package parser;","lastModifiedDate":"2024-04-21"},{"lineNumber":2,"author":{"gitId":"Elliott-Han-YuGeng"},"content":"","lastModifiedDate":"2024-04-21"},{"lineNumber":3,"author":{"gitId":"Elliott-Han-YuGeng"},"content":"import command.CommandList;","lastModifiedDate":"2024-04-21"},{"lineNumber":4,"author":{"gitId":"Elliott-Han-YuGeng"},"content":"import java.util.Scanner;","lastModifiedDate":"2024-04-21"},{"lineNumber":5,"author":{"gitId":"Elliott-Han-YuGeng"},"content":"","lastModifiedDate":"2024-04-21"},{"lineNumber":6,"author":{"gitId":"Elliott-Han-YuGeng"},"content":"public class Parser {","lastModifiedDate":"2024-04-21"},{"lineNumber":7,"author":{"gitId":"Elliott-Han-YuGeng"},"content":"    private static Scanner in;","lastModifiedDate":"2024-04-21"},{"lineNumber":8,"author":{"gitId":"Elliott-Han-YuGeng"},"content":"    private static String line;                // user original input","lastModifiedDate":"2024-04-21"},{"lineNumber":9,"author":{"gitId":"Elliott-Han-YuGeng"},"content":"    private static int lineLength;","lastModifiedDate":"2024-04-21"},{"lineNumber":10,"author":{"gitId":"Elliott-Han-YuGeng"},"content":"    private static CommandList l1;         // keyword: todo, deadline, event, mark, unmark, list, bye","lastModifiedDate":"2024-04-21"},{"lineNumber":11,"author":{"gitId":"Elliott-Han-YuGeng"},"content":"    private static int l2;                     // number to mark or unmark: 1, 2, 3, ...","lastModifiedDate":"2024-04-21"},{"lineNumber":12,"author":{"gitId":"Elliott-Han-YuGeng"},"content":"    private static int lineSlashLength;","lastModifiedDate":"2024-04-21"},{"lineNumber":13,"author":{"gitId":"Elliott-Han-YuGeng"},"content":"    private static String l3;                  // contains task description","lastModifiedDate":"2024-04-21"},{"lineNumber":14,"author":{"gitId":"Elliott-Han-YuGeng"},"content":"    private static String l4;                  // by ? or from ?","lastModifiedDate":"2024-04-21"},{"lineNumber":15,"author":{"gitId":"Elliott-Han-YuGeng"},"content":"    private static String l5;                  // to ?","lastModifiedDate":"2024-04-21"},{"lineNumber":16,"author":{"gitId":"Elliott-Han-YuGeng"},"content":"","lastModifiedDate":"2024-04-21"},{"lineNumber":17,"author":{"gitId":"Elliott-Han-YuGeng"},"content":"    public Parser() {","lastModifiedDate":"2024-04-21"},{"lineNumber":18,"author":{"gitId":"Elliott-Han-YuGeng"},"content":"        in \u003d new Scanner(System.in);","lastModifiedDate":"2024-04-21"},{"lineNumber":19,"author":{"gitId":"Elliott-Han-YuGeng"},"content":"        line \u003d \"\";","lastModifiedDate":"2024-04-21"},{"lineNumber":20,"author":{"gitId":"Elliott-Han-YuGeng"},"content":"        lineLength \u003d 0;","lastModifiedDate":"2024-04-21"},{"lineNumber":21,"author":{"gitId":"Elliott-Han-YuGeng"},"content":"        l1 \u003d CommandList.NULL;","lastModifiedDate":"2024-04-21"},{"lineNumber":22,"author":{"gitId":"Elliott-Han-YuGeng"},"content":"        l2 \u003d 0;","lastModifiedDate":"2024-04-21"},{"lineNumber":23,"author":{"gitId":"Elliott-Han-YuGeng"},"content":"        lineSlashLength \u003d 0;","lastModifiedDate":"2024-04-21"},{"lineNumber":24,"author":{"gitId":"Elliott-Han-YuGeng"},"content":"        l3 \u003d \"\";","lastModifiedDate":"2024-04-21"},{"lineNumber":25,"author":{"gitId":"Elliott-Han-YuGeng"},"content":"        l4 \u003d \"\";","lastModifiedDate":"2024-04-21"},{"lineNumber":26,"author":{"gitId":"Elliott-Han-YuGeng"},"content":"        l5 \u003d \"\";","lastModifiedDate":"2024-04-21"},{"lineNumber":27,"author":{"gitId":"Elliott-Han-YuGeng"},"content":"    }","lastModifiedDate":"2024-04-21"},{"lineNumber":28,"author":{"gitId":"Elliott-Han-YuGeng"},"content":"","lastModifiedDate":"2024-04-21"},{"lineNumber":29,"author":{"gitId":"Elliott-Han-YuGeng"},"content":"    public void userInput() {","lastModifiedDate":"2024-04-21"},{"lineNumber":30,"author":{"gitId":"Elliott-Han-YuGeng"},"content":"        line \u003d in.nextLine().trim().replaceAll(\"\\\\s+\", \" \");","lastModifiedDate":"2024-04-21"},{"lineNumber":31,"author":{"gitId":"Elliott-Han-YuGeng"},"content":"","lastModifiedDate":"2024-04-21"},{"lineNumber":32,"author":{"gitId":"Elliott-Han-YuGeng"},"content":"//      Split by space","lastModifiedDate":"2024-04-21"},{"lineNumber":33,"author":{"gitId":"Elliott-Han-YuGeng"},"content":"        String[] lineSplit \u003d line.split(\" \");","lastModifiedDate":"2024-04-21"},{"lineNumber":34,"author":{"gitId":"Elliott-Han-YuGeng"},"content":"        lineLength \u003d lineSplit.length;","lastModifiedDate":"2024-04-21"},{"lineNumber":35,"author":{"gitId":"Elliott-Han-YuGeng"},"content":"        try {","lastModifiedDate":"2024-04-21"},{"lineNumber":36,"author":{"gitId":"Elliott-Han-YuGeng"},"content":"            l1 \u003d CommandList.valueOf(lineSplit[0].toUpperCase());","lastModifiedDate":"2024-04-21"},{"lineNumber":37,"author":{"gitId":"Elliott-Han-YuGeng"},"content":"        } catch (Exception e) {","lastModifiedDate":"2024-04-21"},{"lineNumber":38,"author":{"gitId":"Elliott-Han-YuGeng"},"content":"            l1 \u003d CommandList.NULL;","lastModifiedDate":"2024-04-21"},{"lineNumber":39,"author":{"gitId":"Elliott-Han-YuGeng"},"content":"        }","lastModifiedDate":"2024-04-21"},{"lineNumber":40,"author":{"gitId":"Elliott-Han-YuGeng"},"content":"        try {","lastModifiedDate":"2024-04-21"},{"lineNumber":41,"author":{"gitId":"Elliott-Han-YuGeng"},"content":"            l2 \u003d Integer.parseInt(lineSplit[1]);","lastModifiedDate":"2024-04-21"},{"lineNumber":42,"author":{"gitId":"Elliott-Han-YuGeng"},"content":"        } catch (Exception e) {","lastModifiedDate":"2024-04-21"},{"lineNumber":43,"author":{"gitId":"Elliott-Han-YuGeng"},"content":"            l2 \u003d 0;","lastModifiedDate":"2024-04-21"},{"lineNumber":44,"author":{"gitId":"Elliott-Han-YuGeng"},"content":"        }","lastModifiedDate":"2024-04-21"},{"lineNumber":45,"author":{"gitId":"Elliott-Han-YuGeng"},"content":"","lastModifiedDate":"2024-04-21"},{"lineNumber":46,"author":{"gitId":"Elliott-Han-YuGeng"},"content":"//      Split by slash","lastModifiedDate":"2024-04-21"},{"lineNumber":47,"author":{"gitId":"Elliott-Han-YuGeng"},"content":"        String[] lineSplitS \u003d line.split(\"/\");","lastModifiedDate":"2024-04-21"},{"lineNumber":48,"author":{"gitId":"Elliott-Han-YuGeng"},"content":"        lineSlashLength \u003d lineSplitS.length;","lastModifiedDate":"2024-04-21"},{"lineNumber":49,"author":{"gitId":"Elliott-Han-YuGeng"},"content":"        l3 \u003d lineSplitS[0];","lastModifiedDate":"2024-04-21"},{"lineNumber":50,"author":{"gitId":"Elliott-Han-YuGeng"},"content":"        try {","lastModifiedDate":"2024-04-21"},{"lineNumber":51,"author":{"gitId":"Elliott-Han-YuGeng"},"content":"            l4 \u003d lineSplitS[1];","lastModifiedDate":"2024-04-21"},{"lineNumber":52,"author":{"gitId":"Elliott-Han-YuGeng"},"content":"        } catch (Exception e) {","lastModifiedDate":"2024-04-21"},{"lineNumber":53,"author":{"gitId":"Elliott-Han-YuGeng"},"content":"            l4 \u003d \"\";","lastModifiedDate":"2024-04-21"},{"lineNumber":54,"author":{"gitId":"Elliott-Han-YuGeng"},"content":"        }","lastModifiedDate":"2024-04-21"},{"lineNumber":55,"author":{"gitId":"Elliott-Han-YuGeng"},"content":"        try {","lastModifiedDate":"2024-04-21"},{"lineNumber":56,"author":{"gitId":"Elliott-Han-YuGeng"},"content":"            l5 \u003d lineSplitS[2];","lastModifiedDate":"2024-04-21"},{"lineNumber":57,"author":{"gitId":"Elliott-Han-YuGeng"},"content":"        } catch (Exception e) {","lastModifiedDate":"2024-04-21"},{"lineNumber":58,"author":{"gitId":"Elliott-Han-YuGeng"},"content":"            l5 \u003d \"\";","lastModifiedDate":"2024-04-21"},{"lineNumber":59,"author":{"gitId":"Elliott-Han-YuGeng"},"content":"        }","lastModifiedDate":"2024-04-21"},{"lineNumber":60,"author":{"gitId":"Elliott-Han-YuGeng"},"content":"    }","lastModifiedDate":"2024-04-21"},{"lineNumber":61,"author":{"gitId":"Elliott-Han-YuGeng"},"content":"","lastModifiedDate":"2024-04-21"},{"lineNumber":62,"author":{"gitId":"Elliott-Han-YuGeng"},"content":"    public String getLine() {","lastModifiedDate":"2024-04-21"},{"lineNumber":63,"author":{"gitId":"Elliott-Han-YuGeng"},"content":"        return line;","lastModifiedDate":"2024-04-21"},{"lineNumber":64,"author":{"gitId":"Elliott-Han-YuGeng"},"content":"    }","lastModifiedDate":"2024-04-21"},{"lineNumber":65,"author":{"gitId":"Elliott-Han-YuGeng"},"content":"","lastModifiedDate":"2024-04-21"},{"lineNumber":66,"author":{"gitId":"Elliott-Han-YuGeng"},"content":"    public int getLineLength() {","lastModifiedDate":"2024-04-21"},{"lineNumber":67,"author":{"gitId":"Elliott-Han-YuGeng"},"content":"        return lineLength;","lastModifiedDate":"2024-04-21"},{"lineNumber":68,"author":{"gitId":"Elliott-Han-YuGeng"},"content":"    }","lastModifiedDate":"2024-04-21"},{"lineNumber":69,"author":{"gitId":"Elliott-Han-YuGeng"},"content":"","lastModifiedDate":"2024-04-21"},{"lineNumber":70,"author":{"gitId":"Elliott-Han-YuGeng"},"content":"    public CommandList getL1() {","lastModifiedDate":"2024-04-21"},{"lineNumber":71,"author":{"gitId":"Elliott-Han-YuGeng"},"content":"        return l1;","lastModifiedDate":"2024-04-21"},{"lineNumber":72,"author":{"gitId":"Elliott-Han-YuGeng"},"content":"    }","lastModifiedDate":"2024-04-21"},{"lineNumber":73,"author":{"gitId":"Elliott-Han-YuGeng"},"content":"","lastModifiedDate":"2024-04-21"},{"lineNumber":74,"author":{"gitId":"Elliott-Han-YuGeng"},"content":"    public int getL2() {","lastModifiedDate":"2024-04-21"},{"lineNumber":75,"author":{"gitId":"Elliott-Han-YuGeng"},"content":"        return l2;","lastModifiedDate":"2024-04-21"},{"lineNumber":76,"author":{"gitId":"Elliott-Han-YuGeng"},"content":"    }","lastModifiedDate":"2024-04-21"},{"lineNumber":77,"author":{"gitId":"Elliott-Han-YuGeng"},"content":"","lastModifiedDate":"2024-04-21"},{"lineNumber":78,"author":{"gitId":"Elliott-Han-YuGeng"},"content":"    public int getLineSlashLength() {","lastModifiedDate":"2024-04-21"},{"lineNumber":79,"author":{"gitId":"Elliott-Han-YuGeng"},"content":"        return lineSlashLength;","lastModifiedDate":"2024-04-21"},{"lineNumber":80,"author":{"gitId":"Elliott-Han-YuGeng"},"content":"    }","lastModifiedDate":"2024-04-21"},{"lineNumber":81,"author":{"gitId":"Elliott-Han-YuGeng"},"content":"","lastModifiedDate":"2024-04-21"},{"lineNumber":82,"author":{"gitId":"Elliott-Han-YuGeng"},"content":"    public String getL3() {","lastModifiedDate":"2024-04-21"},{"lineNumber":83,"author":{"gitId":"Elliott-Han-YuGeng"},"content":"        return l3;","lastModifiedDate":"2024-04-21"},{"lineNumber":84,"author":{"gitId":"Elliott-Han-YuGeng"},"content":"    }","lastModifiedDate":"2024-04-21"},{"lineNumber":85,"author":{"gitId":"Elliott-Han-YuGeng"},"content":"","lastModifiedDate":"2024-04-21"},{"lineNumber":86,"author":{"gitId":"Elliott-Han-YuGeng"},"content":"    public String getL4() {","lastModifiedDate":"2024-04-21"},{"lineNumber":87,"author":{"gitId":"Elliott-Han-YuGeng"},"content":"        return l4;","lastModifiedDate":"2024-04-21"},{"lineNumber":88,"author":{"gitId":"Elliott-Han-YuGeng"},"content":"    }","lastModifiedDate":"2024-04-21"},{"lineNumber":89,"author":{"gitId":"Elliott-Han-YuGeng"},"content":"","lastModifiedDate":"2024-04-21"},{"lineNumber":90,"author":{"gitId":"Elliott-Han-YuGeng"},"content":"    public String getL5() {","lastModifiedDate":"2024-04-21"},{"lineNumber":91,"author":{"gitId":"Elliott-Han-YuGeng"},"content":"        return l5;","lastModifiedDate":"2024-04-21"},{"lineNumber":92,"author":{"gitId":"Elliott-Han-YuGeng"},"content":"    }","lastModifiedDate":"2024-04-21"},{"lineNumber":93,"author":{"gitId":"Elliott-Han-YuGeng"},"content":"}","lastModifiedDate":"2024-04-21"}],"authorContributionMap":{"Elliott-Han-YuGeng":93}},{"path":"src/main/java/storage/Storage.java","fileType":"java","lines":[{"lineNumber":1,"author":{"gitId":"Elliott-Han-YuGeng"},"content":"package storage;","lastModifiedDate":"2024-04-21"},{"lineNumber":2,"author":{"gitId":"Elliott-Han-YuGeng"},"content":"","lastModifiedDate":"2024-04-21"},{"lineNumber":3,"author":{"gitId":"Elliott-Han-YuGeng"},"content":"import tasktype.*;","lastModifiedDate":"2024-04-21"},{"lineNumber":4,"author":{"gitId":"Elliott-Han-YuGeng"},"content":"import java.util.Scanner;","lastModifiedDate":"2024-04-21"},{"lineNumber":5,"author":{"gitId":"Elliott-Han-YuGeng"},"content":"import java.util.ArrayList;","lastModifiedDate":"2024-04-21"},{"lineNumber":6,"author":{"gitId":"Elliott-Han-YuGeng"},"content":"import java.io.File;","lastModifiedDate":"2024-04-21"},{"lineNumber":7,"author":{"gitId":"Elliott-Han-YuGeng"},"content":"import java.io.FileWriter;","lastModifiedDate":"2024-04-21"},{"lineNumber":8,"author":{"gitId":"Elliott-Han-YuGeng"},"content":"import java.io.IOException;","lastModifiedDate":"2024-04-21"},{"lineNumber":9,"author":{"gitId":"Elliott-Han-YuGeng"},"content":"import java.io.FileNotFoundException;","lastModifiedDate":"2024-04-21"},{"lineNumber":10,"author":{"gitId":"Elliott-Han-YuGeng"},"content":"","lastModifiedDate":"2024-04-21"},{"lineNumber":11,"author":{"gitId":"Elliott-Han-YuGeng"},"content":"public class Storage {","lastModifiedDate":"2024-04-21"},{"lineNumber":12,"author":{"gitId":"Elliott-Han-YuGeng"},"content":"    private final String filePath;","lastModifiedDate":"2024-04-21"},{"lineNumber":13,"author":{"gitId":"Elliott-Han-YuGeng"},"content":"    private static final ArrayList\u003cString\u003e unreadableLines \u003d new ArrayList\u003c\u003e();","lastModifiedDate":"2024-04-21"},{"lineNumber":14,"author":{"gitId":"Elliott-Han-YuGeng"},"content":"","lastModifiedDate":"2024-04-21"},{"lineNumber":15,"author":{"gitId":"Elliott-Han-YuGeng"},"content":"    public Storage(String filePath) {","lastModifiedDate":"2024-04-21"},{"lineNumber":16,"author":{"gitId":"Elliott-Han-YuGeng"},"content":"        this.filePath \u003d filePath;","lastModifiedDate":"2024-04-21"},{"lineNumber":17,"author":{"gitId":"Elliott-Han-YuGeng"},"content":"    }","lastModifiedDate":"2024-04-21"},{"lineNumber":18,"author":{"gitId":"Elliott-Han-YuGeng"},"content":"","lastModifiedDate":"2024-04-21"},{"lineNumber":19,"author":{"gitId":"Elliott-Han-YuGeng"},"content":"    private static boolean checkInputValidity (String line) {","lastModifiedDate":"2024-04-21"},{"lineNumber":20,"author":{"gitId":"Elliott-Han-YuGeng"},"content":"        String[] lineSplits \u003d line.split(\"\\\\|\");","lastModifiedDate":"2024-04-21"},{"lineNumber":21,"author":{"gitId":"Elliott-Han-YuGeng"},"content":"        if (lineSplits.length \u003c 3) {","lastModifiedDate":"2024-04-21"},{"lineNumber":22,"author":{"gitId":"Elliott-Han-YuGeng"},"content":"            return false;","lastModifiedDate":"2024-04-21"},{"lineNumber":23,"author":{"gitId":"Elliott-Han-YuGeng"},"content":"        }","lastModifiedDate":"2024-04-21"},{"lineNumber":24,"author":{"gitId":"Elliott-Han-YuGeng"},"content":"","lastModifiedDate":"2024-04-21"},{"lineNumber":25,"author":{"gitId":"Elliott-Han-YuGeng"},"content":"        String doneFlag \u003d lineSplits[1].trim();","lastModifiedDate":"2024-04-21"},{"lineNumber":26,"author":{"gitId":"Elliott-Han-YuGeng"},"content":"        if (!(doneFlag.equals(\"1\") || doneFlag.equals(\"0\"))) {","lastModifiedDate":"2024-04-21"},{"lineNumber":27,"author":{"gitId":"Elliott-Han-YuGeng"},"content":"            return false;","lastModifiedDate":"2024-04-21"},{"lineNumber":28,"author":{"gitId":"Elliott-Han-YuGeng"},"content":"        }","lastModifiedDate":"2024-04-21"},{"lineNumber":29,"author":{"gitId":"Elliott-Han-YuGeng"},"content":"","lastModifiedDate":"2024-04-21"},{"lineNumber":30,"author":{"gitId":"Elliott-Han-YuGeng"},"content":"        String type \u003d lineSplits[0].trim();","lastModifiedDate":"2024-04-21"},{"lineNumber":31,"author":{"gitId":"Elliott-Han-YuGeng"},"content":"        if (type.equals(\"T\") \u0026\u0026 lineSplits.length !\u003d 3) {","lastModifiedDate":"2024-04-21"},{"lineNumber":32,"author":{"gitId":"Elliott-Han-YuGeng"},"content":"            return false;","lastModifiedDate":"2024-04-21"},{"lineNumber":33,"author":{"gitId":"Elliott-Han-YuGeng"},"content":"        } else if (type.equals(\"D\") \u0026\u0026 lineSplits.length !\u003d 4) {","lastModifiedDate":"2024-04-21"},{"lineNumber":34,"author":{"gitId":"Elliott-Han-YuGeng"},"content":"            return false;","lastModifiedDate":"2024-04-21"},{"lineNumber":35,"author":{"gitId":"Elliott-Han-YuGeng"},"content":"        } else if (type.equals(\"E\") \u0026\u0026 lineSplits.length !\u003d 5) {","lastModifiedDate":"2024-04-21"},{"lineNumber":36,"author":{"gitId":"Elliott-Han-YuGeng"},"content":"            return false;","lastModifiedDate":"2024-04-21"},{"lineNumber":37,"author":{"gitId":"Elliott-Han-YuGeng"},"content":"        }","lastModifiedDate":"2024-04-21"},{"lineNumber":38,"author":{"gitId":"Elliott-Han-YuGeng"},"content":"","lastModifiedDate":"2024-04-21"},{"lineNumber":39,"author":{"gitId":"Elliott-Han-YuGeng"},"content":"        return true;","lastModifiedDate":"2024-04-21"},{"lineNumber":40,"author":{"gitId":"Elliott-Han-YuGeng"},"content":"    }","lastModifiedDate":"2024-04-21"},{"lineNumber":41,"author":{"gitId":"Elliott-Han-YuGeng"},"content":"","lastModifiedDate":"2024-04-21"},{"lineNumber":42,"author":{"gitId":"Elliott-Han-YuGeng"},"content":"","lastModifiedDate":"2024-04-21"},{"lineNumber":43,"author":{"gitId":"Elliott-Han-YuGeng"},"content":"    public ArrayList\u003cTask\u003e load() {","lastModifiedDate":"2024-04-21"},{"lineNumber":44,"author":{"gitId":"Elliott-Han-YuGeng"},"content":"        File file \u003d new File(filePath);","lastModifiedDate":"2024-04-21"},{"lineNumber":45,"author":{"gitId":"Elliott-Han-YuGeng"},"content":"        Scanner scanner;","lastModifiedDate":"2024-04-21"},{"lineNumber":46,"author":{"gitId":"Elliott-Han-YuGeng"},"content":"        try {","lastModifiedDate":"2024-04-21"},{"lineNumber":47,"author":{"gitId":"Elliott-Han-YuGeng"},"content":"            scanner \u003d new Scanner(file);","lastModifiedDate":"2024-04-21"},{"lineNumber":48,"author":{"gitId":"Elliott-Han-YuGeng"},"content":"        } catch (FileNotFoundException e) {","lastModifiedDate":"2024-04-21"},{"lineNumber":49,"author":{"gitId":"Elliott-Han-YuGeng"},"content":"            return new ArrayList\u003c\u003e();","lastModifiedDate":"2024-04-21"},{"lineNumber":50,"author":{"gitId":"Elliott-Han-YuGeng"},"content":"        }","lastModifiedDate":"2024-04-21"},{"lineNumber":51,"author":{"gitId":"Elliott-Han-YuGeng"},"content":"","lastModifiedDate":"2024-04-21"},{"lineNumber":52,"author":{"gitId":"Elliott-Han-YuGeng"},"content":"        ArrayList\u003cTask\u003e tasks \u003d new ArrayList\u003c\u003e();","lastModifiedDate":"2024-04-21"},{"lineNumber":53,"author":{"gitId":"Elliott-Han-YuGeng"},"content":"","lastModifiedDate":"2024-04-21"},{"lineNumber":54,"author":{"gitId":"Elliott-Han-YuGeng"},"content":"        while (scanner.hasNext()) {","lastModifiedDate":"2024-04-21"},{"lineNumber":55,"author":{"gitId":"Elliott-Han-YuGeng"},"content":"            String line \u003d scanner.nextLine().trim();","lastModifiedDate":"2024-04-21"},{"lineNumber":56,"author":{"gitId":"Elliott-Han-YuGeng"},"content":"            if (!checkInputValidity(line)) {","lastModifiedDate":"2024-04-21"},{"lineNumber":57,"author":{"gitId":"Elliott-Han-YuGeng"},"content":"                unreadableLines.add(line);","lastModifiedDate":"2024-04-21"},{"lineNumber":58,"author":{"gitId":"Elliott-Han-YuGeng"},"content":"                continue; // Skip this line","lastModifiedDate":"2024-04-21"},{"lineNumber":59,"author":{"gitId":"Elliott-Han-YuGeng"},"content":"            }","lastModifiedDate":"2024-04-21"},{"lineNumber":60,"author":{"gitId":"Elliott-Han-YuGeng"},"content":"","lastModifiedDate":"2024-04-21"},{"lineNumber":61,"author":{"gitId":"Elliott-Han-YuGeng"},"content":"            String[] lineSplits \u003d line.split(\"\\\\|\");","lastModifiedDate":"2024-04-21"},{"lineNumber":62,"author":{"gitId":"Elliott-Han-YuGeng"},"content":"            boolean isDone \u003d lineSplits[1].trim().equals(\"1\");","lastModifiedDate":"2024-04-21"},{"lineNumber":63,"author":{"gitId":"Elliott-Han-YuGeng"},"content":"            String description \u003d lineSplits[2].trim();","lastModifiedDate":"2024-04-21"},{"lineNumber":64,"author":{"gitId":"Elliott-Han-YuGeng"},"content":"            switch (lineSplits[0].trim()) {","lastModifiedDate":"2024-04-21"},{"lineNumber":65,"author":{"gitId":"Elliott-Han-YuGeng"},"content":"                case \"T\":","lastModifiedDate":"2024-04-21"},{"lineNumber":66,"author":{"gitId":"Elliott-Han-YuGeng"},"content":"                    tasks.add(new Todo(description, isDone));","lastModifiedDate":"2024-04-21"},{"lineNumber":67,"author":{"gitId":"Elliott-Han-YuGeng"},"content":"                    break;","lastModifiedDate":"2024-04-21"},{"lineNumber":68,"author":{"gitId":"Elliott-Han-YuGeng"},"content":"                case \"D\":","lastModifiedDate":"2024-04-21"},{"lineNumber":69,"author":{"gitId":"Elliott-Han-YuGeng"},"content":"                    tasks.add(new Deadline(description, isDone, lineSplits[3].trim()));","lastModifiedDate":"2024-04-21"},{"lineNumber":70,"author":{"gitId":"Elliott-Han-YuGeng"},"content":"                    break;","lastModifiedDate":"2024-04-21"},{"lineNumber":71,"author":{"gitId":"Elliott-Han-YuGeng"},"content":"                case \"E\":","lastModifiedDate":"2024-04-21"},{"lineNumber":72,"author":{"gitId":"Elliott-Han-YuGeng"},"content":"                    tasks.add(new Event(description, isDone, lineSplits[3].trim(), lineSplits[4].trim()));","lastModifiedDate":"2024-04-21"},{"lineNumber":73,"author":{"gitId":"Elliott-Han-YuGeng"},"content":"                    break;","lastModifiedDate":"2024-04-21"},{"lineNumber":74,"author":{"gitId":"Elliott-Han-YuGeng"},"content":"                default:","lastModifiedDate":"2024-04-21"},{"lineNumber":75,"author":{"gitId":"Elliott-Han-YuGeng"},"content":"            }","lastModifiedDate":"2024-04-21"},{"lineNumber":76,"author":{"gitId":"Elliott-Han-YuGeng"},"content":"        }","lastModifiedDate":"2024-04-21"},{"lineNumber":77,"author":{"gitId":"Elliott-Han-YuGeng"},"content":"        return tasks;","lastModifiedDate":"2024-04-21"},{"lineNumber":78,"author":{"gitId":"Elliott-Han-YuGeng"},"content":"    }","lastModifiedDate":"2024-04-21"},{"lineNumber":79,"author":{"gitId":"Elliott-Han-YuGeng"},"content":"","lastModifiedDate":"2024-04-21"},{"lineNumber":80,"author":{"gitId":"Elliott-Han-YuGeng"},"content":"    public void save(ArrayList\u003cTask\u003e tasks) {","lastModifiedDate":"2024-04-21"},{"lineNumber":81,"author":{"gitId":"Elliott-Han-YuGeng"},"content":"        File file \u003d new File(filePath);","lastModifiedDate":"2024-04-21"},{"lineNumber":82,"author":{"gitId":"Elliott-Han-YuGeng"},"content":"","lastModifiedDate":"2024-04-21"},{"lineNumber":83,"author":{"gitId":"Elliott-Han-YuGeng"},"content":"        if (!file.getParentFile().exists()) {","lastModifiedDate":"2024-04-21"},{"lineNumber":84,"author":{"gitId":"Elliott-Han-YuGeng"},"content":"            file.getParentFile().mkdirs();","lastModifiedDate":"2024-04-21"},{"lineNumber":85,"author":{"gitId":"Elliott-Han-YuGeng"},"content":"        }","lastModifiedDate":"2024-04-21"},{"lineNumber":86,"author":{"gitId":"Elliott-Han-YuGeng"},"content":"","lastModifiedDate":"2024-04-21"},{"lineNumber":87,"author":{"gitId":"Elliott-Han-YuGeng"},"content":"        try {","lastModifiedDate":"2024-04-21"},{"lineNumber":88,"author":{"gitId":"Elliott-Han-YuGeng"},"content":"            FileWriter writer \u003d new FileWriter(file);","lastModifiedDate":"2024-04-21"},{"lineNumber":89,"author":{"gitId":"Elliott-Han-YuGeng"},"content":"            for (Task t : tasks) {","lastModifiedDate":"2024-04-21"},{"lineNumber":90,"author":{"gitId":"Elliott-Han-YuGeng"},"content":"                writer.write(t.getFileString() + \"\\n\");","lastModifiedDate":"2024-04-21"},{"lineNumber":91,"author":{"gitId":"Elliott-Han-YuGeng"},"content":"            }","lastModifiedDate":"2024-04-21"},{"lineNumber":92,"author":{"gitId":"Elliott-Han-YuGeng"},"content":"            for (String line : unreadableLines) {","lastModifiedDate":"2024-04-21"},{"lineNumber":93,"author":{"gitId":"Elliott-Han-YuGeng"},"content":"                if (!line.isEmpty()) {","lastModifiedDate":"2024-04-21"},{"lineNumber":94,"author":{"gitId":"Elliott-Han-YuGeng"},"content":"                    writer.write(line + \"\\n\");","lastModifiedDate":"2024-04-21"},{"lineNumber":95,"author":{"gitId":"Elliott-Han-YuGeng"},"content":"                }","lastModifiedDate":"2024-04-21"},{"lineNumber":96,"author":{"gitId":"Elliott-Han-YuGeng"},"content":"            }","lastModifiedDate":"2024-04-21"},{"lineNumber":97,"author":{"gitId":"Elliott-Han-YuGeng"},"content":"            writer.close();","lastModifiedDate":"2024-04-21"},{"lineNumber":98,"author":{"gitId":"Elliott-Han-YuGeng"},"content":"        } catch (IOException e) {","lastModifiedDate":"2024-04-21"},{"lineNumber":99,"author":{"gitId":"Elliott-Han-YuGeng"},"content":"            System.out.println(\"Error saving tasks to file.\");","lastModifiedDate":"2024-04-21"},{"lineNumber":100,"author":{"gitId":"Elliott-Han-YuGeng"},"content":"        }","lastModifiedDate":"2024-04-21"},{"lineNumber":101,"author":{"gitId":"Elliott-Han-YuGeng"},"content":"    }","lastModifiedDate":"2024-04-21"},{"lineNumber":102,"author":{"gitId":"Elliott-Han-YuGeng"},"content":"}","lastModifiedDate":"2024-04-21"}],"authorContributionMap":{"Elliott-Han-YuGeng":102}},{"path":"src/main/java/tasktype/Deadline.java","fileType":"java","lines":[{"lineNumber":1,"author":{"gitId":"Elliott-Han-YuGeng"},"content":"package tasktype;","lastModifiedDate":"2024-04-21"},{"lineNumber":2,"author":{"gitId":"Elliott-Han-YuGeng"},"content":"","lastModifiedDate":"2024-04-21"},{"lineNumber":3,"author":{"gitId":"Elliott-Han-YuGeng"},"content":"public class Deadline extends Task {","lastModifiedDate":"2024-04-19"},{"lineNumber":4,"author":{"gitId":"Elliott-Han-YuGeng"},"content":"","lastModifiedDate":"2024-04-19"},{"lineNumber":5,"author":{"gitId":"Elliott-Han-YuGeng"},"content":"    protected String by;","lastModifiedDate":"2024-04-19"},{"lineNumber":6,"author":{"gitId":"Elliott-Han-YuGeng"},"content":"","lastModifiedDate":"2024-04-19"},{"lineNumber":7,"author":{"gitId":"Elliott-Han-YuGeng"},"content":"    public Deadline(String description, boolean isDone, String by) {","lastModifiedDate":"2024-04-21"},{"lineNumber":8,"author":{"gitId":"Elliott-Han-YuGeng"},"content":"        super(description, isDone);","lastModifiedDate":"2024-04-21"},{"lineNumber":9,"author":{"gitId":"Elliott-Han-YuGeng"},"content":"        this.by \u003d by;","lastModifiedDate":"2024-04-19"},{"lineNumber":10,"author":{"gitId":"Elliott-Han-YuGeng"},"content":"    }","lastModifiedDate":"2024-04-19"},{"lineNumber":11,"author":{"gitId":"Elliott-Han-YuGeng"},"content":"","lastModifiedDate":"2024-04-19"},{"lineNumber":12,"author":{"gitId":"Elliott-Han-YuGeng"},"content":"    public Deadline(String description, String by) {","lastModifiedDate":"2024-04-21"},{"lineNumber":13,"author":{"gitId":"Elliott-Han-YuGeng"},"content":"        this(description, false, by);","lastModifiedDate":"2024-04-21"},{"lineNumber":14,"author":{"gitId":"Elliott-Han-YuGeng"},"content":"    }","lastModifiedDate":"2024-04-21"},{"lineNumber":15,"author":{"gitId":"Elliott-Han-YuGeng"},"content":"","lastModifiedDate":"2024-04-21"},{"lineNumber":16,"author":{"gitId":"Elliott-Han-YuGeng"},"content":"    @Override","lastModifiedDate":"2024-04-19"},{"lineNumber":17,"author":{"gitId":"Elliott-Han-YuGeng"},"content":"    public String getString() {","lastModifiedDate":"2024-04-19"},{"lineNumber":18,"author":{"gitId":"Elliott-Han-YuGeng"},"content":"        return \"[D]\" + super.getString() + \" (by: \" + by + \")\";","lastModifiedDate":"2024-04-19"},{"lineNumber":19,"author":{"gitId":"Elliott-Han-YuGeng"},"content":"    }","lastModifiedDate":"2024-04-19"},{"lineNumber":20,"author":{"gitId":"Elliott-Han-YuGeng"},"content":"","lastModifiedDate":"2024-04-21"},{"lineNumber":21,"author":{"gitId":"Elliott-Han-YuGeng"},"content":"    @Override","lastModifiedDate":"2024-04-21"},{"lineNumber":22,"author":{"gitId":"Elliott-Han-YuGeng"},"content":"    public String getFileString() {","lastModifiedDate":"2024-04-21"},{"lineNumber":23,"author":{"gitId":"Elliott-Han-YuGeng"},"content":"        return \"D | \" + super.getFileString() + \" | \" + by;","lastModifiedDate":"2024-04-21"},{"lineNumber":24,"author":{"gitId":"Elliott-Han-YuGeng"},"content":"    }","lastModifiedDate":"2024-04-21"},{"lineNumber":25,"author":{"gitId":"Elliott-Han-YuGeng"},"content":"}","lastModifiedDate":"2024-04-19"}],"authorContributionMap":{"Elliott-Han-YuGeng":25}},{"path":"src/main/java/tasktype/Event.java","fileType":"java","lines":[{"lineNumber":1,"author":{"gitId":"Elliott-Han-YuGeng"},"content":"package tasktype;","lastModifiedDate":"2024-04-21"},{"lineNumber":2,"author":{"gitId":"Elliott-Han-YuGeng"},"content":"","lastModifiedDate":"2024-04-21"},{"lineNumber":3,"author":{"gitId":"Elliott-Han-YuGeng"},"content":"public class Event extends Task {","lastModifiedDate":"2024-04-19"},{"lineNumber":4,"author":{"gitId":"Elliott-Han-YuGeng"},"content":"","lastModifiedDate":"2024-04-19"},{"lineNumber":5,"author":{"gitId":"Elliott-Han-YuGeng"},"content":"    protected String begin;","lastModifiedDate":"2024-04-19"},{"lineNumber":6,"author":{"gitId":"Elliott-Han-YuGeng"},"content":"    protected String end;","lastModifiedDate":"2024-04-19"},{"lineNumber":7,"author":{"gitId":"Elliott-Han-YuGeng"},"content":"","lastModifiedDate":"2024-04-19"},{"lineNumber":8,"author":{"gitId":"Elliott-Han-YuGeng"},"content":"    public Event(String description, boolean isDone, String begin, String end) {","lastModifiedDate":"2024-04-21"},{"lineNumber":9,"author":{"gitId":"Elliott-Han-YuGeng"},"content":"        super(description, isDone);","lastModifiedDate":"2024-04-21"},{"lineNumber":10,"author":{"gitId":"Elliott-Han-YuGeng"},"content":"        this.begin \u003d begin;","lastModifiedDate":"2024-04-19"},{"lineNumber":11,"author":{"gitId":"Elliott-Han-YuGeng"},"content":"        this.end \u003d end;","lastModifiedDate":"2024-04-19"},{"lineNumber":12,"author":{"gitId":"Elliott-Han-YuGeng"},"content":"    }","lastModifiedDate":"2024-04-19"},{"lineNumber":13,"author":{"gitId":"Elliott-Han-YuGeng"},"content":"","lastModifiedDate":"2024-04-19"},{"lineNumber":14,"author":{"gitId":"Elliott-Han-YuGeng"},"content":"    public Event(String description, String begin, String end) {","lastModifiedDate":"2024-04-21"},{"lineNumber":15,"author":{"gitId":"Elliott-Han-YuGeng"},"content":"        this(description, false, begin, end);","lastModifiedDate":"2024-04-21"},{"lineNumber":16,"author":{"gitId":"Elliott-Han-YuGeng"},"content":"    }","lastModifiedDate":"2024-04-21"},{"lineNumber":17,"author":{"gitId":"Elliott-Han-YuGeng"},"content":"","lastModifiedDate":"2024-04-21"},{"lineNumber":18,"author":{"gitId":"Elliott-Han-YuGeng"},"content":"    @Override","lastModifiedDate":"2024-04-19"},{"lineNumber":19,"author":{"gitId":"Elliott-Han-YuGeng"},"content":"    public String getString() {","lastModifiedDate":"2024-04-19"},{"lineNumber":20,"author":{"gitId":"Elliott-Han-YuGeng"},"content":"        return \"[E]\" + super.getString() + \" (from: \" + begin + \" to: \" + end + \")\";","lastModifiedDate":"2024-04-19"},{"lineNumber":21,"author":{"gitId":"Elliott-Han-YuGeng"},"content":"    }","lastModifiedDate":"2024-04-19"},{"lineNumber":22,"author":{"gitId":"Elliott-Han-YuGeng"},"content":"","lastModifiedDate":"2024-04-21"},{"lineNumber":23,"author":{"gitId":"Elliott-Han-YuGeng"},"content":"    @Override","lastModifiedDate":"2024-04-21"},{"lineNumber":24,"author":{"gitId":"Elliott-Han-YuGeng"},"content":"    public String getFileString() {","lastModifiedDate":"2024-04-21"},{"lineNumber":25,"author":{"gitId":"Elliott-Han-YuGeng"},"content":"        return \"E | \" + super.getFileString() + \" | \" + begin + \" | \" + end;","lastModifiedDate":"2024-04-21"},{"lineNumber":26,"author":{"gitId":"Elliott-Han-YuGeng"},"content":"    }","lastModifiedDate":"2024-04-21"},{"lineNumber":27,"author":{"gitId":"Elliott-Han-YuGeng"},"content":"}","lastModifiedDate":"2024-04-19"}],"authorContributionMap":{"Elliott-Han-YuGeng":27}},{"path":"src/main/java/tasktype/Task.java","fileType":"java","lines":[{"lineNumber":1,"author":{"gitId":"Elliott-Han-YuGeng"},"content":"package tasktype;","lastModifiedDate":"2024-04-21"},{"lineNumber":2,"author":{"gitId":"Elliott-Han-YuGeng"},"content":"","lastModifiedDate":"2024-04-21"},{"lineNumber":3,"author":{"gitId":"Elliott-Han-YuGeng"},"content":"public class Task {","lastModifiedDate":"2024-04-18"},{"lineNumber":4,"author":{"gitId":"Elliott-Han-YuGeng"},"content":"","lastModifiedDate":"2024-04-21"},{"lineNumber":5,"author":{"gitId":"Elliott-Han-YuGeng"},"content":"    protected String description;","lastModifiedDate":"2024-04-18"},{"lineNumber":6,"author":{"gitId":"Elliott-Han-YuGeng"},"content":"    protected boolean isDone;","lastModifiedDate":"2024-04-18"},{"lineNumber":7,"author":{"gitId":"Elliott-Han-YuGeng"},"content":"","lastModifiedDate":"2024-04-18"},{"lineNumber":8,"author":{"gitId":"Elliott-Han-YuGeng"},"content":"    public Task(String description, boolean isDone) {","lastModifiedDate":"2024-04-21"},{"lineNumber":9,"author":{"gitId":"Elliott-Han-YuGeng"},"content":"        this.description \u003d description;","lastModifiedDate":"2024-04-18"},{"lineNumber":10,"author":{"gitId":"Elliott-Han-YuGeng"},"content":"        this.isDone \u003d isDone;","lastModifiedDate":"2024-04-21"},{"lineNumber":11,"author":{"gitId":"Elliott-Han-YuGeng"},"content":"    }","lastModifiedDate":"2024-04-21"},{"lineNumber":12,"author":{"gitId":"Elliott-Han-YuGeng"},"content":"","lastModifiedDate":"2024-04-21"},{"lineNumber":13,"author":{"gitId":"Elliott-Han-YuGeng"},"content":"    public String getString() {","lastModifiedDate":"2024-04-19"},{"lineNumber":14,"author":{"gitId":"Elliott-Han-YuGeng"},"content":"        return (isDone ? \"[X] \" : \"[ ] \") + description; // mark done task with X","lastModifiedDate":"2024-04-21"},{"lineNumber":15,"author":{"gitId":"Elliott-Han-YuGeng"},"content":"    }","lastModifiedDate":"2024-04-21"},{"lineNumber":16,"author":{"gitId":"Elliott-Han-YuGeng"},"content":"","lastModifiedDate":"2024-04-21"},{"lineNumber":17,"author":{"gitId":"Elliott-Han-YuGeng"},"content":"    public String getFileString() {","lastModifiedDate":"2024-04-21"},{"lineNumber":18,"author":{"gitId":"Elliott-Han-YuGeng"},"content":"        return (isDone ? \"1\" : \"0\") + \" | \" + description;","lastModifiedDate":"2024-04-21"},{"lineNumber":19,"author":{"gitId":"Elliott-Han-YuGeng"},"content":"    }","lastModifiedDate":"2024-04-18"},{"lineNumber":20,"author":{"gitId":"Elliott-Han-YuGeng"},"content":"","lastModifiedDate":"2024-04-18"},{"lineNumber":21,"author":{"gitId":"Elliott-Han-YuGeng"},"content":"    public void markAsDone(){","lastModifiedDate":"2024-04-18"},{"lineNumber":22,"author":{"gitId":"Elliott-Han-YuGeng"},"content":"        isDone \u003d true;","lastModifiedDate":"2024-04-18"},{"lineNumber":23,"author":{"gitId":"Elliott-Han-YuGeng"},"content":"        System.out.println(\"Good job :) mission completed!\\n\"","lastModifiedDate":"2024-04-19"},{"lineNumber":24,"author":{"gitId":"Elliott-Han-YuGeng"},"content":"                         + \"  \" + this.getString());","lastModifiedDate":"2024-04-19"},{"lineNumber":25,"author":{"gitId":"Elliott-Han-YuGeng"},"content":"    }","lastModifiedDate":"2024-04-18"},{"lineNumber":26,"author":{"gitId":"Elliott-Han-YuGeng"},"content":"","lastModifiedDate":"2024-04-18"},{"lineNumber":27,"author":{"gitId":"Elliott-Han-YuGeng"},"content":"    public void markAsNotDone(){","lastModifiedDate":"2024-04-18"},{"lineNumber":28,"author":{"gitId":"Elliott-Han-YuGeng"},"content":"        isDone \u003d false;","lastModifiedDate":"2024-04-18"},{"lineNumber":29,"author":{"gitId":"Elliott-Han-YuGeng"},"content":"        System.out.println(\"Oh no :( mission incomplete\\n\"","lastModifiedDate":"2024-04-19"},{"lineNumber":30,"author":{"gitId":"Elliott-Han-YuGeng"},"content":"                         + \"  \" + this.getString());","lastModifiedDate":"2024-04-19"},{"lineNumber":31,"author":{"gitId":"Elliott-Han-YuGeng"},"content":"    }","lastModifiedDate":"2024-04-18"},{"lineNumber":32,"author":{"gitId":"Elliott-Han-YuGeng"},"content":"}","lastModifiedDate":"2024-04-18"}],"authorContributionMap":{"Elliott-Han-YuGeng":32}},{"path":"src/main/java/tasktype/TaskList.java","fileType":"java","lines":[{"lineNumber":1,"author":{"gitId":"Elliott-Han-YuGeng"},"content":"package tasktype;","lastModifiedDate":"2024-04-21"},{"lineNumber":2,"author":{"gitId":"Elliott-Han-YuGeng"},"content":"","lastModifiedDate":"2024-04-21"},{"lineNumber":3,"author":{"gitId":"Elliott-Han-YuGeng"},"content":"import ui.Ui;","lastModifiedDate":"2024-04-21"},{"lineNumber":4,"author":{"gitId":"Elliott-Han-YuGeng"},"content":"import storage.Storage;","lastModifiedDate":"2024-04-21"},{"lineNumber":5,"author":{"gitId":"Elliott-Han-YuGeng"},"content":"import command.CommandList;","lastModifiedDate":"2024-04-21"},{"lineNumber":6,"author":{"gitId":"Elliott-Han-YuGeng"},"content":"import java.util.ArrayList;","lastModifiedDate":"2024-04-21"},{"lineNumber":7,"author":{"gitId":"Elliott-Han-YuGeng"},"content":"","lastModifiedDate":"2024-04-21"},{"lineNumber":8,"author":{"gitId":"Elliott-Han-YuGeng"},"content":"public class TaskList {","lastModifiedDate":"2024-04-21"},{"lineNumber":9,"author":{"gitId":"Elliott-Han-YuGeng"},"content":"    private static final Ui ui \u003d new Ui();","lastModifiedDate":"2024-04-21"},{"lineNumber":10,"author":{"gitId":"Elliott-Han-YuGeng"},"content":"    private final ArrayList\u003cTask\u003e tasks;","lastModifiedDate":"2024-04-21"},{"lineNumber":11,"author":{"gitId":"Elliott-Han-YuGeng"},"content":"","lastModifiedDate":"2024-04-21"},{"lineNumber":12,"author":{"gitId":"Elliott-Han-YuGeng"},"content":"    public TaskList(ArrayList\u003cTask\u003e tasks) {","lastModifiedDate":"2024-04-21"},{"lineNumber":13,"author":{"gitId":"Elliott-Han-YuGeng"},"content":"        this.tasks \u003d tasks;","lastModifiedDate":"2024-04-21"},{"lineNumber":14,"author":{"gitId":"Elliott-Han-YuGeng"},"content":"    }","lastModifiedDate":"2024-04-21"},{"lineNumber":15,"author":{"gitId":"Elliott-Han-YuGeng"},"content":"","lastModifiedDate":"2024-04-21"},{"lineNumber":16,"author":{"gitId":"Elliott-Han-YuGeng"},"content":"    public ArrayList\u003cTask\u003e getTasks() {","lastModifiedDate":"2024-04-21"},{"lineNumber":17,"author":{"gitId":"Elliott-Han-YuGeng"},"content":"        return tasks;","lastModifiedDate":"2024-04-21"},{"lineNumber":18,"author":{"gitId":"Elliott-Han-YuGeng"},"content":"    }","lastModifiedDate":"2024-04-21"},{"lineNumber":19,"author":{"gitId":"Elliott-Han-YuGeng"},"content":"","lastModifiedDate":"2024-04-21"},{"lineNumber":20,"author":{"gitId":"Elliott-Han-YuGeng"},"content":"    public int size() {","lastModifiedDate":"2024-04-21"},{"lineNumber":21,"author":{"gitId":"Elliott-Han-YuGeng"},"content":"        return tasks.size();","lastModifiedDate":"2024-04-21"},{"lineNumber":22,"author":{"gitId":"Elliott-Han-YuGeng"},"content":"    }","lastModifiedDate":"2024-04-21"},{"lineNumber":23,"author":{"gitId":"Elliott-Han-YuGeng"},"content":"","lastModifiedDate":"2024-04-21"},{"lineNumber":24,"author":{"gitId":"Elliott-Han-YuGeng"},"content":"    public Task get(int i) {","lastModifiedDate":"2024-04-21"},{"lineNumber":25,"author":{"gitId":"Elliott-Han-YuGeng"},"content":"        return tasks.get(i);","lastModifiedDate":"2024-04-21"},{"lineNumber":26,"author":{"gitId":"Elliott-Han-YuGeng"},"content":"    }","lastModifiedDate":"2024-04-21"},{"lineNumber":27,"author":{"gitId":"Elliott-Han-YuGeng"},"content":"","lastModifiedDate":"2024-04-21"},{"lineNumber":28,"author":{"gitId":"Elliott-Han-YuGeng"},"content":"    public void removeTask(Storage file, int i) {","lastModifiedDate":"2024-04-21"},{"lineNumber":29,"author":{"gitId":"Elliott-Han-YuGeng"},"content":"        ui.showRemoveTaskSuccess(tasks, i);","lastModifiedDate":"2024-04-21"},{"lineNumber":30,"author":{"gitId":"Elliott-Han-YuGeng"},"content":"        tasks.remove(i);","lastModifiedDate":"2024-04-21"},{"lineNumber":31,"author":{"gitId":"Elliott-Han-YuGeng"},"content":"        file.save(tasks);","lastModifiedDate":"2024-04-21"},{"lineNumber":32,"author":{"gitId":"Elliott-Han-YuGeng"},"content":"    }","lastModifiedDate":"2024-04-21"},{"lineNumber":33,"author":{"gitId":"Elliott-Han-YuGeng"},"content":"","lastModifiedDate":"2024-04-21"},{"lineNumber":34,"author":{"gitId":"Elliott-Han-YuGeng"},"content":"    public void addTask(Storage file, String line, CommandList l1, String l3, String l4, String l5) {","lastModifiedDate":"2024-04-21"},{"lineNumber":35,"author":{"gitId":"Elliott-Han-YuGeng"},"content":"        switch (l1) {","lastModifiedDate":"2024-04-21"},{"lineNumber":36,"author":{"gitId":"Elliott-Han-YuGeng"},"content":"            case TODO:","lastModifiedDate":"2024-04-21"},{"lineNumber":37,"author":{"gitId":"Elliott-Han-YuGeng"},"content":"                tasks.add(new Todo(line.substring(5).trim()));","lastModifiedDate":"2024-04-21"},{"lineNumber":38,"author":{"gitId":"Elliott-Han-YuGeng"},"content":"                break;","lastModifiedDate":"2024-04-21"},{"lineNumber":39,"author":{"gitId":"Elliott-Han-YuGeng"},"content":"            case DEADLINE:","lastModifiedDate":"2024-04-21"},{"lineNumber":40,"author":{"gitId":"Elliott-Han-YuGeng"},"content":"                tasks.add(new Deadline(l3.substring(9).trim(), l4.substring(3).trim()));","lastModifiedDate":"2024-04-21"},{"lineNumber":41,"author":{"gitId":"Elliott-Han-YuGeng"},"content":"                break;","lastModifiedDate":"2024-04-21"},{"lineNumber":42,"author":{"gitId":"Elliott-Han-YuGeng"},"content":"            case EVENT:","lastModifiedDate":"2024-04-21"},{"lineNumber":43,"author":{"gitId":"Elliott-Han-YuGeng"},"content":"                tasks.add(new Event(l3.substring(6).trim(), l4.substring(5).trim(), l5.substring(3).trim()));","lastModifiedDate":"2024-04-21"},{"lineNumber":44,"author":{"gitId":"Elliott-Han-YuGeng"},"content":"                break;","lastModifiedDate":"2024-04-21"},{"lineNumber":45,"author":{"gitId":"Elliott-Han-YuGeng"},"content":"        }","lastModifiedDate":"2024-04-21"},{"lineNumber":46,"author":{"gitId":"Elliott-Han-YuGeng"},"content":"        ui.showAddTaskSuccess(tasks);","lastModifiedDate":"2024-04-21"},{"lineNumber":47,"author":{"gitId":"Elliott-Han-YuGeng"},"content":"        file.save(tasks);","lastModifiedDate":"2024-04-21"},{"lineNumber":48,"author":{"gitId":"Elliott-Han-YuGeng"},"content":"    }","lastModifiedDate":"2024-04-21"},{"lineNumber":49,"author":{"gitId":"Elliott-Han-YuGeng"},"content":"}","lastModifiedDate":"2024-04-21"}],"authorContributionMap":{"Elliott-Han-YuGeng":49}},{"path":"src/main/java/tasktype/Todo.java","fileType":"java","lines":[{"lineNumber":1,"author":{"gitId":"Elliott-Han-YuGeng"},"content":"package tasktype;","lastModifiedDate":"2024-04-21"},{"lineNumber":2,"author":{"gitId":"Elliott-Han-YuGeng"},"content":"","lastModifiedDate":"2024-04-21"},{"lineNumber":3,"author":{"gitId":"Elliott-Han-YuGeng"},"content":"public class Todo extends Task {","lastModifiedDate":"2024-04-19"},{"lineNumber":4,"author":{"gitId":"Elliott-Han-YuGeng"},"content":"","lastModifiedDate":"2024-04-19"},{"lineNumber":5,"author":{"gitId":"Elliott-Han-YuGeng"},"content":"    public Todo(String description, boolean isDone) {","lastModifiedDate":"2024-04-21"},{"lineNumber":6,"author":{"gitId":"Elliott-Han-YuGeng"},"content":"        super(description, isDone);","lastModifiedDate":"2024-04-21"},{"lineNumber":7,"author":{"gitId":"Elliott-Han-YuGeng"},"content":"    }","lastModifiedDate":"2024-04-21"},{"lineNumber":8,"author":{"gitId":"Elliott-Han-YuGeng"},"content":"","lastModifiedDate":"2024-04-21"},{"lineNumber":9,"author":{"gitId":"Elliott-Han-YuGeng"},"content":"    public Todo(String description) {","lastModifiedDate":"2024-04-19"},{"lineNumber":10,"author":{"gitId":"Elliott-Han-YuGeng"},"content":"        this(description, false);","lastModifiedDate":"2024-04-21"},{"lineNumber":11,"author":{"gitId":"Elliott-Han-YuGeng"},"content":"    }","lastModifiedDate":"2024-04-19"},{"lineNumber":12,"author":{"gitId":"Elliott-Han-YuGeng"},"content":"","lastModifiedDate":"2024-04-19"},{"lineNumber":13,"author":{"gitId":"Elliott-Han-YuGeng"},"content":"    @Override","lastModifiedDate":"2024-04-19"},{"lineNumber":14,"author":{"gitId":"Elliott-Han-YuGeng"},"content":"    public String getString() {","lastModifiedDate":"2024-04-19"},{"lineNumber":15,"author":{"gitId":"Elliott-Han-YuGeng"},"content":"        return \"[T]\" + super.getString();","lastModifiedDate":"2024-04-19"},{"lineNumber":16,"author":{"gitId":"Elliott-Han-YuGeng"},"content":"    }","lastModifiedDate":"2024-04-19"},{"lineNumber":17,"author":{"gitId":"Elliott-Han-YuGeng"},"content":"","lastModifiedDate":"2024-04-21"},{"lineNumber":18,"author":{"gitId":"Elliott-Han-YuGeng"},"content":"    @Override","lastModifiedDate":"2024-04-21"},{"lineNumber":19,"author":{"gitId":"Elliott-Han-YuGeng"},"content":"    public String getFileString() {","lastModifiedDate":"2024-04-21"},{"lineNumber":20,"author":{"gitId":"Elliott-Han-YuGeng"},"content":"        return \"T | \" + super.getFileString();","lastModifiedDate":"2024-04-21"},{"lineNumber":21,"author":{"gitId":"Elliott-Han-YuGeng"},"content":"    }","lastModifiedDate":"2024-04-21"},{"lineNumber":22,"author":{"gitId":"Elliott-Han-YuGeng"},"content":"}","lastModifiedDate":"2024-04-19"}],"authorContributionMap":{"Elliott-Han-YuGeng":22}},{"path":"src/main/java/ui/Ui.java","fileType":"java","lines":[{"lineNumber":1,"author":{"gitId":"Elliott-Han-YuGeng"},"content":"package ui;","lastModifiedDate":"2024-04-21"},{"lineNumber":2,"author":{"gitId":"Elliott-Han-YuGeng"},"content":"","lastModifiedDate":"2024-04-21"},{"lineNumber":3,"author":{"gitId":"Elliott-Han-YuGeng"},"content":"import tasktype.Task;","lastModifiedDate":"2024-04-21"},{"lineNumber":4,"author":{"gitId":"Elliott-Han-YuGeng"},"content":"import java.util.ArrayList;","lastModifiedDate":"2024-04-21"},{"lineNumber":5,"author":{"gitId":"Elliott-Han-YuGeng"},"content":"","lastModifiedDate":"2024-04-21"},{"lineNumber":6,"author":{"gitId":"Elliott-Han-YuGeng"},"content":"public class Ui {","lastModifiedDate":"2024-04-21"},{"lineNumber":7,"author":{"gitId":"Elliott-Han-YuGeng"},"content":"","lastModifiedDate":"2024-04-21"},{"lineNumber":8,"author":{"gitId":"Elliott-Han-YuGeng"},"content":"    public Ui() {","lastModifiedDate":"2024-04-21"},{"lineNumber":9,"author":{"gitId":"Elliott-Han-YuGeng"},"content":"    }","lastModifiedDate":"2024-04-21"},{"lineNumber":10,"author":{"gitId":"Elliott-Han-YuGeng"},"content":"","lastModifiedDate":"2024-04-21"},{"lineNumber":11,"author":{"gitId":"Elliott-Han-YuGeng"},"content":"    public void start() {","lastModifiedDate":"2024-04-21"},{"lineNumber":12,"author":{"gitId":"Elliott-Han-YuGeng"},"content":"        String greeting \u003d \"Hello! I\u0027m Your Rolling Bear!\\n\"","lastModifiedDate":"2024-04-21"},{"lineNumber":13,"author":{"gitId":"Elliott-Han-YuGeng"},"content":"                + \"What can I do for you? todo, deadline, event...\\n\"","lastModifiedDate":"2024-04-21"},{"lineNumber":14,"author":{"gitId":"Elliott-Han-YuGeng"},"content":"                + \"(type \u0027bye\u0027 to exit)\";","lastModifiedDate":"2024-04-21"},{"lineNumber":15,"author":{"gitId":"Elliott-Han-YuGeng"},"content":"        System.out.println(greeting);","lastModifiedDate":"2024-04-21"},{"lineNumber":16,"author":{"gitId":"Elliott-Han-YuGeng"},"content":"    }","lastModifiedDate":"2024-04-21"},{"lineNumber":17,"author":{"gitId":"Elliott-Han-YuGeng"},"content":"","lastModifiedDate":"2024-04-21"},{"lineNumber":18,"author":{"gitId":"Elliott-Han-YuGeng"},"content":"    public void exit() {","lastModifiedDate":"2024-04-21"},{"lineNumber":19,"author":{"gitId":"Elliott-Han-YuGeng"},"content":"        System.out.println(\"Ciao! See you next time!\");","lastModifiedDate":"2024-04-21"},{"lineNumber":20,"author":{"gitId":"Elliott-Han-YuGeng"},"content":"    }","lastModifiedDate":"2024-04-21"},{"lineNumber":21,"author":{"gitId":"Elliott-Han-YuGeng"},"content":"","lastModifiedDate":"2024-04-21"},{"lineNumber":22,"author":{"gitId":"Elliott-Han-YuGeng"},"content":"    public void printList(ArrayList\u003cTask\u003e ss) {","lastModifiedDate":"2024-04-21"},{"lineNumber":23,"author":{"gitId":"Elliott-Han-YuGeng"},"content":"        if (ss.isEmpty()) {","lastModifiedDate":"2024-04-21"},{"lineNumber":24,"author":{"gitId":"Elliott-Han-YuGeng"},"content":"            System.out.println(\"You have no task in the list now.\");","lastModifiedDate":"2024-04-21"},{"lineNumber":25,"author":{"gitId":"Elliott-Han-YuGeng"},"content":"        } else {","lastModifiedDate":"2024-04-21"},{"lineNumber":26,"author":{"gitId":"Elliott-Han-YuGeng"},"content":"            System.out.println(\"Sure! These are the tasks in your list:\");","lastModifiedDate":"2024-04-21"},{"lineNumber":27,"author":{"gitId":"Elliott-Han-YuGeng"},"content":"            for (int i \u003d 0; i \u003c ss.size(); i++) {","lastModifiedDate":"2024-04-21"},{"lineNumber":28,"author":{"gitId":"Elliott-Han-YuGeng"},"content":"                System.out.println((i+1) + \".\" + ss.get(i).getString());","lastModifiedDate":"2024-04-21"},{"lineNumber":29,"author":{"gitId":"Elliott-Han-YuGeng"},"content":"            }","lastModifiedDate":"2024-04-21"},{"lineNumber":30,"author":{"gitId":"Elliott-Han-YuGeng"},"content":"        }","lastModifiedDate":"2024-04-21"},{"lineNumber":31,"author":{"gitId":"Elliott-Han-YuGeng"},"content":"        System.out.println();","lastModifiedDate":"2024-04-21"},{"lineNumber":32,"author":{"gitId":"Elliott-Han-YuGeng"},"content":"    }","lastModifiedDate":"2024-04-21"},{"lineNumber":33,"author":{"gitId":"Elliott-Han-YuGeng"},"content":"","lastModifiedDate":"2024-04-21"},{"lineNumber":34,"author":{"gitId":"Elliott-Han-YuGeng"},"content":"    public void showAddTaskSuccess(ArrayList\u003cTask\u003e tasks) {","lastModifiedDate":"2024-04-21"},{"lineNumber":35,"author":{"gitId":"Elliott-Han-YuGeng"},"content":"        System.out.println(\"Sure! Just added to the task list!\\n\"","lastModifiedDate":"2024-04-21"},{"lineNumber":36,"author":{"gitId":"Elliott-Han-YuGeng"},"content":"                + \"  \" + tasks.get(tasks.size() - 1).getString() + \"\\n\"","lastModifiedDate":"2024-04-21"},{"lineNumber":37,"author":{"gitId":"Elliott-Han-YuGeng"},"content":"                + \"Task+1 | Now you have \" + tasks.size() + \" task(s) in the list.\\n\");","lastModifiedDate":"2024-04-21"},{"lineNumber":38,"author":{"gitId":"Elliott-Han-YuGeng"},"content":"    }","lastModifiedDate":"2024-04-21"},{"lineNumber":39,"author":{"gitId":"Elliott-Han-YuGeng"},"content":"","lastModifiedDate":"2024-04-21"},{"lineNumber":40,"author":{"gitId":"Elliott-Han-YuGeng"},"content":"    public void showRemoveTaskSuccess(ArrayList\u003cTask\u003e ss, int i) {","lastModifiedDate":"2024-04-21"},{"lineNumber":41,"author":{"gitId":"Elliott-Han-YuGeng"},"content":"        System.out.println(\"Noted. This task is removed from the list:\\n\"","lastModifiedDate":"2024-04-21"},{"lineNumber":42,"author":{"gitId":"Elliott-Han-YuGeng"},"content":"                + \"  \" + ss.get(i).getString() + \"\\n\"","lastModifiedDate":"2024-04-21"},{"lineNumber":43,"author":{"gitId":"Elliott-Han-YuGeng"},"content":"                + \"Task-1 | Now you have \" + (ss.size()-1) + \" task(s) in the list.\\n\");","lastModifiedDate":"2024-04-21"},{"lineNumber":44,"author":{"gitId":"Elliott-Han-YuGeng"},"content":"    }","lastModifiedDate":"2024-04-21"},{"lineNumber":45,"author":{"gitId":"Elliott-Han-YuGeng"},"content":"}","lastModifiedDate":"2024-04-21"}],"authorContributionMap":{"Elliott-Han-YuGeng":45}},{"path":"text-ui-test/runtest.bat","fileType":"bat","lines":[{"lineNumber":1,"author":{"gitId":"-"},"content":"@ECHO OFF","lastModifiedDate":"2020-05-25"},{"lineNumber":2,"author":{"gitId":"-"},"content":"","lastModifiedDate":"2020-05-25"},{"lineNumber":3,"author":{"gitId":"-"},"content":"REM create bin directory if it doesn\u0027t exist","lastModifiedDate":"2020-05-25"},{"lineNumber":4,"author":{"gitId":"-"},"content":"if not exist ..\\bin mkdir ..\\bin","lastModifiedDate":"2020-05-25"},{"lineNumber":5,"author":{"gitId":"-"},"content":"","lastModifiedDate":"2020-05-25"},{"lineNumber":6,"author":{"gitId":"-"},"content":"REM delete output from previous run","lastModifiedDate":"2020-05-25"},{"lineNumber":7,"author":{"gitId":"-"},"content":"if exist ACTUAL.TXT del ACTUAL.TXT","lastModifiedDate":"2020-08-25"},{"lineNumber":8,"author":{"gitId":"-"},"content":"","lastModifiedDate":"2020-05-25"},{"lineNumber":9,"author":{"gitId":"-"},"content":"REM compile the code into the bin folder","lastModifiedDate":"2020-05-25"},{"lineNumber":10,"author":{"gitId":"-"},"content":"javac  -cp ..\\src\\main\\java -Xlint:none -d ..\\bin ..\\src\\main\\java\\*.java","lastModifiedDate":"2020-08-25"},{"lineNumber":11,"author":{"gitId":"-"},"content":"IF ERRORLEVEL 1 (","lastModifiedDate":"2020-05-25"},{"lineNumber":12,"author":{"gitId":"-"},"content":"    echo ********** BUILD FAILURE **********","lastModifiedDate":"2020-05-25"},{"lineNumber":13,"author":{"gitId":"-"},"content":"    exit /b 1","lastModifiedDate":"2020-05-25"},{"lineNumber":14,"author":{"gitId":"-"},"content":")","lastModifiedDate":"2020-05-25"},{"lineNumber":15,"author":{"gitId":"-"},"content":"REM no error here, errorlevel \u003d\u003d 0","lastModifiedDate":"2020-05-25"},{"lineNumber":16,"author":{"gitId":"-"},"content":"","lastModifiedDate":"2020-05-25"},{"lineNumber":17,"author":{"gitId":"-"},"content":"REM run the program, feed commands from input.txt file and redirect the output to the ACTUAL.TXT","lastModifiedDate":"2020-05-25"},{"lineNumber":18,"author":{"gitId":"Elliott-Han-YuGeng"},"content":"java -classpath ..\\bin Rolling \u003c input.txt \u003e ACTUAL.TXT","lastModifiedDate":"2024-04-17"},{"lineNumber":19,"author":{"gitId":"-"},"content":"","lastModifiedDate":"2020-05-25"},{"lineNumber":20,"author":{"gitId":"-"},"content":"REM compare the output to the expected output","lastModifiedDate":"2020-05-25"},{"lineNumber":21,"author":{"gitId":"-"},"content":"FC ACTUAL.TXT EXPECTED.TXT","lastModifiedDate":"2020-05-25"}],"authorContributionMap":{"Elliott-Han-YuGeng":1,"-":20}}]
