[{"path":"README.md","fileType":"md","lines":[{"lineNumber":1,"author":{"gitId":"-"},"content":"# Duke project template","lastModifiedDate":"2020-05-25"},{"lineNumber":2,"author":{"gitId":"-"},"content":"","lastModifiedDate":"2020-05-25"},{"lineNumber":3,"author":{"gitId":"-"},"content":"This is a project template for a greenfield Java project. It\u0027s named after the Java mascot _Duke_. Given below are instructions on how to use it.","lastModifiedDate":"2020-05-25"},{"lineNumber":4,"author":{"gitId":"-"},"content":"","lastModifiedDate":"2020-05-25"},{"lineNumber":5,"author":{"gitId":"-"},"content":"## Setting up in Intellij","lastModifiedDate":"2020-05-25"},{"lineNumber":6,"author":{"gitId":"-"},"content":"","lastModifiedDate":"2020-05-25"},{"lineNumber":7,"author":{"gitId":"-"},"content":"Prerequisites: JDK 11, update Intellij to the most recent version.","lastModifiedDate":"2020-05-25"},{"lineNumber":8,"author":{"gitId":"-"},"content":"","lastModifiedDate":"2020-05-25"},{"lineNumber":9,"author":{"gitId":"-"},"content":"1. Open Intellij (if you are not in the welcome screen, click `File` \u003e `Close Project` to close the existing project first)","lastModifiedDate":"2021-01-17"},{"lineNumber":10,"author":{"gitId":"-"},"content":"1. Open the project into Intellij as follows:","lastModifiedDate":"2021-01-17"},{"lineNumber":11,"author":{"gitId":"-"},"content":"   1. Click `Open`.","lastModifiedDate":"2021-01-17"},{"lineNumber":12,"author":{"gitId":"-"},"content":"   1. Select the project directory, and click `OK`.","lastModifiedDate":"2021-01-17"},{"lineNumber":13,"author":{"gitId":"-"},"content":"   1. If there are any further prompts, accept the defaults.","lastModifiedDate":"2020-05-25"},{"lineNumber":14,"author":{"gitId":"-"},"content":"1. Configure the project to use **JDK 11** (not other versions) as explained in [here](https://www.jetbrains.com/help/idea/sdk.html#set-up-jdk).\u003cbr\u003e","lastModifiedDate":"2021-07-29"},{"lineNumber":15,"author":{"gitId":"-"},"content":"   In the same dialog, set the **Project language level** field to the `SDK default` option.","lastModifiedDate":"2021-07-29"},{"lineNumber":16,"author":{"gitId":"Elliott-Han-YuGeng"},"content":"3. After that, locate the `src/main/java/Rolling.java` file, right-click it, and choose `Run Duke.main()` (if the code editor is showing compile errors, try restarting the IDE). If the setup is correct, you should see something like the below as the output:","lastModifiedDate":"2024-04-17"},{"lineNumber":17,"author":{"gitId":"-"},"content":"   ```","lastModifiedDate":"2020-05-25"},{"lineNumber":18,"author":{"gitId":"-"},"content":"   Hello from","lastModifiedDate":"2020-05-25"},{"lineNumber":19,"author":{"gitId":"-"},"content":"    ____        _        ","lastModifiedDate":"2020-05-25"},{"lineNumber":20,"author":{"gitId":"-"},"content":"   |  _ \\ _   _| | _____ ","lastModifiedDate":"2020-05-25"},{"lineNumber":21,"author":{"gitId":"-"},"content":"   | | | | | | | |/ / _ \\","lastModifiedDate":"2020-05-25"},{"lineNumber":22,"author":{"gitId":"-"},"content":"   | |_| | |_| |   \u003c  __/","lastModifiedDate":"2020-05-25"},{"lineNumber":23,"author":{"gitId":"-"},"content":"   |____/ \\__,_|_|\\_\\___|","lastModifiedDate":"2020-05-25"},{"lineNumber":24,"author":{"gitId":"-"},"content":"   ```","lastModifiedDate":"2020-05-25"}],"authorContributionMap":{"Elliott-Han-YuGeng":1,"-":23}},{"path":"src/main/java/Rolling.java","fileType":"java","lines":[{"lineNumber":1,"author":{"gitId":"Elliott-Han-YuGeng"},"content":"import java.util.Scanner;","lastModifiedDate":"2024-04-17"},{"lineNumber":2,"author":{"gitId":"Elliott-Han-YuGeng"},"content":"","lastModifiedDate":"2024-04-17"},{"lineNumber":3,"author":{"gitId":"Elliott-Han-YuGeng"},"content":"public class Rolling {","lastModifiedDate":"2024-04-17"},{"lineNumber":4,"author":{"gitId":"Elliott-Han-YuGeng"},"content":"    //  Initiate an input","lastModifiedDate":"2024-04-18"},{"lineNumber":5,"author":{"gitId":"Elliott-Han-YuGeng"},"content":"    private static final Scanner in \u003d new Scanner(System.in);","lastModifiedDate":"2024-04-18"},{"lineNumber":6,"author":{"gitId":"Elliott-Han-YuGeng"},"content":"    private static String line;","lastModifiedDate":"2024-04-18"},{"lineNumber":7,"author":{"gitId":"Elliott-Han-YuGeng"},"content":"    private static int lineLength;","lastModifiedDate":"2024-04-18"},{"lineNumber":8,"author":{"gitId":"Elliott-Han-YuGeng"},"content":"    private static String l1;","lastModifiedDate":"2024-04-18"},{"lineNumber":9,"author":{"gitId":"Elliott-Han-YuGeng"},"content":"    private static int l2;","lastModifiedDate":"2024-04-18"},{"lineNumber":10,"author":{"gitId":"Elliott-Han-YuGeng"},"content":"","lastModifiedDate":"2024-04-18"},{"lineNumber":11,"author":{"gitId":"Elliott-Han-YuGeng"},"content":"    //  Create a todo list","lastModifiedDate":"2024-04-17"},{"lineNumber":12,"author":{"gitId":"Elliott-Han-YuGeng"},"content":"    private static final Task[] todoList \u003d new Task[1000];","lastModifiedDate":"2024-04-18"},{"lineNumber":13,"author":{"gitId":"Elliott-Han-YuGeng"},"content":"    private static int loc \u003d 0;","lastModifiedDate":"2024-04-17"},{"lineNumber":14,"author":{"gitId":"Elliott-Han-YuGeng"},"content":"","lastModifiedDate":"2024-04-17"},{"lineNumber":15,"author":{"gitId":"Elliott-Han-YuGeng"},"content":"    public static void start() {","lastModifiedDate":"2024-04-17"},{"lineNumber":16,"author":{"gitId":"Elliott-Han-YuGeng"},"content":"        String greeting \u003d \"Hello! I\u0027m Your Rolling Bear!\\n\"","lastModifiedDate":"2024-04-17"},{"lineNumber":17,"author":{"gitId":"Elliott-Han-YuGeng"},"content":"                        + \"What can I do for you?\";","lastModifiedDate":"2024-04-17"},{"lineNumber":18,"author":{"gitId":"Elliott-Han-YuGeng"},"content":"        System.out.println(greeting);","lastModifiedDate":"2024-04-17"},{"lineNumber":19,"author":{"gitId":"Elliott-Han-YuGeng"},"content":"    }","lastModifiedDate":"2024-04-17"},{"lineNumber":20,"author":{"gitId":"Elliott-Han-YuGeng"},"content":"","lastModifiedDate":"2024-04-17"},{"lineNumber":21,"author":{"gitId":"Elliott-Han-YuGeng"},"content":"    public static void userInput() {","lastModifiedDate":"2024-04-18"},{"lineNumber":22,"author":{"gitId":"Elliott-Han-YuGeng"},"content":"        line \u003d in.nextLine();","lastModifiedDate":"2024-04-18"},{"lineNumber":23,"author":{"gitId":"Elliott-Han-YuGeng"},"content":"        String[] lineSplit \u003d line.split(\" \");","lastModifiedDate":"2024-04-18"},{"lineNumber":24,"author":{"gitId":"Elliott-Han-YuGeng"},"content":"        lineLength \u003d lineSplit.length;","lastModifiedDate":"2024-04-18"},{"lineNumber":25,"author":{"gitId":"Elliott-Han-YuGeng"},"content":"        try {","lastModifiedDate":"2024-04-18"},{"lineNumber":26,"author":{"gitId":"Elliott-Han-YuGeng"},"content":"            l1 \u003d lineSplit[0].toLowerCase();","lastModifiedDate":"2024-04-18"},{"lineNumber":27,"author":{"gitId":"Elliott-Han-YuGeng"},"content":"            l2 \u003d Integer.parseInt(lineSplit[1]);","lastModifiedDate":"2024-04-18"},{"lineNumber":28,"author":{"gitId":"Elliott-Han-YuGeng"},"content":"        } catch (Exception e) {","lastModifiedDate":"2024-04-18"},{"lineNumber":29,"author":{"gitId":"Elliott-Han-YuGeng"},"content":"            l1 \u003d \"\";","lastModifiedDate":"2024-04-18"},{"lineNumber":30,"author":{"gitId":"Elliott-Han-YuGeng"},"content":"            l2 \u003d 0;","lastModifiedDate":"2024-04-18"},{"lineNumber":31,"author":{"gitId":"Elliott-Han-YuGeng"},"content":"        }","lastModifiedDate":"2024-04-18"},{"lineNumber":32,"author":{"gitId":"Elliott-Han-YuGeng"},"content":"    }","lastModifiedDate":"2024-04-18"},{"lineNumber":33,"author":{"gitId":"Elliott-Han-YuGeng"},"content":"","lastModifiedDate":"2024-04-18"},{"lineNumber":34,"author":{"gitId":"Elliott-Han-YuGeng"},"content":"    public static void addtoList(Task[] ss, String s) {","lastModifiedDate":"2024-04-18"},{"lineNumber":35,"author":{"gitId":"Elliott-Han-YuGeng"},"content":"        ss[loc] \u003d new Task(s);","lastModifiedDate":"2024-04-18"},{"lineNumber":36,"author":{"gitId":"Elliott-Han-YuGeng"},"content":"        System.out.println(\"added: \" + s);","lastModifiedDate":"2024-04-17"},{"lineNumber":37,"author":{"gitId":"Elliott-Han-YuGeng"},"content":"        loc++;","lastModifiedDate":"2024-04-17"},{"lineNumber":38,"author":{"gitId":"Elliott-Han-YuGeng"},"content":"    }","lastModifiedDate":"2024-04-17"},{"lineNumber":39,"author":{"gitId":"Elliott-Han-YuGeng"},"content":"","lastModifiedDate":"2024-04-17"},{"lineNumber":40,"author":{"gitId":"Elliott-Han-YuGeng"},"content":"    public static void printList(Task[] ss) {","lastModifiedDate":"2024-04-18"},{"lineNumber":41,"author":{"gitId":"Elliott-Han-YuGeng"},"content":"        for (int i \u003d 0; i \u003c loc; i++) {","lastModifiedDate":"2024-04-17"},{"lineNumber":42,"author":{"gitId":"Elliott-Han-YuGeng"},"content":"            Task t \u003d ss[i];","lastModifiedDate":"2024-04-18"},{"lineNumber":43,"author":{"gitId":"Elliott-Han-YuGeng"},"content":"            System.out.println(i+1 + \".\" + t.getStatusIcon() + t.getDescription());","lastModifiedDate":"2024-04-18"},{"lineNumber":44,"author":{"gitId":"Elliott-Han-YuGeng"},"content":"        }","lastModifiedDate":"2024-04-17"},{"lineNumber":45,"author":{"gitId":"Elliott-Han-YuGeng"},"content":"    }","lastModifiedDate":"2024-04-17"},{"lineNumber":46,"author":{"gitId":"Elliott-Han-YuGeng"},"content":"","lastModifiedDate":"2024-04-17"},{"lineNumber":47,"author":{"gitId":"Elliott-Han-YuGeng"},"content":"    public static void exit() {","lastModifiedDate":"2024-04-17"},{"lineNumber":48,"author":{"gitId":"Elliott-Han-YuGeng"},"content":"        System.out.println(\"Bye. Hope to see you again soon!\");","lastModifiedDate":"2024-04-17"},{"lineNumber":49,"author":{"gitId":"Elliott-Han-YuGeng"},"content":"    }","lastModifiedDate":"2024-04-17"},{"lineNumber":50,"author":{"gitId":"Elliott-Han-YuGeng"},"content":"","lastModifiedDate":"2024-04-17"},{"lineNumber":51,"author":{"gitId":"Elliott-Han-YuGeng"},"content":"//  ---------- Main Funciton --------------------------------------------------------","lastModifiedDate":"2024-04-17"},{"lineNumber":52,"author":{"gitId":"Elliott-Han-YuGeng"},"content":"","lastModifiedDate":"2024-04-17"},{"lineNumber":53,"author":{"gitId":"Elliott-Han-YuGeng"},"content":"    public static void main(String[] args) {","lastModifiedDate":"2024-04-17"},{"lineNumber":54,"author":{"gitId":"Elliott-Han-YuGeng"},"content":"        start();","lastModifiedDate":"2024-04-17"},{"lineNumber":55,"author":{"gitId":"Elliott-Han-YuGeng"},"content":"","lastModifiedDate":"2024-04-17"},{"lineNumber":56,"author":{"gitId":"Elliott-Han-YuGeng"},"content":"        userInput();","lastModifiedDate":"2024-04-18"},{"lineNumber":57,"author":{"gitId":"Elliott-Han-YuGeng"},"content":"","lastModifiedDate":"2024-04-17"},{"lineNumber":58,"author":{"gitId":"Elliott-Han-YuGeng"},"content":"//      Dialog","lastModifiedDate":"2024-04-18"},{"lineNumber":59,"author":{"gitId":"Elliott-Han-YuGeng"},"content":"        while(!line.equalsIgnoreCase(\"bye\")) {","lastModifiedDate":"2024-04-18"},{"lineNumber":60,"author":{"gitId":"Elliott-Han-YuGeng"},"content":"            if (line.equalsIgnoreCase(\"list\")) {","lastModifiedDate":"2024-04-18"},{"lineNumber":61,"author":{"gitId":"Elliott-Han-YuGeng"},"content":"                printList(todoList);","lastModifiedDate":"2024-04-17"},{"lineNumber":62,"author":{"gitId":"Elliott-Han-YuGeng"},"content":"            } else if (lineLength\u003d\u003d2 \u0026\u0026 l1.equals(\"mark\") \u0026\u0026 l2!\u003d0) {","lastModifiedDate":"2024-04-18"},{"lineNumber":63,"author":{"gitId":"Elliott-Han-YuGeng"},"content":"                todoList[l2 - 1].markAsDone();","lastModifiedDate":"2024-04-18"},{"lineNumber":64,"author":{"gitId":"Elliott-Han-YuGeng"},"content":"            } else if (lineLength\u003d\u003d2 \u0026\u0026 l1.equals(\"unmark\") \u0026\u0026 l2!\u003d0) {","lastModifiedDate":"2024-04-18"},{"lineNumber":65,"author":{"gitId":"Elliott-Han-YuGeng"},"content":"                todoList[l2 - 1].markAsNotDone();","lastModifiedDate":"2024-04-18"},{"lineNumber":66,"author":{"gitId":"Elliott-Han-YuGeng"},"content":"            } else {","lastModifiedDate":"2024-04-17"},{"lineNumber":67,"author":{"gitId":"Elliott-Han-YuGeng"},"content":"                addtoList(todoList, line);","lastModifiedDate":"2024-04-17"},{"lineNumber":68,"author":{"gitId":"Elliott-Han-YuGeng"},"content":"            }","lastModifiedDate":"2024-04-17"},{"lineNumber":69,"author":{"gitId":"Elliott-Han-YuGeng"},"content":"            userInput();","lastModifiedDate":"2024-04-18"},{"lineNumber":70,"author":{"gitId":"Elliott-Han-YuGeng"},"content":"        }","lastModifiedDate":"2024-04-17"},{"lineNumber":71,"author":{"gitId":"Elliott-Han-YuGeng"},"content":"","lastModifiedDate":"2024-04-17"},{"lineNumber":72,"author":{"gitId":"Elliott-Han-YuGeng"},"content":"        exit();","lastModifiedDate":"2024-04-17"},{"lineNumber":73,"author":{"gitId":"Elliott-Han-YuGeng"},"content":"    }","lastModifiedDate":"2024-04-17"},{"lineNumber":74,"author":{"gitId":"Elliott-Han-YuGeng"},"content":"}","lastModifiedDate":"2024-04-17"}],"authorContributionMap":{"Elliott-Han-YuGeng":74}},{"path":"src/main/java/Task.java","fileType":"java","lines":[{"lineNumber":1,"author":{"gitId":"Elliott-Han-YuGeng"},"content":"public class Task {","lastModifiedDate":"2024-04-18"},{"lineNumber":2,"author":{"gitId":"Elliott-Han-YuGeng"},"content":"    protected String description;","lastModifiedDate":"2024-04-18"},{"lineNumber":3,"author":{"gitId":"Elliott-Han-YuGeng"},"content":"    protected boolean isDone;","lastModifiedDate":"2024-04-18"},{"lineNumber":4,"author":{"gitId":"Elliott-Han-YuGeng"},"content":"","lastModifiedDate":"2024-04-18"},{"lineNumber":5,"author":{"gitId":"Elliott-Han-YuGeng"},"content":"    public Task(String description) {","lastModifiedDate":"2024-04-18"},{"lineNumber":6,"author":{"gitId":"Elliott-Han-YuGeng"},"content":"        this.description \u003d description;","lastModifiedDate":"2024-04-18"},{"lineNumber":7,"author":{"gitId":"Elliott-Han-YuGeng"},"content":"        this.isDone \u003d false;","lastModifiedDate":"2024-04-18"},{"lineNumber":8,"author":{"gitId":"Elliott-Han-YuGeng"},"content":"    }","lastModifiedDate":"2024-04-18"},{"lineNumber":9,"author":{"gitId":"Elliott-Han-YuGeng"},"content":"","lastModifiedDate":"2024-04-18"},{"lineNumber":10,"author":{"gitId":"Elliott-Han-YuGeng"},"content":"    public String getDescription() {","lastModifiedDate":"2024-04-18"},{"lineNumber":11,"author":{"gitId":"Elliott-Han-YuGeng"},"content":"        return description;","lastModifiedDate":"2024-04-18"},{"lineNumber":12,"author":{"gitId":"Elliott-Han-YuGeng"},"content":"    }","lastModifiedDate":"2024-04-18"},{"lineNumber":13,"author":{"gitId":"Elliott-Han-YuGeng"},"content":"","lastModifiedDate":"2024-04-18"},{"lineNumber":14,"author":{"gitId":"Elliott-Han-YuGeng"},"content":"    public String getStatusIcon() {","lastModifiedDate":"2024-04-18"},{"lineNumber":15,"author":{"gitId":"Elliott-Han-YuGeng"},"content":"        return (isDone ? \"[X] \" : \"[ ] \"); // mark done task with X","lastModifiedDate":"2024-04-18"},{"lineNumber":16,"author":{"gitId":"Elliott-Han-YuGeng"},"content":"    }","lastModifiedDate":"2024-04-18"},{"lineNumber":17,"author":{"gitId":"Elliott-Han-YuGeng"},"content":"","lastModifiedDate":"2024-04-18"},{"lineNumber":18,"author":{"gitId":"Elliott-Han-YuGeng"},"content":"    public void markAsDone(){","lastModifiedDate":"2024-04-18"},{"lineNumber":19,"author":{"gitId":"Elliott-Han-YuGeng"},"content":"        isDone \u003d true;","lastModifiedDate":"2024-04-18"},{"lineNumber":20,"author":{"gitId":"Elliott-Han-YuGeng"},"content":"        System.out.println(\"Nice! I\u0027ve marked this task as done:\\n\"","lastModifiedDate":"2024-04-18"},{"lineNumber":21,"author":{"gitId":"Elliott-Han-YuGeng"},"content":"                         + \"  [X] \" + this.description);","lastModifiedDate":"2024-04-18"},{"lineNumber":22,"author":{"gitId":"Elliott-Han-YuGeng"},"content":"    }","lastModifiedDate":"2024-04-18"},{"lineNumber":23,"author":{"gitId":"Elliott-Han-YuGeng"},"content":"","lastModifiedDate":"2024-04-18"},{"lineNumber":24,"author":{"gitId":"Elliott-Han-YuGeng"},"content":"    public void markAsNotDone(){","lastModifiedDate":"2024-04-18"},{"lineNumber":25,"author":{"gitId":"Elliott-Han-YuGeng"},"content":"        isDone \u003d false;","lastModifiedDate":"2024-04-18"},{"lineNumber":26,"author":{"gitId":"Elliott-Han-YuGeng"},"content":"        System.out.println(\"OK, I\u0027ve marked this task as not done yet:\\n\"","lastModifiedDate":"2024-04-18"},{"lineNumber":27,"author":{"gitId":"Elliott-Han-YuGeng"},"content":"                + \"  [ ] \" + this.description);","lastModifiedDate":"2024-04-18"},{"lineNumber":28,"author":{"gitId":"Elliott-Han-YuGeng"},"content":"    }","lastModifiedDate":"2024-04-18"},{"lineNumber":29,"author":{"gitId":"Elliott-Han-YuGeng"},"content":"}","lastModifiedDate":"2024-04-18"}],"authorContributionMap":{"Elliott-Han-YuGeng":29}},{"path":"text-ui-test/runtest.bat","fileType":"bat","lines":[{"lineNumber":1,"author":{"gitId":"-"},"content":"@ECHO OFF","lastModifiedDate":"2020-05-25"},{"lineNumber":2,"author":{"gitId":"-"},"content":"","lastModifiedDate":"2020-05-25"},{"lineNumber":3,"author":{"gitId":"-"},"content":"REM create bin directory if it doesn\u0027t exist","lastModifiedDate":"2020-05-25"},{"lineNumber":4,"author":{"gitId":"-"},"content":"if not exist ..\\bin mkdir ..\\bin","lastModifiedDate":"2020-05-25"},{"lineNumber":5,"author":{"gitId":"-"},"content":"","lastModifiedDate":"2020-05-25"},{"lineNumber":6,"author":{"gitId":"-"},"content":"REM delete output from previous run","lastModifiedDate":"2020-05-25"},{"lineNumber":7,"author":{"gitId":"-"},"content":"if exist ACTUAL.TXT del ACTUAL.TXT","lastModifiedDate":"2020-08-25"},{"lineNumber":8,"author":{"gitId":"-"},"content":"","lastModifiedDate":"2020-05-25"},{"lineNumber":9,"author":{"gitId":"-"},"content":"REM compile the code into the bin folder","lastModifiedDate":"2020-05-25"},{"lineNumber":10,"author":{"gitId":"-"},"content":"javac  -cp ..\\src\\main\\java -Xlint:none -d ..\\bin ..\\src\\main\\java\\*.java","lastModifiedDate":"2020-08-25"},{"lineNumber":11,"author":{"gitId":"-"},"content":"IF ERRORLEVEL 1 (","lastModifiedDate":"2020-05-25"},{"lineNumber":12,"author":{"gitId":"-"},"content":"    echo ********** BUILD FAILURE **********","lastModifiedDate":"2020-05-25"},{"lineNumber":13,"author":{"gitId":"-"},"content":"    exit /b 1","lastModifiedDate":"2020-05-25"},{"lineNumber":14,"author":{"gitId":"-"},"content":")","lastModifiedDate":"2020-05-25"},{"lineNumber":15,"author":{"gitId":"-"},"content":"REM no error here, errorlevel \u003d\u003d 0","lastModifiedDate":"2020-05-25"},{"lineNumber":16,"author":{"gitId":"-"},"content":"","lastModifiedDate":"2020-05-25"},{"lineNumber":17,"author":{"gitId":"-"},"content":"REM run the program, feed commands from input.txt file and redirect the output to the ACTUAL.TXT","lastModifiedDate":"2020-05-25"},{"lineNumber":18,"author":{"gitId":"Elliott-Han-YuGeng"},"content":"java -classpath ..\\bin Rolling \u003c input.txt \u003e ACTUAL.TXT","lastModifiedDate":"2024-04-17"},{"lineNumber":19,"author":{"gitId":"-"},"content":"","lastModifiedDate":"2020-05-25"},{"lineNumber":20,"author":{"gitId":"-"},"content":"REM compare the output to the expected output","lastModifiedDate":"2020-05-25"},{"lineNumber":21,"author":{"gitId":"-"},"content":"FC ACTUAL.TXT EXPECTED.TXT","lastModifiedDate":"2020-05-25"}],"authorContributionMap":{"Elliott-Han-YuGeng":1,"-":20}}]
