{"authorDailyContributionsMap":{"Elliott-Han-YuGeng":[{"date":"2024-04-17","commitResults":[{"hash":"1f776ced0b271af11fffa439478fb03741335897","isMergeCommit":false,"messageTitle":"Rename and add Rolling.java","messageBody":"","tags":["Level-0"],"fileTypesAndContributionMap":{"java":{"insertions":11,"deletions":10},"bat":{"insertions":1,"deletions":1},"md":{"insertions":1,"deletions":1}}},{"hash":"9e5e95085cad13e1aa58a3f36c6f2ee8d58b80a4","isMergeCommit":false,"messageTitle":"Level 1. Echo","messageBody":"","tags":["Level-1"],"fileTypesAndContributionMap":{"java":{"insertions":18,"deletions":6}}},{"hash":"16fc2d8e22c5b66625f5938a3c49e161ea63d47c","isMergeCommit":false,"messageTitle":"Level-2: Add, List","messageBody":"","tags":["Level-2"],"fileTypesAndContributionMap":{"java":{"insertions":38,"deletions":8}}}]},{"date":"2024-04-18","commitResults":[{"hash":"c5e8b3e78d75e68fd1a83adf1c9aeed70872b2d8","isMergeCommit":false,"messageTitle":"Level-3: Mark as Done","messageBody":"","tags":["Level-3"],"fileTypesAndContributionMap":{"java":{"insertions":65,"deletions":15}}}]},{"date":"2024-04-19","commitResults":[{"hash":"f94c69af38cfc4333389f47bb868389a28f04743","isMergeCommit":false,"messageTitle":"Level 4. ToDos, Events, Deadlines","messageBody":"","tags":["Level-4"],"fileTypesAndContributionMap":{"java":{"insertions":97,"deletions":20}}}]},{"date":"2024-04-20","commitResults":[{"hash":"878d3b7860b5db40fdce7b63e24b4405b2339697","isMergeCommit":false,"messageTitle":"Level-5: Handle Errors","messageBody":"","tags":["Level-5"],"fileTypesAndContributionMap":{"java":{"insertions":146,"deletions":28}}},{"hash":"113d2e0b2490aedd579e7a457ab4785c99f552db","isMergeCommit":false,"messageTitle":"Level-6: Delete","messageBody":"","tags":["Level-6"],"fileTypesAndContributionMap":{"java":{"insertions":56,"deletions":51}}},{"hash":"f781cfe2b2129ced2166a9628decf386316f7b6d","isMergeCommit":false,"messageTitle":"A-Enums","messageBody":"","tags":["A-Enums"],"fileTypesAndContributionMap":{"java":{"insertions":35,"deletions":19}}}]},{"date":"2024-04-21","commitResults":[{"hash":"a95316e84183e4eddc2ad9cfad8127ec81d2df0c","isMergeCommit":false,"messageTitle":"Level-7: Save","messageBody":"","fileTypesAndContributionMap":{"txt":{"insertions":4,"deletions":0},"java":{"insertions":173,"deletions":9}}},{"hash":"95db4d42f53c96d2fa446ed0a936d5a991c4080d","isMergeCommit":false,"messageTitle":"A-MoreOOP: More OOP","messageBody":"","fileTypesAndContributionMap":{"txt":{"insertions":1,"deletions":1},"java":{"insertions":320,"deletions":206}}},{"hash":"c12f5ab300559f919e7906b7158b33255422c8b7","isMergeCommit":false,"messageTitle":"A-Packages: Java Packages","messageBody":"","fileTypesAndContributionMap":{"java":{"insertions":47,"deletions":2}}}]}]},"authorFileTypeContributionMap":{"Elliott-Han-YuGeng":{"java":642,"md":1,"fxml":0,"sh":0,"bat":1,"gradle":0,"txt":4}},"authorContributionVariance":{"Elliott-Han-YuGeng":7181.558},"authorDisplayNameMap":{"Elliott-Han-YuGeng":"HAN ..GENG"}}
