{"authorDailyContributionsMap":{"Elliott-Han-YuGeng":[{"date":"2024-04-17","commitResults":[{"hash":"1f776ced0b271af11fffa439478fb03741335897","isMergeCommit":false,"messageTitle":"Rename and add Rolling.java","messageBody":"","tags":["Level-0"],"fileTypesAndContributionMap":{"java":{"insertions":11,"deletions":10},"bat":{"insertions":1,"deletions":1},"md":{"insertions":1,"deletions":1}}},{"hash":"9e5e95085cad13e1aa58a3f36c6f2ee8d58b80a4","isMergeCommit":false,"messageTitle":"Level 1. Echo","messageBody":"","tags":["Level-1"],"fileTypesAndContributionMap":{"java":{"insertions":18,"deletions":6}}},{"hash":"16fc2d8e22c5b66625f5938a3c49e161ea63d47c","isMergeCommit":false,"messageTitle":"Level-2: Add, List","messageBody":"","tags":["Level-2"],"fileTypesAndContributionMap":{"java":{"insertions":38,"deletions":8}}}]},{"date":"2024-04-18","commitResults":[{"hash":"c5e8b3e78d75e68fd1a83adf1c9aeed70872b2d8","isMergeCommit":false,"messageTitle":"Level-3: Mark as Done","messageBody":"","tags":["Level-3"],"fileTypesAndContributionMap":{"java":{"insertions":65,"deletions":15}}}]}]},"authorFileTypeContributionMap":{"Elliott-Han-YuGeng":{"java":103,"md":1,"fxml":0,"sh":0,"bat":1,"gradle":0,"txt":0}},"authorContributionVariance":{"Elliott-Han-YuGeng":158.97508},"authorDisplayNameMap":{"Elliott-Han-YuGeng":"HAN ..GENG"}}
