{"authorDailyContributionsMap":{"Elliott-Han-YuGeng":[{"date":"2024-04-17","commitResults":[{"hash":"1f776ced0b271af11fffa439478fb03741335897","isMergeCommit":false,"messageTitle":"Rename and add Rolling.java","messageBody":"","tags":["Level-0"],"fileTypesAndContributionMap":{"java":{"insertions":11,"deletions":10},"bat":{"insertions":1,"deletions":1},"md":{"insertions":1,"deletions":1}}},{"hash":"9e5e95085cad13e1aa58a3f36c6f2ee8d58b80a4","isMergeCommit":false,"messageTitle":"Level 1. Echo","messageBody":"","tags":["Level-1"],"fileTypesAndContributionMap":{"java":{"insertions":18,"deletions":6}}}]}]},"authorFileTypeContributionMap":{"Elliott-Han-YuGeng":{"java":23,"md":1,"fxml":0,"sh":0,"bat":1,"gradle":0,"txt":0}},"authorContributionVariance":{"Elliott-Han-YuGeng":25.270823},"authorDisplayNameMap":{"Elliott-Han-YuGeng":"HAN ..GENG"}}
