[{"path":"src/main/java/Commands.java","fileType":"java","lines":[{"lineNumber":1,"author":{"gitId":"sbkiang"},"content":"public class Commands {","lastModifiedDate":"2024-03-09"},{"lineNumber":2,"author":{"gitId":"sbkiang"},"content":"    enum CMD{","lastModifiedDate":"2024-03-09"},{"lineNumber":3,"author":{"gitId":"sbkiang"},"content":"        LIST, TODO, EVENT, DEADLINE, DELETE, MARK, UNMARK, BYE","lastModifiedDate":"2024-03-09"},{"lineNumber":4,"author":{"gitId":"sbkiang"},"content":"    }","lastModifiedDate":"2024-03-09"},{"lineNumber":5,"author":{"gitId":"sbkiang"},"content":"}","lastModifiedDate":"2024-03-09"}],"authorContributionMap":{"sbkiang":5}},{"path":"src/main/java/Duke.java","fileType":"java","lines":[{"lineNumber":1,"author":{"gitId":"sbkiang"},"content":"import Parse.ParseCommand;","lastModifiedDate":"2024-02-17"},{"lineNumber":2,"author":{"gitId":"sbkiang"},"content":"import Task.TaskList;","lastModifiedDate":"2024-02-17"},{"lineNumber":3,"author":{"gitId":"sbkiang"},"content":"import Exception.DukeException;","lastModifiedDate":"2024-03-09"},{"lineNumber":4,"author":{"gitId":"sbkiang"},"content":"","lastModifiedDate":"2024-03-09"},{"lineNumber":5,"author":{"gitId":"sbkiang"},"content":"","lastModifiedDate":"2024-02-17"},{"lineNumber":6,"author":{"gitId":"sbkiang"},"content":"import java.util.Scanner;","lastModifiedDate":"2024-01-30"},{"lineNumber":7,"author":{"gitId":"sbkiang"},"content":"import static common.Logo.LOGO;","lastModifiedDate":"2024-02-15"},{"lineNumber":8,"author":{"gitId":"sbkiang"},"content":"","lastModifiedDate":"2024-01-31"},{"lineNumber":9,"author":{"gitId":"-"},"content":"public class Duke {","lastModifiedDate":"2019-07-29"},{"lineNumber":10,"author":{"gitId":"sbkiang"},"content":"    private static final String LINE \u003d \"-------------------------------------------------\";","lastModifiedDate":"2024-02-15"},{"lineNumber":11,"author":{"gitId":"sbkiang"},"content":"","lastModifiedDate":"2024-02-17"},{"lineNumber":12,"author":{"gitId":"sbkiang"},"content":"    private static void start() throws DukeException {","lastModifiedDate":"2024-03-09"},{"lineNumber":13,"author":{"gitId":"sbkiang"},"content":"","lastModifiedDate":"2024-03-09"},{"lineNumber":14,"author":{"gitId":"sbkiang"},"content":"        TaskList task \u003d new TaskList();","lastModifiedDate":"2024-02-15"},{"lineNumber":15,"author":{"gitId":"sbkiang"},"content":"        Scanner input \u003d new Scanner(System.in);","lastModifiedDate":"2024-03-09"},{"lineNumber":16,"author":{"gitId":"sbkiang"},"content":"        String userInput \u003d null;","lastModifiedDate":"2024-03-09"},{"lineNumber":17,"author":{"gitId":"sbkiang"},"content":"","lastModifiedDate":"2024-03-09"},{"lineNumber":18,"author":{"gitId":"sbkiang"},"content":"","lastModifiedDate":"2024-02-04"},{"lineNumber":19,"author":{"gitId":"sbkiang"},"content":"        System.out.println(LOGO);","lastModifiedDate":"2024-02-15"},{"lineNumber":20,"author":{"gitId":"sbkiang"},"content":"        System.out.println(\"Hello! I\u0027m TrackMe\");","lastModifiedDate":"2024-01-30"},{"lineNumber":21,"author":{"gitId":"sbkiang"},"content":"        System.out.println(\"What can I do for you?\");","lastModifiedDate":"2024-01-30"},{"lineNumber":22,"author":{"gitId":"sbkiang"},"content":"        System.out.println(LINE);","lastModifiedDate":"2024-02-15"},{"lineNumber":23,"author":{"gitId":"sbkiang"},"content":"","lastModifiedDate":"2024-01-31"},{"lineNumber":24,"author":{"gitId":"sbkiang"},"content":"        while(true) {","lastModifiedDate":"2024-01-30"},{"lineNumber":25,"author":{"gitId":"sbkiang"},"content":"","lastModifiedDate":"2024-01-30"},{"lineNumber":26,"author":{"gitId":"sbkiang"},"content":"            try{","lastModifiedDate":"2024-03-09"},{"lineNumber":27,"author":{"gitId":"sbkiang"},"content":"                userInput \u003d input.nextLine();","lastModifiedDate":"2024-03-09"},{"lineNumber":28,"author":{"gitId":"sbkiang"},"content":"","lastModifiedDate":"2024-03-09"},{"lineNumber":29,"author":{"gitId":"sbkiang"},"content":"                //if the input is empty","lastModifiedDate":"2024-03-09"},{"lineNumber":30,"author":{"gitId":"sbkiang"},"content":"                if(userInput.isEmpty()){","lastModifiedDate":"2024-03-09"},{"lineNumber":31,"author":{"gitId":"sbkiang"},"content":"                    throw new DukeException(\"Please enter the task command!\\n\" + LINE);","lastModifiedDate":"2024-03-09"},{"lineNumber":32,"author":{"gitId":"sbkiang"},"content":"                }","lastModifiedDate":"2024-01-31"},{"lineNumber":33,"author":{"gitId":"sbkiang"},"content":"","lastModifiedDate":"2024-01-30"},{"lineNumber":34,"author":{"gitId":"sbkiang"},"content":"                System.out.println(LINE);","lastModifiedDate":"2024-03-09"},{"lineNumber":35,"author":{"gitId":"sbkiang"},"content":"","lastModifiedDate":"2024-03-09"},{"lineNumber":36,"author":{"gitId":"sbkiang"},"content":"                ParseCommand parseCommand \u003d new ParseCommand(userInput);","lastModifiedDate":"2024-03-09"},{"lineNumber":37,"author":{"gitId":"sbkiang"},"content":"","lastModifiedDate":"2024-03-09"},{"lineNumber":38,"author":{"gitId":"sbkiang"},"content":"                Commands.CMD userCMD \u003d Commands.CMD.valueOf(parseCommand.mainCommand());","lastModifiedDate":"2024-03-09"},{"lineNumber":39,"author":{"gitId":"sbkiang"},"content":"","lastModifiedDate":"2024-03-09"},{"lineNumber":40,"author":{"gitId":"sbkiang"},"content":"                String arg;","lastModifiedDate":"2024-03-09"},{"lineNumber":41,"author":{"gitId":"sbkiang"},"content":"                String [] parsedInput;","lastModifiedDate":"2024-02-17"},{"lineNumber":42,"author":{"gitId":"sbkiang"},"content":"","lastModifiedDate":"2024-01-31"},{"lineNumber":43,"author":{"gitId":"sbkiang"},"content":"                switch (userCMD){","lastModifiedDate":"2024-03-09"},{"lineNumber":44,"author":{"gitId":"sbkiang"},"content":"                    case LIST:","lastModifiedDate":"2024-03-09"},{"lineNumber":45,"author":{"gitId":"sbkiang"},"content":"                        task.listTasks();","lastModifiedDate":"2024-02-15"},{"lineNumber":46,"author":{"gitId":"sbkiang"},"content":"                        break;","lastModifiedDate":"2024-03-09"},{"lineNumber":47,"author":{"gitId":"sbkiang"},"content":"                    case TODO:","lastModifiedDate":"2024-03-09"},{"lineNumber":48,"author":{"gitId":"sbkiang"},"content":"                        arg \u003d parseCommand.TodoCommand();","lastModifiedDate":"2024-02-17"},{"lineNumber":49,"author":{"gitId":"sbkiang"},"content":"                        task.toDoTask(arg);","lastModifiedDate":"2024-02-17"},{"lineNumber":50,"author":{"gitId":"sbkiang"},"content":"                        break;","lastModifiedDate":"2024-03-09"},{"lineNumber":51,"author":{"gitId":"sbkiang"},"content":"                    case EVENT:","lastModifiedDate":"2024-03-09"},{"lineNumber":52,"author":{"gitId":"sbkiang"},"content":"                        parsedInput \u003d parseCommand.EventCommand();","lastModifiedDate":"2024-03-09"},{"lineNumber":53,"author":{"gitId":"sbkiang"},"content":"                        task.eventTask(parsedInput[0], parsedInput[1], parsedInput[2]);","lastModifiedDate":"2024-03-09"},{"lineNumber":54,"author":{"gitId":"sbkiang"},"content":"                        break;","lastModifiedDate":"2024-03-09"},{"lineNumber":55,"author":{"gitId":"sbkiang"},"content":"                    case DEADLINE:","lastModifiedDate":"2024-03-09"},{"lineNumber":56,"author":{"gitId":"sbkiang"},"content":"                        parsedInput \u003d parseCommand.DeadlineCommand();","lastModifiedDate":"2024-02-17"},{"lineNumber":57,"author":{"gitId":"sbkiang"},"content":"                        task.deadlineTask(parsedInput[0], parsedInput[1]);","lastModifiedDate":"2024-02-17"},{"lineNumber":58,"author":{"gitId":"sbkiang"},"content":"                        break;","lastModifiedDate":"2024-03-09"},{"lineNumber":59,"author":{"gitId":"sbkiang"},"content":"                    case MARK:","lastModifiedDate":"2024-03-09"},{"lineNumber":60,"author":{"gitId":"sbkiang"},"content":"                        task.markTaskAsDone(Integer.parseInt(parseCommand.indexCommand()) - 1);","lastModifiedDate":"2024-03-09"},{"lineNumber":61,"author":{"gitId":"sbkiang"},"content":"                        break;","lastModifiedDate":"2024-03-09"},{"lineNumber":62,"author":{"gitId":"sbkiang"},"content":"                    case UNMARK:","lastModifiedDate":"2024-03-09"},{"lineNumber":63,"author":{"gitId":"sbkiang"},"content":"                        task.unmarkTaskAsDone(Integer.parseInt(parseCommand.indexCommand()) - 1);","lastModifiedDate":"2024-03-09"},{"lineNumber":64,"author":{"gitId":"sbkiang"},"content":"                        break;","lastModifiedDate":"2024-03-09"},{"lineNumber":65,"author":{"gitId":"sbkiang"},"content":"                    case DELETE:","lastModifiedDate":"2024-03-09"},{"lineNumber":66,"author":{"gitId":"sbkiang"},"content":"                        task.deleteTask(Integer.parseInt(parseCommand.indexCommand()) - 1);","lastModifiedDate":"2024-03-09"},{"lineNumber":67,"author":{"gitId":"sbkiang"},"content":"                        break;","lastModifiedDate":"2024-03-09"},{"lineNumber":68,"author":{"gitId":"sbkiang"},"content":"                    case BYE:","lastModifiedDate":"2024-03-09"},{"lineNumber":69,"author":{"gitId":"sbkiang"},"content":"                        task.endTaskProgram();","lastModifiedDate":"2024-03-09"},{"lineNumber":70,"author":{"gitId":"sbkiang"},"content":"                        break;","lastModifiedDate":"2024-03-09"},{"lineNumber":71,"author":{"gitId":"sbkiang"},"content":"                }","lastModifiedDate":"2024-02-15"},{"lineNumber":72,"author":{"gitId":"sbkiang"},"content":"","lastModifiedDate":"2024-03-09"},{"lineNumber":73,"author":{"gitId":"sbkiang"},"content":"                System.out.println(LINE);","lastModifiedDate":"2024-03-09"},{"lineNumber":74,"author":{"gitId":"sbkiang"},"content":"","lastModifiedDate":"2024-03-09"},{"lineNumber":75,"author":{"gitId":"sbkiang"},"content":"            }","lastModifiedDate":"2024-02-04"},{"lineNumber":76,"author":{"gitId":"sbkiang"},"content":"            catch (DukeException e){","lastModifiedDate":"2024-03-09"},{"lineNumber":77,"author":{"gitId":"sbkiang"},"content":"                System.out.println(e.getMessage());","lastModifiedDate":"2024-03-09"},{"lineNumber":78,"author":{"gitId":"sbkiang"},"content":"            }","lastModifiedDate":"2024-01-31"},{"lineNumber":79,"author":{"gitId":"sbkiang"},"content":"            catch (IllegalArgumentException e){","lastModifiedDate":"2024-03-09"},{"lineNumber":80,"author":{"gitId":"sbkiang"},"content":"                System.out.println(\"Incorrect Command: \" + userInput);","lastModifiedDate":"2024-03-09"},{"lineNumber":81,"author":{"gitId":"sbkiang"},"content":"                System.out.println(LINE);","lastModifiedDate":"2024-03-09"},{"lineNumber":82,"author":{"gitId":"sbkiang"},"content":"            }","lastModifiedDate":"2024-01-30"},{"lineNumber":83,"author":{"gitId":"sbkiang"},"content":"","lastModifiedDate":"2024-01-30"},{"lineNumber":84,"author":{"gitId":"sbkiang"},"content":"        }","lastModifiedDate":"2024-03-09"},{"lineNumber":85,"author":{"gitId":"sbkiang"},"content":"    }","lastModifiedDate":"2024-01-31"},{"lineNumber":86,"author":{"gitId":"sbkiang"},"content":"","lastModifiedDate":"2024-01-30"},{"lineNumber":87,"author":{"gitId":"-"},"content":"    public static void main(String[] args) {","lastModifiedDate":"2024-03-09"},{"lineNumber":88,"author":{"gitId":"sbkiang"},"content":"        try {","lastModifiedDate":"2024-03-09"},{"lineNumber":89,"author":{"gitId":"sbkiang"},"content":"            Duke.start();","lastModifiedDate":"2024-03-09"},{"lineNumber":90,"author":{"gitId":"sbkiang"},"content":"        } catch (DukeException e) {","lastModifiedDate":"2024-03-09"},{"lineNumber":91,"author":{"gitId":"sbkiang"},"content":"            throw new RuntimeException(e);","lastModifiedDate":"2024-03-09"},{"lineNumber":92,"author":{"gitId":"sbkiang"},"content":"        }","lastModifiedDate":"2024-01-30"},{"lineNumber":93,"author":{"gitId":"-"},"content":"    }","lastModifiedDate":"2019-07-29"},{"lineNumber":94,"author":{"gitId":"-"},"content":"}","lastModifiedDate":"2019-07-29"}],"authorContributionMap":{"sbkiang":90,"-":4}},{"path":"src/main/java/Exception/DukeException.java","fileType":"java","lines":[{"lineNumber":1,"author":{"gitId":"sbkiang"},"content":"package Exception;","lastModifiedDate":"2024-03-09"},{"lineNumber":2,"author":{"gitId":"sbkiang"},"content":"","lastModifiedDate":"2024-03-09"},{"lineNumber":3,"author":{"gitId":"sbkiang"},"content":"public class DukeException extends Exception {","lastModifiedDate":"2024-03-09"},{"lineNumber":4,"author":{"gitId":"sbkiang"},"content":"","lastModifiedDate":"2024-03-09"},{"lineNumber":5,"author":{"gitId":"sbkiang"},"content":"    public DukeException(String message){","lastModifiedDate":"2024-03-09"},{"lineNumber":6,"author":{"gitId":"sbkiang"},"content":"        super(message);","lastModifiedDate":"2024-03-09"},{"lineNumber":7,"author":{"gitId":"sbkiang"},"content":"    }","lastModifiedDate":"2024-03-09"},{"lineNumber":8,"author":{"gitId":"sbkiang"},"content":"","lastModifiedDate":"2024-03-09"},{"lineNumber":9,"author":{"gitId":"sbkiang"},"content":"}","lastModifiedDate":"2024-03-09"}],"authorContributionMap":{"sbkiang":9}},{"path":"src/main/java/Parse/ParseCommand.java","fileType":"java","lines":[{"lineNumber":1,"author":{"gitId":"sbkiang"},"content":"package Parse;","lastModifiedDate":"2024-02-17"},{"lineNumber":2,"author":{"gitId":"sbkiang"},"content":"","lastModifiedDate":"2024-02-17"},{"lineNumber":3,"author":{"gitId":"sbkiang"},"content":"import java.util.regex.Matcher;","lastModifiedDate":"2024-02-17"},{"lineNumber":4,"author":{"gitId":"sbkiang"},"content":"import java.util.regex.Pattern;","lastModifiedDate":"2024-02-17"},{"lineNumber":5,"author":{"gitId":"sbkiang"},"content":"","lastModifiedDate":"2024-02-17"},{"lineNumber":6,"author":{"gitId":"sbkiang"},"content":"public class ParseCommand {","lastModifiedDate":"2024-02-17"},{"lineNumber":7,"author":{"gitId":"sbkiang"},"content":"","lastModifiedDate":"2024-02-17"},{"lineNumber":8,"author":{"gitId":"sbkiang"},"content":"    private String inputCommands;","lastModifiedDate":"2024-02-17"},{"lineNumber":9,"author":{"gitId":"sbkiang"},"content":"    private String cmd, arg, by, from, to, idx;","lastModifiedDate":"2024-03-09"},{"lineNumber":10,"author":{"gitId":"sbkiang"},"content":"","lastModifiedDate":"2024-02-17"},{"lineNumber":11,"author":{"gitId":"sbkiang"},"content":"    public ParseCommand(String inputCommands){","lastModifiedDate":"2024-02-17"},{"lineNumber":12,"author":{"gitId":"sbkiang"},"content":"        this.inputCommands \u003d inputCommands ;","lastModifiedDate":"2024-02-17"},{"lineNumber":13,"author":{"gitId":"sbkiang"},"content":"    }","lastModifiedDate":"2024-02-17"},{"lineNumber":14,"author":{"gitId":"sbkiang"},"content":"","lastModifiedDate":"2024-02-17"},{"lineNumber":15,"author":{"gitId":"sbkiang"},"content":"    public String mainCommand(){","lastModifiedDate":"2024-03-09"},{"lineNumber":16,"author":{"gitId":"sbkiang"},"content":"        //return first uppercase word","lastModifiedDate":"2024-03-09"},{"lineNumber":17,"author":{"gitId":"sbkiang"},"content":"        return inputCommands.split(\" \")[0].toUpperCase();","lastModifiedDate":"2024-03-09"},{"lineNumber":18,"author":{"gitId":"sbkiang"},"content":"    }","lastModifiedDate":"2024-03-09"},{"lineNumber":19,"author":{"gitId":"sbkiang"},"content":"","lastModifiedDate":"2024-03-09"},{"lineNumber":20,"author":{"gitId":"sbkiang"},"content":"    public String indexCommand(){","lastModifiedDate":"2024-03-09"},{"lineNumber":21,"author":{"gitId":"sbkiang"},"content":"        return inputCommands.split(\" \")[1];","lastModifiedDate":"2024-03-09"},{"lineNumber":22,"author":{"gitId":"sbkiang"},"content":"    }","lastModifiedDate":"2024-03-09"},{"lineNumber":23,"author":{"gitId":"sbkiang"},"content":"","lastModifiedDate":"2024-03-09"},{"lineNumber":24,"author":{"gitId":"sbkiang"},"content":"    public String TodoCommand(){","lastModifiedDate":"2024-02-17"},{"lineNumber":25,"author":{"gitId":"sbkiang"},"content":"        Pattern pattern \u003d Pattern.compile(\"todo\\\\s(.*?)\"); //argument","lastModifiedDate":"2024-02-17"},{"lineNumber":26,"author":{"gitId":"sbkiang"},"content":"        Matcher matcher \u003d pattern.matcher(inputCommands); //deadline when","lastModifiedDate":"2024-02-17"},{"lineNumber":27,"author":{"gitId":"sbkiang"},"content":"        if(matcher.matches()){","lastModifiedDate":"2024-02-17"},{"lineNumber":28,"author":{"gitId":"sbkiang"},"content":"           arg \u003d matcher.group(1);","lastModifiedDate":"2024-02-17"},{"lineNumber":29,"author":{"gitId":"sbkiang"},"content":"        }","lastModifiedDate":"2024-02-17"},{"lineNumber":30,"author":{"gitId":"sbkiang"},"content":"","lastModifiedDate":"2024-02-17"},{"lineNumber":31,"author":{"gitId":"sbkiang"},"content":"        return arg;","lastModifiedDate":"2024-02-17"},{"lineNumber":32,"author":{"gitId":"sbkiang"},"content":"    }","lastModifiedDate":"2024-02-17"},{"lineNumber":33,"author":{"gitId":"sbkiang"},"content":"","lastModifiedDate":"2024-02-17"},{"lineNumber":34,"author":{"gitId":"sbkiang"},"content":"    public String [] DeadlineCommand(){","lastModifiedDate":"2024-02-17"},{"lineNumber":35,"author":{"gitId":"sbkiang"},"content":"        Pattern pattern \u003d Pattern.compile(\"deadline\\\\s(.*?)\\\\s/by\\\\s(.*?)\");","lastModifiedDate":"2024-02-17"},{"lineNumber":36,"author":{"gitId":"sbkiang"},"content":"        Matcher matcher \u003d pattern.matcher(inputCommands);","lastModifiedDate":"2024-02-17"},{"lineNumber":37,"author":{"gitId":"sbkiang"},"content":"        if(matcher.matches()){","lastModifiedDate":"2024-02-17"},{"lineNumber":38,"author":{"gitId":"sbkiang"},"content":"            arg \u003d matcher.group(1); //argument","lastModifiedDate":"2024-02-17"},{"lineNumber":39,"author":{"gitId":"sbkiang"},"content":"            by \u003d matcher.group(2); //deadline","lastModifiedDate":"2024-02-17"},{"lineNumber":40,"author":{"gitId":"sbkiang"},"content":"        }","lastModifiedDate":"2024-02-17"},{"lineNumber":41,"author":{"gitId":"sbkiang"},"content":"","lastModifiedDate":"2024-02-17"},{"lineNumber":42,"author":{"gitId":"sbkiang"},"content":"        return new String[]{arg, by};","lastModifiedDate":"2024-02-17"},{"lineNumber":43,"author":{"gitId":"sbkiang"},"content":"    }","lastModifiedDate":"2024-02-17"},{"lineNumber":44,"author":{"gitId":"sbkiang"},"content":"","lastModifiedDate":"2024-02-17"},{"lineNumber":45,"author":{"gitId":"sbkiang"},"content":"    public String [] EventCommand(){","lastModifiedDate":"2024-02-17"},{"lineNumber":46,"author":{"gitId":"sbkiang"},"content":"        Pattern pattern \u003d Pattern.compile(\"event\\\\s(.*?)\\\\s/from\\\\s(.*?)\\\\s/to\\\\s(.*?)\");","lastModifiedDate":"2024-02-17"},{"lineNumber":47,"author":{"gitId":"sbkiang"},"content":"        Matcher matcher \u003d pattern.matcher(inputCommands);","lastModifiedDate":"2024-02-17"},{"lineNumber":48,"author":{"gitId":"sbkiang"},"content":"        if(matcher.matches()){","lastModifiedDate":"2024-02-17"},{"lineNumber":49,"author":{"gitId":"sbkiang"},"content":"            arg \u003d matcher.group(1);","lastModifiedDate":"2024-02-17"},{"lineNumber":50,"author":{"gitId":"sbkiang"},"content":"            from \u003d matcher.group(2);","lastModifiedDate":"2024-02-17"},{"lineNumber":51,"author":{"gitId":"sbkiang"},"content":"            to \u003d matcher.group(3);","lastModifiedDate":"2024-02-17"},{"lineNumber":52,"author":{"gitId":"sbkiang"},"content":"        }","lastModifiedDate":"2024-02-17"},{"lineNumber":53,"author":{"gitId":"sbkiang"},"content":"        return new String[]{arg, from, to};","lastModifiedDate":"2024-02-17"},{"lineNumber":54,"author":{"gitId":"sbkiang"},"content":"    }","lastModifiedDate":"2024-02-17"},{"lineNumber":55,"author":{"gitId":"sbkiang"},"content":"","lastModifiedDate":"2024-02-17"},{"lineNumber":56,"author":{"gitId":"sbkiang"},"content":"}","lastModifiedDate":"2024-02-17"}],"authorContributionMap":{"sbkiang":56}},{"path":"src/main/java/Task/TaskList.java","fileType":"java","lines":[{"lineNumber":1,"author":{"gitId":"sbkiang"},"content":"package Task;","lastModifiedDate":"2024-02-17"},{"lineNumber":2,"author":{"gitId":"sbkiang"},"content":"","lastModifiedDate":"2024-02-17"},{"lineNumber":3,"author":{"gitId":"sbkiang"},"content":"import commands.Event;","lastModifiedDate":"2024-02-15"},{"lineNumber":4,"author":{"gitId":"sbkiang"},"content":"import commands.Task;","lastModifiedDate":"2024-02-15"},{"lineNumber":5,"author":{"gitId":"sbkiang"},"content":"import commands.ToDo;","lastModifiedDate":"2024-02-15"},{"lineNumber":6,"author":{"gitId":"sbkiang"},"content":"import commands.Deadline;","lastModifiedDate":"2024-02-15"},{"lineNumber":7,"author":{"gitId":"sbkiang"},"content":"","lastModifiedDate":"2024-02-15"},{"lineNumber":8,"author":{"gitId":"sbkiang"},"content":"import java.util.ArrayList;","lastModifiedDate":"2024-03-09"},{"lineNumber":9,"author":{"gitId":"sbkiang"},"content":"","lastModifiedDate":"2024-03-09"},{"lineNumber":10,"author":{"gitId":"sbkiang"},"content":"public class TaskList {","lastModifiedDate":"2024-02-15"},{"lineNumber":11,"author":{"gitId":"sbkiang"},"content":"    private static final int MAX_SIZE \u003d 100;","lastModifiedDate":"2024-02-15"},{"lineNumber":12,"author":{"gitId":"sbkiang"},"content":"    //private Task[] tasks;","lastModifiedDate":"2024-03-09"},{"lineNumber":13,"author":{"gitId":"sbkiang"},"content":"    private ArrayList\u003cTask\u003e tasks;","lastModifiedDate":"2024-03-09"},{"lineNumber":14,"author":{"gitId":"sbkiang"},"content":"","lastModifiedDate":"2024-03-09"},{"lineNumber":15,"author":{"gitId":"sbkiang"},"content":"    private int size;","lastModifiedDate":"2024-02-15"},{"lineNumber":16,"author":{"gitId":"sbkiang"},"content":"","lastModifiedDate":"2024-02-15"},{"lineNumber":17,"author":{"gitId":"sbkiang"},"content":"    public TaskList(){","lastModifiedDate":"2024-02-15"},{"lineNumber":18,"author":{"gitId":"sbkiang"},"content":"        //tasks \u003d new Task[MAX_SIZE];","lastModifiedDate":"2024-03-09"},{"lineNumber":19,"author":{"gitId":"sbkiang"},"content":"        tasks \u003d new ArrayList\u003c\u003e();","lastModifiedDate":"2024-03-09"},{"lineNumber":20,"author":{"gitId":"sbkiang"},"content":"        size \u003d 0;","lastModifiedDate":"2024-02-15"},{"lineNumber":21,"author":{"gitId":"sbkiang"},"content":"    }","lastModifiedDate":"2024-02-15"},{"lineNumber":22,"author":{"gitId":"sbkiang"},"content":"","lastModifiedDate":"2024-02-15"},{"lineNumber":23,"author":{"gitId":"sbkiang"},"content":"    /* Remove from it","lastModifiedDate":"2024-03-09"},{"lineNumber":24,"author":{"gitId":"sbkiang"},"content":"    public void addTask(String task){","lastModifiedDate":"2024-02-15"},{"lineNumber":25,"author":{"gitId":"sbkiang"},"content":"        tasks[size++] \u003d new Task(task);","lastModifiedDate":"2024-02-15"},{"lineNumber":26,"author":{"gitId":"sbkiang"},"content":"        System.out.println(\"added: \" + task);","lastModifiedDate":"2024-02-15"},{"lineNumber":27,"author":{"gitId":"sbkiang"},"content":"    }","lastModifiedDate":"2024-02-15"},{"lineNumber":28,"author":{"gitId":"sbkiang"},"content":"    */","lastModifiedDate":"2024-03-09"},{"lineNumber":29,"author":{"gitId":"sbkiang"},"content":"","lastModifiedDate":"2024-02-15"},{"lineNumber":30,"author":{"gitId":"sbkiang"},"content":"    public void listTasks(){","lastModifiedDate":"2024-02-15"},{"lineNumber":31,"author":{"gitId":"sbkiang"},"content":"        for(int index\u003d0; index \u003c tasks.size(); index++){","lastModifiedDate":"2024-03-09"},{"lineNumber":32,"author":{"gitId":"sbkiang"},"content":"            if(tasks.get(index) \u003d\u003d null){","lastModifiedDate":"2024-03-09"},{"lineNumber":33,"author":{"gitId":"sbkiang"},"content":"                break;","lastModifiedDate":"2024-02-15"},{"lineNumber":34,"author":{"gitId":"sbkiang"},"content":"            }","lastModifiedDate":"2024-02-15"},{"lineNumber":35,"author":{"gitId":"sbkiang"},"content":"            System.out.println((index+1) + \". \" + tasks.get(index).toString());","lastModifiedDate":"2024-03-09"},{"lineNumber":36,"author":{"gitId":"sbkiang"},"content":"        }","lastModifiedDate":"2024-02-15"},{"lineNumber":37,"author":{"gitId":"sbkiang"},"content":"    }","lastModifiedDate":"2024-02-15"},{"lineNumber":38,"author":{"gitId":"sbkiang"},"content":"","lastModifiedDate":"2024-02-15"},{"lineNumber":39,"author":{"gitId":"sbkiang"},"content":"    public void markTaskAsDone(int index){","lastModifiedDate":"2024-02-15"},{"lineNumber":40,"author":{"gitId":"sbkiang"},"content":"        tasks.get(index).markAsDone();","lastModifiedDate":"2024-03-09"},{"lineNumber":41,"author":{"gitId":"sbkiang"},"content":"        System.out.println(\"Nice! I\u0027ve marked this task as done:\");","lastModifiedDate":"2024-02-15"},{"lineNumber":42,"author":{"gitId":"sbkiang"},"content":"        System.out.println(tasks.get(index).toString());","lastModifiedDate":"2024-03-09"},{"lineNumber":43,"author":{"gitId":"sbkiang"},"content":"    }","lastModifiedDate":"2024-02-15"},{"lineNumber":44,"author":{"gitId":"sbkiang"},"content":"","lastModifiedDate":"2024-02-15"},{"lineNumber":45,"author":{"gitId":"sbkiang"},"content":"    public void unmarkTaskAsDone(int index){","lastModifiedDate":"2024-02-15"},{"lineNumber":46,"author":{"gitId":"sbkiang"},"content":"        tasks.get(index).unmarkAsDone();","lastModifiedDate":"2024-03-09"},{"lineNumber":47,"author":{"gitId":"sbkiang"},"content":"        System.out.println(\"Nice! I\u0027ve marked this task as done:\");","lastModifiedDate":"2024-02-15"},{"lineNumber":48,"author":{"gitId":"sbkiang"},"content":"        System.out.println(tasks.get(index).toString());","lastModifiedDate":"2024-03-09"},{"lineNumber":49,"author":{"gitId":"sbkiang"},"content":"    }","lastModifiedDate":"2024-03-09"},{"lineNumber":50,"author":{"gitId":"sbkiang"},"content":"","lastModifiedDate":"2024-03-09"},{"lineNumber":51,"author":{"gitId":"sbkiang"},"content":"    public void deleteTask(int index){","lastModifiedDate":"2024-03-09"},{"lineNumber":52,"author":{"gitId":"sbkiang"},"content":"        System.out.println(\"Noted. I\u0027ve removed this task\");","lastModifiedDate":"2024-03-09"},{"lineNumber":53,"author":{"gitId":"sbkiang"},"content":"        System.out.println(tasks.get(index).toString());","lastModifiedDate":"2024-03-09"},{"lineNumber":54,"author":{"gitId":"sbkiang"},"content":"        tasks.remove(index);","lastModifiedDate":"2024-03-09"},{"lineNumber":55,"author":{"gitId":"sbkiang"},"content":"        size--;","lastModifiedDate":"2024-03-09"},{"lineNumber":56,"author":{"gitId":"sbkiang"},"content":"        System.out.println(\"Now you have \" + size + \" tasks in the list\");","lastModifiedDate":"2024-03-09"},{"lineNumber":57,"author":{"gitId":"sbkiang"},"content":"    }","lastModifiedDate":"2024-02-15"},{"lineNumber":58,"author":{"gitId":"sbkiang"},"content":"","lastModifiedDate":"2024-02-15"},{"lineNumber":59,"author":{"gitId":"sbkiang"},"content":"    public void toDoTask(String task){","lastModifiedDate":"2024-02-15"},{"lineNumber":60,"author":{"gitId":"sbkiang"},"content":"        tasks.add(new ToDo(task));","lastModifiedDate":"2024-03-09"},{"lineNumber":61,"author":{"gitId":"sbkiang"},"content":"        size++;","lastModifiedDate":"2024-03-09"},{"lineNumber":62,"author":{"gitId":"sbkiang"},"content":"        System.out.println(\"Got it. I\u0027ve added this task:\");","lastModifiedDate":"2024-02-15"},{"lineNumber":63,"author":{"gitId":"sbkiang"},"content":"        System.out.println(tasks.get(size-1).toString());","lastModifiedDate":"2024-03-09"},{"lineNumber":64,"author":{"gitId":"sbkiang"},"content":"        System.out.println(\"Now you have \" + size + \" tasks in the list\");","lastModifiedDate":"2024-02-15"},{"lineNumber":65,"author":{"gitId":"sbkiang"},"content":"    }","lastModifiedDate":"2024-02-15"},{"lineNumber":66,"author":{"gitId":"sbkiang"},"content":"","lastModifiedDate":"2024-02-15"},{"lineNumber":67,"author":{"gitId":"sbkiang"},"content":"    public void deadlineTask(String task, String by){","lastModifiedDate":"2024-02-15"},{"lineNumber":68,"author":{"gitId":"sbkiang"},"content":"        tasks.add(new Deadline(task, by));","lastModifiedDate":"2024-03-09"},{"lineNumber":69,"author":{"gitId":"sbkiang"},"content":"        size++;","lastModifiedDate":"2024-03-09"},{"lineNumber":70,"author":{"gitId":"sbkiang"},"content":"        System.out.println(\"Got it. I\u0027ve added this task:\");","lastModifiedDate":"2024-02-15"},{"lineNumber":71,"author":{"gitId":"sbkiang"},"content":"        System.out.println(tasks.get(size-1).toString());","lastModifiedDate":"2024-03-09"},{"lineNumber":72,"author":{"gitId":"sbkiang"},"content":"        System.out.println(\"Now you have \" + size + \" tasks in the list\");","lastModifiedDate":"2024-02-15"},{"lineNumber":73,"author":{"gitId":"sbkiang"},"content":"    }","lastModifiedDate":"2024-02-15"},{"lineNumber":74,"author":{"gitId":"sbkiang"},"content":"","lastModifiedDate":"2024-02-15"},{"lineNumber":75,"author":{"gitId":"sbkiang"},"content":"    public void eventTask(String task, String from, String to){","lastModifiedDate":"2024-02-15"},{"lineNumber":76,"author":{"gitId":"sbkiang"},"content":"        tasks.add(new Event(task, from, to));","lastModifiedDate":"2024-03-09"},{"lineNumber":77,"author":{"gitId":"sbkiang"},"content":"        size++;","lastModifiedDate":"2024-03-09"},{"lineNumber":78,"author":{"gitId":"sbkiang"},"content":"        System.out.println(\"Got it. I\u0027ve added this task:\");","lastModifiedDate":"2024-02-15"},{"lineNumber":79,"author":{"gitId":"sbkiang"},"content":"        System.out.println(tasks.get(size-1).toString());","lastModifiedDate":"2024-03-09"},{"lineNumber":80,"author":{"gitId":"sbkiang"},"content":"        System.out.println(\"Now you have \" + size + \" tasks in the list\");","lastModifiedDate":"2024-02-15"},{"lineNumber":81,"author":{"gitId":"sbkiang"},"content":"    }","lastModifiedDate":"2024-02-15"},{"lineNumber":82,"author":{"gitId":"sbkiang"},"content":"","lastModifiedDate":"2024-02-15"},{"lineNumber":83,"author":{"gitId":"sbkiang"},"content":"    public void endTaskProgram(){","lastModifiedDate":"2024-02-15"},{"lineNumber":84,"author":{"gitId":"sbkiang"},"content":"        System.out.println(\"Bye. Hope to see you again\");","lastModifiedDate":"2024-02-15"},{"lineNumber":85,"author":{"gitId":"sbkiang"},"content":"        System.exit(0);","lastModifiedDate":"2024-02-15"},{"lineNumber":86,"author":{"gitId":"sbkiang"},"content":"    }","lastModifiedDate":"2024-02-15"},{"lineNumber":87,"author":{"gitId":"sbkiang"},"content":"","lastModifiedDate":"2024-02-15"},{"lineNumber":88,"author":{"gitId":"sbkiang"},"content":"}","lastModifiedDate":"2024-02-15"}],"authorContributionMap":{"sbkiang":88}},{"path":"src/main/java/commands/Deadline.java","fileType":"java","lines":[{"lineNumber":1,"author":{"gitId":"sbkiang"},"content":"package commands;","lastModifiedDate":"2024-02-15"},{"lineNumber":2,"author":{"gitId":"sbkiang"},"content":"","lastModifiedDate":"2024-02-15"},{"lineNumber":3,"author":{"gitId":"sbkiang"},"content":"public class Deadline extends Task {","lastModifiedDate":"2024-02-04"},{"lineNumber":4,"author":{"gitId":"sbkiang"},"content":"","lastModifiedDate":"2024-02-04"},{"lineNumber":5,"author":{"gitId":"sbkiang"},"content":"    protected String by;","lastModifiedDate":"2024-02-04"},{"lineNumber":6,"author":{"gitId":"sbkiang"},"content":"    public Deadline(String description, String by) {","lastModifiedDate":"2024-02-04"},{"lineNumber":7,"author":{"gitId":"sbkiang"},"content":"        super(description);","lastModifiedDate":"2024-02-04"},{"lineNumber":8,"author":{"gitId":"sbkiang"},"content":"        this.by \u003d by;","lastModifiedDate":"2024-02-04"},{"lineNumber":9,"author":{"gitId":"sbkiang"},"content":"    }","lastModifiedDate":"2024-02-04"},{"lineNumber":10,"author":{"gitId":"sbkiang"},"content":"    @Override","lastModifiedDate":"2024-02-04"},{"lineNumber":11,"author":{"gitId":"sbkiang"},"content":"    public String toString() {","lastModifiedDate":"2024-02-04"},{"lineNumber":12,"author":{"gitId":"sbkiang"},"content":"        return \"[D]\" + super.toString() + \" \" + \"(by: \" + by + \")\";","lastModifiedDate":"2024-02-17"},{"lineNumber":13,"author":{"gitId":"sbkiang"},"content":"    }","lastModifiedDate":"2024-02-04"},{"lineNumber":14,"author":{"gitId":"sbkiang"},"content":"}","lastModifiedDate":"2024-02-04"}],"authorContributionMap":{"sbkiang":14}},{"path":"src/main/java/commands/Event.java","fileType":"java","lines":[{"lineNumber":1,"author":{"gitId":"sbkiang"},"content":"package commands;","lastModifiedDate":"2024-02-15"},{"lineNumber":2,"author":{"gitId":"sbkiang"},"content":"","lastModifiedDate":"2024-02-15"},{"lineNumber":3,"author":{"gitId":"sbkiang"},"content":"public class Event extends Task {","lastModifiedDate":"2024-02-04"},{"lineNumber":4,"author":{"gitId":"sbkiang"},"content":"","lastModifiedDate":"2024-02-04"},{"lineNumber":5,"author":{"gitId":"sbkiang"},"content":"    protected String from;","lastModifiedDate":"2024-02-04"},{"lineNumber":6,"author":{"gitId":"sbkiang"},"content":"    protected String to;","lastModifiedDate":"2024-02-04"},{"lineNumber":7,"author":{"gitId":"sbkiang"},"content":"    public Event(String description, String from, String to) {","lastModifiedDate":"2024-02-04"},{"lineNumber":8,"author":{"gitId":"sbkiang"},"content":"","lastModifiedDate":"2024-02-04"},{"lineNumber":9,"author":{"gitId":"sbkiang"},"content":"        super(description);","lastModifiedDate":"2024-02-04"},{"lineNumber":10,"author":{"gitId":"sbkiang"},"content":"        this.from \u003d from;","lastModifiedDate":"2024-02-04"},{"lineNumber":11,"author":{"gitId":"sbkiang"},"content":"        this.to \u003d to;","lastModifiedDate":"2024-02-04"},{"lineNumber":12,"author":{"gitId":"sbkiang"},"content":"","lastModifiedDate":"2024-02-04"},{"lineNumber":13,"author":{"gitId":"sbkiang"},"content":"    }","lastModifiedDate":"2024-02-04"},{"lineNumber":14,"author":{"gitId":"sbkiang"},"content":"","lastModifiedDate":"2024-02-04"},{"lineNumber":15,"author":{"gitId":"sbkiang"},"content":"    @Override","lastModifiedDate":"2024-02-04"},{"lineNumber":16,"author":{"gitId":"sbkiang"},"content":"    public String toString() {","lastModifiedDate":"2024-02-04"},{"lineNumber":17,"author":{"gitId":"sbkiang"},"content":"        return \"[E]\" + super.toString() + \" (from: \" + from + \" to: \" + to + \")\";","lastModifiedDate":"2024-02-04"},{"lineNumber":18,"author":{"gitId":"sbkiang"},"content":"    }","lastModifiedDate":"2024-02-04"},{"lineNumber":19,"author":{"gitId":"sbkiang"},"content":"}","lastModifiedDate":"2024-02-04"}],"authorContributionMap":{"sbkiang":19}},{"path":"src/main/java/commands/Task.java","fileType":"java","lines":[{"lineNumber":1,"author":{"gitId":"sbkiang"},"content":"package commands;","lastModifiedDate":"2024-02-15"},{"lineNumber":2,"author":{"gitId":"sbkiang"},"content":"","lastModifiedDate":"2024-02-15"},{"lineNumber":3,"author":{"gitId":"sbkiang"},"content":"public class Task {","lastModifiedDate":"2024-01-31"},{"lineNumber":4,"author":{"gitId":"sbkiang"},"content":"    protected String description;","lastModifiedDate":"2024-01-31"},{"lineNumber":5,"author":{"gitId":"sbkiang"},"content":"    protected boolean isDone;","lastModifiedDate":"2024-01-31"},{"lineNumber":6,"author":{"gitId":"sbkiang"},"content":"","lastModifiedDate":"2024-01-31"},{"lineNumber":7,"author":{"gitId":"sbkiang"},"content":"    public Task(String description){","lastModifiedDate":"2024-01-31"},{"lineNumber":8,"author":{"gitId":"sbkiang"},"content":"        this.description \u003d description;","lastModifiedDate":"2024-01-31"},{"lineNumber":9,"author":{"gitId":"sbkiang"},"content":"        this.isDone \u003d false;","lastModifiedDate":"2024-01-31"},{"lineNumber":10,"author":{"gitId":"sbkiang"},"content":"    }","lastModifiedDate":"2024-01-31"},{"lineNumber":11,"author":{"gitId":"sbkiang"},"content":"","lastModifiedDate":"2024-01-31"},{"lineNumber":12,"author":{"gitId":"sbkiang"},"content":"    public String getStatusIcon(){","lastModifiedDate":"2024-01-31"},{"lineNumber":13,"author":{"gitId":"sbkiang"},"content":"        return (isDone ? \"X\" : \" \");","lastModifiedDate":"2024-01-31"},{"lineNumber":14,"author":{"gitId":"sbkiang"},"content":"    }","lastModifiedDate":"2024-01-31"},{"lineNumber":15,"author":{"gitId":"sbkiang"},"content":"","lastModifiedDate":"2024-01-31"},{"lineNumber":16,"author":{"gitId":"sbkiang"},"content":"    public void markAsDone(){","lastModifiedDate":"2024-01-31"},{"lineNumber":17,"author":{"gitId":"sbkiang"},"content":"       this.isDone \u003d true;","lastModifiedDate":"2024-01-31"},{"lineNumber":18,"author":{"gitId":"sbkiang"},"content":"    }","lastModifiedDate":"2024-01-31"},{"lineNumber":19,"author":{"gitId":"sbkiang"},"content":"","lastModifiedDate":"2024-01-31"},{"lineNumber":20,"author":{"gitId":"sbkiang"},"content":"    public void unmarkAsDone(){","lastModifiedDate":"2024-02-04"},{"lineNumber":21,"author":{"gitId":"sbkiang"},"content":"        this.isDone \u003d false;","lastModifiedDate":"2024-02-04"},{"lineNumber":22,"author":{"gitId":"sbkiang"},"content":"    }","lastModifiedDate":"2024-02-04"},{"lineNumber":23,"author":{"gitId":"sbkiang"},"content":"","lastModifiedDate":"2024-02-04"},{"lineNumber":24,"author":{"gitId":"sbkiang"},"content":"    public String toString(){","lastModifiedDate":"2024-02-04"},{"lineNumber":25,"author":{"gitId":"sbkiang"},"content":"        return \"[\" + getStatusIcon() +\"] \" + description;","lastModifiedDate":"2024-02-04"},{"lineNumber":26,"author":{"gitId":"sbkiang"},"content":"    }","lastModifiedDate":"2024-02-04"},{"lineNumber":27,"author":{"gitId":"sbkiang"},"content":"","lastModifiedDate":"2024-02-04"},{"lineNumber":28,"author":{"gitId":"sbkiang"},"content":"}","lastModifiedDate":"2024-01-31"}],"authorContributionMap":{"sbkiang":28}},{"path":"src/main/java/commands/ToDo.java","fileType":"java","lines":[{"lineNumber":1,"author":{"gitId":"sbkiang"},"content":"package commands;","lastModifiedDate":"2024-02-15"},{"lineNumber":2,"author":{"gitId":"sbkiang"},"content":"","lastModifiedDate":"2024-02-15"},{"lineNumber":3,"author":{"gitId":"sbkiang"},"content":"public class ToDo extends Task {","lastModifiedDate":"2024-02-04"},{"lineNumber":4,"author":{"gitId":"sbkiang"},"content":"","lastModifiedDate":"2024-02-04"},{"lineNumber":5,"author":{"gitId":"sbkiang"},"content":"    public ToDo(String description) {","lastModifiedDate":"2024-02-04"},{"lineNumber":6,"author":{"gitId":"sbkiang"},"content":"        super(description);","lastModifiedDate":"2024-02-04"},{"lineNumber":7,"author":{"gitId":"sbkiang"},"content":"    }","lastModifiedDate":"2024-02-04"},{"lineNumber":8,"author":{"gitId":"sbkiang"},"content":"","lastModifiedDate":"2024-02-04"},{"lineNumber":9,"author":{"gitId":"sbkiang"},"content":"    @Override","lastModifiedDate":"2024-02-04"},{"lineNumber":10,"author":{"gitId":"sbkiang"},"content":"    public String toString() {","lastModifiedDate":"2024-02-04"},{"lineNumber":11,"author":{"gitId":"sbkiang"},"content":"        return \"[T]\" + super.toString();","lastModifiedDate":"2024-02-04"},{"lineNumber":12,"author":{"gitId":"sbkiang"},"content":"    }","lastModifiedDate":"2024-02-04"},{"lineNumber":13,"author":{"gitId":"sbkiang"},"content":"}","lastModifiedDate":"2024-02-04"}],"authorContributionMap":{"sbkiang":13}},{"path":"src/main/java/common/Logo.java","fileType":"java","lines":[{"lineNumber":1,"author":{"gitId":"sbkiang"},"content":"package common;","lastModifiedDate":"2024-02-15"},{"lineNumber":2,"author":{"gitId":"sbkiang"},"content":"","lastModifiedDate":"2024-02-15"},{"lineNumber":3,"author":{"gitId":"sbkiang"},"content":"public class Logo {","lastModifiedDate":"2024-02-15"},{"lineNumber":4,"author":{"gitId":"sbkiang"},"content":"    //Design below adapted from \"https://patorjk.com/software/taag/#p\u003ddisplay\u0026f\u003dBlocks\u0026t\u003dTrackMe\"","lastModifiedDate":"2024-02-15"},{"lineNumber":5,"author":{"gitId":"sbkiang"},"content":"","lastModifiedDate":"2024-02-15"},{"lineNumber":6,"author":{"gitId":"sbkiang"},"content":"    public static final String LOGO \u003d \".----------------.  .----------------.  .----------------.  .----------------.  .----------------.  .----------------.  .----------------. \\n\"","lastModifiedDate":"2024-02-15"},{"lineNumber":7,"author":{"gitId":"sbkiang"},"content":"            + \"| .--------------. || .--------------. || .--------------. || .--------------. || .--------------. || .--------------. || .--------------. |\\n\"","lastModifiedDate":"2024-02-15"},{"lineNumber":8,"author":{"gitId":"sbkiang"},"content":"            + \"| |  _________   | || |  _______     | || |      __      | || |     ______   | || |  ___  ____   | || | ____    ____ | || |  _________   | |\\n\"","lastModifiedDate":"2024-02-15"},{"lineNumber":9,"author":{"gitId":"sbkiang"},"content":"            + \"| | |  _   _  |  | || | |_   __ \\\\    | || |     /  \\\\     | || |   .\u0027 ___  |  | || | |_  ||_  _|  | || ||_   \\\\  /   _|| || | |_   ___  |  | |\\n\"","lastModifiedDate":"2024-02-15"},{"lineNumber":10,"author":{"gitId":"sbkiang"},"content":"            + \"| | |_/ | | \\\\_|  | || |   | |__) |   | || |    / /\\\\ \\\\    | || |  / .\u0027   \\\\_|  | || |   | |_/ /    | || |  |   \\\\/   |  | || |   | |_  \\\\_|  | |\\n\"","lastModifiedDate":"2024-02-15"},{"lineNumber":11,"author":{"gitId":"sbkiang"},"content":"            + \"| |     | |      | || |   |  __ /    | || |   / ____ \\\\   | || |  | |         | || |   |  __\u0027.    | || |  | |\\\\  /| |  | || |   |  _|  _   | |\\n\"","lastModifiedDate":"2024-02-15"},{"lineNumber":12,"author":{"gitId":"sbkiang"},"content":"            + \"| |    _| |_     | || |  _| |  \\\\ \\\\_  | || | _/ /    \\\\ \\\\_ | || |  \\\\ `.___.\u0027\\\\  | || |  _| |  \\\\ \\\\_  | || | _| |_\\\\/_| |_ | || |  _| |___/ |  | |\\n\"","lastModifiedDate":"2024-02-15"},{"lineNumber":13,"author":{"gitId":"sbkiang"},"content":"            + \"| |   |_____|    | || | |____| |___| | || ||____|  |____|| || |   `._____.\u0027  | || | |____||____| | || ||_____||_____|| || | |_________|  | |\\n\"","lastModifiedDate":"2024-02-15"},{"lineNumber":14,"author":{"gitId":"sbkiang"},"content":"            + \"| |              | || |              | || |              | || |              | || |              | || |              | || |              | |\\n\"","lastModifiedDate":"2024-02-15"},{"lineNumber":15,"author":{"gitId":"sbkiang"},"content":"            + \"| \u0027--------------\u0027 || \u0027--------------\u0027 || \u0027--------------\u0027 || \u0027--------------\u0027 || \u0027--------------\u0027 || \u0027--------------\u0027 || \u0027--------------\u0027 |\\n\"","lastModifiedDate":"2024-02-15"},{"lineNumber":16,"author":{"gitId":"sbkiang"},"content":"            + \"\u0027----------------\u0027  \u0027----------------\u0027  \u0027----------------\u0027  \u0027----------------\u0027  \u0027----------------\u0027  \u0027----------------\u0027  \u0027----------------\u0027\\n\";","lastModifiedDate":"2024-02-15"},{"lineNumber":17,"author":{"gitId":"sbkiang"},"content":"","lastModifiedDate":"2024-02-15"},{"lineNumber":18,"author":{"gitId":"sbkiang"},"content":"","lastModifiedDate":"2024-02-15"},{"lineNumber":19,"author":{"gitId":"sbkiang"},"content":"}","lastModifiedDate":"2024-02-15"}],"authorContributionMap":{"sbkiang":19}}]
