[{"path":"README.md","fileType":"md","lines":[{"lineNumber":1,"author":{"gitId":"sbkiang"},"content":"# nus.trackme.Main project template","lastModifiedDate":"2024-03-21"},{"lineNumber":2,"author":{"gitId":"-"},"content":"","lastModifiedDate":"2020-05-25"},{"lineNumber":3,"author":{"gitId":"-"},"content":"This is a project template for a greenfield Java project. It\u0027s named after the Java mascot _Duke_. Given below are instructions on how to use it.","lastModifiedDate":"2020-05-25"},{"lineNumber":4,"author":{"gitId":"-"},"content":"","lastModifiedDate":"2020-05-25"},{"lineNumber":5,"author":{"gitId":"-"},"content":"## Setting up in Intellij","lastModifiedDate":"2020-05-25"},{"lineNumber":6,"author":{"gitId":"-"},"content":"","lastModifiedDate":"2020-05-25"},{"lineNumber":7,"author":{"gitId":"-"},"content":"Prerequisites: JDK 11, update Intellij to the most recent version.","lastModifiedDate":"2020-05-25"},{"lineNumber":8,"author":{"gitId":"-"},"content":"","lastModifiedDate":"2020-05-25"},{"lineNumber":9,"author":{"gitId":"-"},"content":"1. Open Intellij (if you are not in the welcome screen, click `File` \u003e `Close Project` to close the existing project first)","lastModifiedDate":"2021-01-17"},{"lineNumber":10,"author":{"gitId":"-"},"content":"1. Open the project into Intellij as follows:","lastModifiedDate":"2021-01-17"},{"lineNumber":11,"author":{"gitId":"-"},"content":"   1. Click `Open`.","lastModifiedDate":"2021-01-17"},{"lineNumber":12,"author":{"gitId":"-"},"content":"   1. Select the project directory, and click `OK`.","lastModifiedDate":"2021-01-17"},{"lineNumber":13,"author":{"gitId":"-"},"content":"   1. If there are any further prompts, accept the defaults.","lastModifiedDate":"2020-05-25"},{"lineNumber":14,"author":{"gitId":"-"},"content":"1. Configure the project to use **JDK 11** (not other versions) as explained in [here](https://www.jetbrains.com/help/idea/sdk.html#set-up-jdk).\u003cbr\u003e","lastModifiedDate":"2021-07-29"},{"lineNumber":15,"author":{"gitId":"-"},"content":"   In the same dialog, set the **Project language level** field to the `SDK default` option.","lastModifiedDate":"2021-07-29"},{"lineNumber":16,"author":{"gitId":"sbkiang"},"content":"3. After that, locate the `src/main/java/nus.trackme.Main.java` file, right-click it, and choose `Run nus.trackme.Main.main()` (if the code editor is showing compile errors, try restarting the IDE). If the setup is correct, you should see something like the below as the output:","lastModifiedDate":"2024-03-21"},{"lineNumber":17,"author":{"gitId":"-"},"content":"   ```","lastModifiedDate":"2020-05-25"},{"lineNumber":18,"author":{"gitId":"-"},"content":"   Hello from","lastModifiedDate":"2020-05-25"},{"lineNumber":19,"author":{"gitId":"-"},"content":"    ____        _        ","lastModifiedDate":"2020-05-25"},{"lineNumber":20,"author":{"gitId":"-"},"content":"   |  _ \\ _   _| | _____ ","lastModifiedDate":"2020-05-25"},{"lineNumber":21,"author":{"gitId":"-"},"content":"   | | | | | | | |/ / _ \\","lastModifiedDate":"2020-05-25"},{"lineNumber":22,"author":{"gitId":"-"},"content":"   | |_| | |_| |   \u003c  __/","lastModifiedDate":"2020-05-25"},{"lineNumber":23,"author":{"gitId":"-"},"content":"   |____/ \\__,_|_|\\_\\___|","lastModifiedDate":"2020-05-25"},{"lineNumber":24,"author":{"gitId":"-"},"content":"   ```","lastModifiedDate":"2020-05-25"}],"authorContributionMap":{"sbkiang":2,"-":22}},{"path":"docs/README.md","fileType":"md","lines":[{"lineNumber":1,"author":{"gitId":"-"},"content":"# User Guide","lastModifiedDate":"2019-07-29"},{"lineNumber":2,"author":{"gitId":"-"},"content":"","lastModifiedDate":"2019-07-29"},{"lineNumber":3,"author":{"gitId":"-"},"content":"## Features ","lastModifiedDate":"2019-07-29"},{"lineNumber":4,"author":{"gitId":"-"},"content":"","lastModifiedDate":"2019-07-29"},{"lineNumber":5,"author":{"gitId":"-"},"content":"### Feature-ABC","lastModifiedDate":"2021-07-17"},{"lineNumber":6,"author":{"gitId":"-"},"content":"","lastModifiedDate":"2021-07-17"},{"lineNumber":7,"author":{"gitId":"-"},"content":"Description of the feature.","lastModifiedDate":"2021-07-17"},{"lineNumber":8,"author":{"gitId":"-"},"content":"","lastModifiedDate":"2021-07-17"},{"lineNumber":9,"author":{"gitId":"-"},"content":"### Feature-XYZ","lastModifiedDate":"2021-07-17"},{"lineNumber":10,"author":{"gitId":"-"},"content":"","lastModifiedDate":"2021-07-17"},{"lineNumber":11,"author":{"gitId":"-"},"content":"Description of the feature.","lastModifiedDate":"2021-07-17"},{"lineNumber":12,"author":{"gitId":"-"},"content":"","lastModifiedDate":"2019-07-29"},{"lineNumber":13,"author":{"gitId":"-"},"content":"## Usage","lastModifiedDate":"2019-07-29"},{"lineNumber":14,"author":{"gitId":"-"},"content":"","lastModifiedDate":"2019-07-29"},{"lineNumber":15,"author":{"gitId":"sbkiang"},"content":"### `Keyword` - Describe nus.trackme.action","lastModifiedDate":"2024-03-21"},{"lineNumber":16,"author":{"gitId":"-"},"content":"","lastModifiedDate":"2019-07-29"},{"lineNumber":17,"author":{"gitId":"sbkiang"},"content":"Describe the nus.trackme.action and its outcome.","lastModifiedDate":"2024-03-21"},{"lineNumber":18,"author":{"gitId":"-"},"content":"","lastModifiedDate":"2019-07-29"},{"lineNumber":19,"author":{"gitId":"-"},"content":"Example of usage: ","lastModifiedDate":"2019-07-29"},{"lineNumber":20,"author":{"gitId":"-"},"content":"","lastModifiedDate":"2019-07-29"},{"lineNumber":21,"author":{"gitId":"-"},"content":"`keyword (optional arguments)`","lastModifiedDate":"2019-07-29"},{"lineNumber":22,"author":{"gitId":"-"},"content":"","lastModifiedDate":"2019-07-29"},{"lineNumber":23,"author":{"gitId":"-"},"content":"Expected outcome:","lastModifiedDate":"2019-07-29"},{"lineNumber":24,"author":{"gitId":"-"},"content":"","lastModifiedDate":"2019-07-29"},{"lineNumber":25,"author":{"gitId":"-"},"content":"Description of the outcome.","lastModifiedDate":"2021-07-17"},{"lineNumber":26,"author":{"gitId":"-"},"content":"","lastModifiedDate":"2021-07-17"},{"lineNumber":27,"author":{"gitId":"-"},"content":"```","lastModifiedDate":"2021-07-17"},{"lineNumber":28,"author":{"gitId":"-"},"content":"expected output","lastModifiedDate":"2021-07-17"},{"lineNumber":29,"author":{"gitId":"-"},"content":"```","lastModifiedDate":"2021-07-17"}],"authorContributionMap":{"sbkiang":2,"-":27}},{"path":"src/main/java/nus/trackme/Main.java","fileType":"java","lines":[{"lineNumber":1,"author":{"gitId":"sbkiang"},"content":"package nus.trackme;","lastModifiedDate":"2024-03-21"},{"lineNumber":2,"author":{"gitId":"sbkiang"},"content":"","lastModifiedDate":"2024-03-09"},{"lineNumber":3,"author":{"gitId":"sbkiang"},"content":"import nus.trackme.common.EnumList;","lastModifiedDate":"2024-03-21"},{"lineNumber":4,"author":{"gitId":"sbkiang"},"content":"import nus.trackme.data.LoadFile;","lastModifiedDate":"2024-03-21"},{"lineNumber":5,"author":{"gitId":"sbkiang"},"content":"import nus.trackme.parse.ParseCommand;","lastModifiedDate":"2024-03-21"},{"lineNumber":6,"author":{"gitId":"sbkiang"},"content":"import nus.trackme.action.ActionTask;","lastModifiedDate":"2024-03-21"},{"lineNumber":7,"author":{"gitId":"sbkiang"},"content":"import nus.trackme.exception.TrackMeException;","lastModifiedDate":"2024-03-21"},{"lineNumber":8,"author":{"gitId":"sbkiang"},"content":"","lastModifiedDate":"2024-03-21"},{"lineNumber":9,"author":{"gitId":"sbkiang"},"content":"import static nus.trackme.common.Logo.LOGO;","lastModifiedDate":"2024-03-21"},{"lineNumber":10,"author":{"gitId":"sbkiang"},"content":"","lastModifiedDate":"2024-02-17"},{"lineNumber":11,"author":{"gitId":"sbkiang"},"content":"import java.util.Scanner;","lastModifiedDate":"2024-01-30"},{"lineNumber":12,"author":{"gitId":"sbkiang"},"content":"","lastModifiedDate":"2024-01-31"},{"lineNumber":13,"author":{"gitId":"sbkiang"},"content":"public class Main {","lastModifiedDate":"2024-03-21"},{"lineNumber":14,"author":{"gitId":"sbkiang"},"content":"    private static final String LINE \u003d \"-------------------------------------------------\";","lastModifiedDate":"2024-02-15"},{"lineNumber":15,"author":{"gitId":"sbkiang"},"content":"","lastModifiedDate":"2024-02-17"},{"lineNumber":16,"author":{"gitId":"sbkiang"},"content":"    private static ActionTask task \u003d new ActionTask();","lastModifiedDate":"2024-03-21"},{"lineNumber":17,"author":{"gitId":"sbkiang"},"content":"","lastModifiedDate":"2024-03-21"},{"lineNumber":18,"author":{"gitId":"sbkiang"},"content":"    private static void load() throws TrackMeException{","lastModifiedDate":"2024-03-21"},{"lineNumber":19,"author":{"gitId":"sbkiang"},"content":"        new LoadFile(task);","lastModifiedDate":"2024-03-21"},{"lineNumber":20,"author":{"gitId":"sbkiang"},"content":"    }","lastModifiedDate":"2024-03-21"},{"lineNumber":21,"author":{"gitId":"sbkiang"},"content":"","lastModifiedDate":"2024-03-21"},{"lineNumber":22,"author":{"gitId":"sbkiang"},"content":"    private static void start() throws TrackMeException {","lastModifiedDate":"2024-03-21"},{"lineNumber":23,"author":{"gitId":"sbkiang"},"content":"","lastModifiedDate":"2024-03-09"},{"lineNumber":24,"author":{"gitId":"sbkiang"},"content":"        Scanner input \u003d new Scanner(System.in);","lastModifiedDate":"2024-03-09"},{"lineNumber":25,"author":{"gitId":"sbkiang"},"content":"        String userInput \u003d null;","lastModifiedDate":"2024-03-09"},{"lineNumber":26,"author":{"gitId":"sbkiang"},"content":"","lastModifiedDate":"2024-03-09"},{"lineNumber":27,"author":{"gitId":"sbkiang"},"content":"        System.out.println(LOGO);","lastModifiedDate":"2024-02-15"},{"lineNumber":28,"author":{"gitId":"sbkiang"},"content":"        System.out.println(\"Hello! I\u0027m nus.trackme.TrackMe\");","lastModifiedDate":"2024-03-21"},{"lineNumber":29,"author":{"gitId":"sbkiang"},"content":"        System.out.println(\"What can I do for you?\");","lastModifiedDate":"2024-01-30"},{"lineNumber":30,"author":{"gitId":"sbkiang"},"content":"        System.out.println(LINE);","lastModifiedDate":"2024-02-15"},{"lineNumber":31,"author":{"gitId":"sbkiang"},"content":"","lastModifiedDate":"2024-01-31"},{"lineNumber":32,"author":{"gitId":"sbkiang"},"content":"        while(true) {","lastModifiedDate":"2024-01-30"},{"lineNumber":33,"author":{"gitId":"sbkiang"},"content":"            try{","lastModifiedDate":"2024-03-09"},{"lineNumber":34,"author":{"gitId":"sbkiang"},"content":"                userInput \u003d input.nextLine();","lastModifiedDate":"2024-03-09"},{"lineNumber":35,"author":{"gitId":"sbkiang"},"content":"","lastModifiedDate":"2024-03-09"},{"lineNumber":36,"author":{"gitId":"sbkiang"},"content":"                //if the input is empty","lastModifiedDate":"2024-03-09"},{"lineNumber":37,"author":{"gitId":"sbkiang"},"content":"                if(userInput.isEmpty()){","lastModifiedDate":"2024-03-09"},{"lineNumber":38,"author":{"gitId":"sbkiang"},"content":"                    throw new TrackMeException(\"Please enter the task command!\\n\" + LINE);","lastModifiedDate":"2024-03-21"},{"lineNumber":39,"author":{"gitId":"sbkiang"},"content":"                }","lastModifiedDate":"2024-01-31"},{"lineNumber":40,"author":{"gitId":"sbkiang"},"content":"","lastModifiedDate":"2024-01-30"},{"lineNumber":41,"author":{"gitId":"sbkiang"},"content":"                System.out.println(LINE);","lastModifiedDate":"2024-03-09"},{"lineNumber":42,"author":{"gitId":"sbkiang"},"content":"","lastModifiedDate":"2024-03-09"},{"lineNumber":43,"author":{"gitId":"sbkiang"},"content":"                ParseCommand parseCommand \u003d new ParseCommand(userInput);","lastModifiedDate":"2024-03-09"},{"lineNumber":44,"author":{"gitId":"sbkiang"},"content":"","lastModifiedDate":"2024-03-09"},{"lineNumber":45,"author":{"gitId":"sbkiang"},"content":"                EnumList.CMD userCMD \u003d EnumList.CMD.valueOf(parseCommand.mainCommand());","lastModifiedDate":"2024-03-21"},{"lineNumber":46,"author":{"gitId":"sbkiang"},"content":"","lastModifiedDate":"2024-03-09"},{"lineNumber":47,"author":{"gitId":"sbkiang"},"content":"                String arg;","lastModifiedDate":"2024-03-09"},{"lineNumber":48,"author":{"gitId":"sbkiang"},"content":"                String [] parsedInput;","lastModifiedDate":"2024-02-17"},{"lineNumber":49,"author":{"gitId":"sbkiang"},"content":"","lastModifiedDate":"2024-01-31"},{"lineNumber":50,"author":{"gitId":"sbkiang"},"content":"                switch (userCMD){","lastModifiedDate":"2024-03-09"},{"lineNumber":51,"author":{"gitId":"sbkiang"},"content":"                    case LIST:","lastModifiedDate":"2024-03-09"},{"lineNumber":52,"author":{"gitId":"sbkiang"},"content":"                        task.listTasks();","lastModifiedDate":"2024-02-15"},{"lineNumber":53,"author":{"gitId":"sbkiang"},"content":"                        break;","lastModifiedDate":"2024-03-09"},{"lineNumber":54,"author":{"gitId":"sbkiang"},"content":"                    case TODO:","lastModifiedDate":"2024-03-09"},{"lineNumber":55,"author":{"gitId":"sbkiang"},"content":"                        arg \u003d parseCommand.TodoCommand();","lastModifiedDate":"2024-02-17"},{"lineNumber":56,"author":{"gitId":"sbkiang"},"content":"                        task.toDoTask(arg);","lastModifiedDate":"2024-02-17"},{"lineNumber":57,"author":{"gitId":"sbkiang"},"content":"                        break;","lastModifiedDate":"2024-03-09"},{"lineNumber":58,"author":{"gitId":"sbkiang"},"content":"                    case EVENT:","lastModifiedDate":"2024-03-09"},{"lineNumber":59,"author":{"gitId":"sbkiang"},"content":"                        parsedInput \u003d parseCommand.EventCommand();","lastModifiedDate":"2024-03-09"},{"lineNumber":60,"author":{"gitId":"sbkiang"},"content":"                        task.eventTask(parsedInput[0], parsedInput[1], parsedInput[2]);","lastModifiedDate":"2024-03-09"},{"lineNumber":61,"author":{"gitId":"sbkiang"},"content":"                        break;","lastModifiedDate":"2024-03-09"},{"lineNumber":62,"author":{"gitId":"sbkiang"},"content":"                    case DEADLINE:","lastModifiedDate":"2024-03-09"},{"lineNumber":63,"author":{"gitId":"sbkiang"},"content":"                        parsedInput \u003d parseCommand.DeadlineCommand();","lastModifiedDate":"2024-02-17"},{"lineNumber":64,"author":{"gitId":"sbkiang"},"content":"                        task.deadlineTask(parsedInput[0], parsedInput[1]);","lastModifiedDate":"2024-02-17"},{"lineNumber":65,"author":{"gitId":"sbkiang"},"content":"                        break;","lastModifiedDate":"2024-03-09"},{"lineNumber":66,"author":{"gitId":"sbkiang"},"content":"                    case MARK:","lastModifiedDate":"2024-03-09"},{"lineNumber":67,"author":{"gitId":"sbkiang"},"content":"                        task.markTaskAsDone(Integer.parseInt(parseCommand.indexCommand()) - 1);","lastModifiedDate":"2024-03-09"},{"lineNumber":68,"author":{"gitId":"sbkiang"},"content":"                        break;","lastModifiedDate":"2024-03-09"},{"lineNumber":69,"author":{"gitId":"sbkiang"},"content":"                    case UNMARK:","lastModifiedDate":"2024-03-09"},{"lineNumber":70,"author":{"gitId":"sbkiang"},"content":"                        task.unmarkTaskAsDone(Integer.parseInt(parseCommand.indexCommand()) - 1);","lastModifiedDate":"2024-03-09"},{"lineNumber":71,"author":{"gitId":"sbkiang"},"content":"                        break;","lastModifiedDate":"2024-03-09"},{"lineNumber":72,"author":{"gitId":"sbkiang"},"content":"                    case DELETE:","lastModifiedDate":"2024-03-09"},{"lineNumber":73,"author":{"gitId":"sbkiang"},"content":"                        task.deleteTask(Integer.parseInt(parseCommand.indexCommand()) - 1);","lastModifiedDate":"2024-03-09"},{"lineNumber":74,"author":{"gitId":"sbkiang"},"content":"                        break;","lastModifiedDate":"2024-03-09"},{"lineNumber":75,"author":{"gitId":"sbkiang"},"content":"                    case BYE:","lastModifiedDate":"2024-03-09"},{"lineNumber":76,"author":{"gitId":"sbkiang"},"content":"                        task.endTaskProgram();","lastModifiedDate":"2024-03-09"},{"lineNumber":77,"author":{"gitId":"sbkiang"},"content":"                        break;","lastModifiedDate":"2024-03-09"},{"lineNumber":78,"author":{"gitId":"sbkiang"},"content":"                }","lastModifiedDate":"2024-02-15"},{"lineNumber":79,"author":{"gitId":"sbkiang"},"content":"                System.out.println(LINE);","lastModifiedDate":"2024-03-09"},{"lineNumber":80,"author":{"gitId":"sbkiang"},"content":"            }","lastModifiedDate":"2024-02-04"},{"lineNumber":81,"author":{"gitId":"sbkiang"},"content":"            catch (TrackMeException e){","lastModifiedDate":"2024-03-21"},{"lineNumber":82,"author":{"gitId":"sbkiang"},"content":"                System.out.println(e.getMessage());","lastModifiedDate":"2024-03-09"},{"lineNumber":83,"author":{"gitId":"sbkiang"},"content":"            }","lastModifiedDate":"2024-01-31"},{"lineNumber":84,"author":{"gitId":"sbkiang"},"content":"            catch (IllegalArgumentException e){ /* Commands does not exist in enum*/","lastModifiedDate":"2024-03-21"},{"lineNumber":85,"author":{"gitId":"sbkiang"},"content":"                System.out.println(\"Incorrect Command: \" + userInput);","lastModifiedDate":"2024-03-21"},{"lineNumber":86,"author":{"gitId":"sbkiang"},"content":"                System.out.println(LINE);","lastModifiedDate":"2024-03-21"},{"lineNumber":87,"author":{"gitId":"sbkiang"},"content":"            }","lastModifiedDate":"2024-03-21"},{"lineNumber":88,"author":{"gitId":"sbkiang"},"content":"            catch (ArrayIndexOutOfBoundsException e){ /* For mark and unmark without index  */","lastModifiedDate":"2024-03-21"},{"lineNumber":89,"author":{"gitId":"sbkiang"},"content":"                System.out.println(\"Incorrect Command: \" + userInput);","lastModifiedDate":"2024-03-09"},{"lineNumber":90,"author":{"gitId":"sbkiang"},"content":"                System.out.println(\"Please put index number. E.g. \" + userInput + \" 1\");","lastModifiedDate":"2024-03-21"},{"lineNumber":91,"author":{"gitId":"sbkiang"},"content":"                System.out.println(LINE);","lastModifiedDate":"2024-03-21"},{"lineNumber":92,"author":{"gitId":"sbkiang"},"content":"            }","lastModifiedDate":"2024-03-21"},{"lineNumber":93,"author":{"gitId":"sbkiang"},"content":"            catch (IndexOutOfBoundsException e){ /*  */","lastModifiedDate":"2024-03-21"},{"lineNumber":94,"author":{"gitId":"sbkiang"},"content":"                System.out.println(\"Task is currently empty. Please add your task first\");","lastModifiedDate":"2024-03-21"},{"lineNumber":95,"author":{"gitId":"sbkiang"},"content":"                System.out.println(LINE);","lastModifiedDate":"2024-03-09"},{"lineNumber":96,"author":{"gitId":"sbkiang"},"content":"            }","lastModifiedDate":"2024-01-30"},{"lineNumber":97,"author":{"gitId":"sbkiang"},"content":"","lastModifiedDate":"2024-01-30"},{"lineNumber":98,"author":{"gitId":"sbkiang"},"content":"        }","lastModifiedDate":"2024-03-09"},{"lineNumber":99,"author":{"gitId":"sbkiang"},"content":"    }","lastModifiedDate":"2024-01-31"},{"lineNumber":100,"author":{"gitId":"sbkiang"},"content":"","lastModifiedDate":"2024-01-30"},{"lineNumber":101,"author":{"gitId":"sbkiang"},"content":"    public static void main(String[] args) {","lastModifiedDate":"2024-03-09"},{"lineNumber":102,"author":{"gitId":"sbkiang"},"content":"        try {","lastModifiedDate":"2024-03-09"},{"lineNumber":103,"author":{"gitId":"sbkiang"},"content":"            Main.load();","lastModifiedDate":"2024-03-21"},{"lineNumber":104,"author":{"gitId":"sbkiang"},"content":"            Main.start();","lastModifiedDate":"2024-03-21"},{"lineNumber":105,"author":{"gitId":"sbkiang"},"content":"        } catch (TrackMeException e) {","lastModifiedDate":"2024-03-21"},{"lineNumber":106,"author":{"gitId":"sbkiang"},"content":"            throw new RuntimeException(e);","lastModifiedDate":"2024-03-09"},{"lineNumber":107,"author":{"gitId":"sbkiang"},"content":"        }","lastModifiedDate":"2024-01-30"},{"lineNumber":108,"author":{"gitId":"-"},"content":"    }","lastModifiedDate":"2019-07-29"},{"lineNumber":109,"author":{"gitId":"-"},"content":"}","lastModifiedDate":"2019-07-29"}],"authorContributionMap":{"sbkiang":107,"-":2}},{"path":"src/main/java/nus/trackme/action/ActionTask.java","fileType":"java","lines":[{"lineNumber":1,"author":{"gitId":"sbkiang"},"content":"package nus.trackme.action;","lastModifiedDate":"2024-03-21"},{"lineNumber":2,"author":{"gitId":"sbkiang"},"content":"","lastModifiedDate":"2024-02-17"},{"lineNumber":3,"author":{"gitId":"sbkiang"},"content":"import nus.trackme.commands.Event;","lastModifiedDate":"2024-03-21"},{"lineNumber":4,"author":{"gitId":"sbkiang"},"content":"import nus.trackme.commands.Task;","lastModifiedDate":"2024-03-21"},{"lineNumber":5,"author":{"gitId":"sbkiang"},"content":"import nus.trackme.commands.ToDo;","lastModifiedDate":"2024-03-21"},{"lineNumber":6,"author":{"gitId":"sbkiang"},"content":"import nus.trackme.commands.Deadline;","lastModifiedDate":"2024-03-21"},{"lineNumber":7,"author":{"gitId":"sbkiang"},"content":"import nus.trackme.data.FileIO;","lastModifiedDate":"2024-03-21"},{"lineNumber":8,"author":{"gitId":"sbkiang"},"content":"","lastModifiedDate":"2024-02-15"},{"lineNumber":9,"author":{"gitId":"sbkiang"},"content":"import java.util.ArrayList;","lastModifiedDate":"2024-03-09"},{"lineNumber":10,"author":{"gitId":"sbkiang"},"content":"","lastModifiedDate":"2024-03-09"},{"lineNumber":11,"author":{"gitId":"sbkiang"},"content":"public class ActionTask {","lastModifiedDate":"2024-03-21"},{"lineNumber":12,"author":{"gitId":"sbkiang"},"content":"    private static final int MAX_SIZE \u003d 100;","lastModifiedDate":"2024-02-15"},{"lineNumber":13,"author":{"gitId":"sbkiang"},"content":"","lastModifiedDate":"2024-03-21"},{"lineNumber":14,"author":{"gitId":"sbkiang"},"content":"    //private Task[] tasks;","lastModifiedDate":"2024-03-09"},{"lineNumber":15,"author":{"gitId":"sbkiang"},"content":"    private final ArrayList\u003cTask\u003e tasks;","lastModifiedDate":"2024-03-21"},{"lineNumber":16,"author":{"gitId":"sbkiang"},"content":"","lastModifiedDate":"2024-03-09"},{"lineNumber":17,"author":{"gitId":"sbkiang"},"content":"    private int size;","lastModifiedDate":"2024-02-15"},{"lineNumber":18,"author":{"gitId":"sbkiang"},"content":"","lastModifiedDate":"2024-02-15"},{"lineNumber":19,"author":{"gitId":"sbkiang"},"content":"    public ActionTask(){","lastModifiedDate":"2024-03-21"},{"lineNumber":20,"author":{"gitId":"sbkiang"},"content":"        tasks \u003d new ArrayList\u003c\u003e();","lastModifiedDate":"2024-03-09"},{"lineNumber":21,"author":{"gitId":"sbkiang"},"content":"        size \u003d 0;","lastModifiedDate":"2024-02-15"},{"lineNumber":22,"author":{"gitId":"sbkiang"},"content":"    }","lastModifiedDate":"2024-02-15"},{"lineNumber":23,"author":{"gitId":"sbkiang"},"content":"","lastModifiedDate":"2024-02-15"},{"lineNumber":24,"author":{"gitId":"sbkiang"},"content":"    public void listTasks(){","lastModifiedDate":"2024-02-15"},{"lineNumber":25,"author":{"gitId":"sbkiang"},"content":"        for(int index\u003d0; index \u003c tasks.size(); index++){","lastModifiedDate":"2024-03-09"},{"lineNumber":26,"author":{"gitId":"sbkiang"},"content":"            if(tasks.get(index) \u003d\u003d null){","lastModifiedDate":"2024-03-09"},{"lineNumber":27,"author":{"gitId":"sbkiang"},"content":"                break;","lastModifiedDate":"2024-02-15"},{"lineNumber":28,"author":{"gitId":"sbkiang"},"content":"            }","lastModifiedDate":"2024-02-15"},{"lineNumber":29,"author":{"gitId":"sbkiang"},"content":"            System.out.println((index+1) + \". \" + tasks.get(index).toString());","lastModifiedDate":"2024-03-09"},{"lineNumber":30,"author":{"gitId":"sbkiang"},"content":"        }","lastModifiedDate":"2024-02-15"},{"lineNumber":31,"author":{"gitId":"sbkiang"},"content":"    }","lastModifiedDate":"2024-02-15"},{"lineNumber":32,"author":{"gitId":"sbkiang"},"content":"","lastModifiedDate":"2024-02-15"},{"lineNumber":33,"author":{"gitId":"sbkiang"},"content":"    public void markTaskAsDone(int index){","lastModifiedDate":"2024-02-15"},{"lineNumber":34,"author":{"gitId":"sbkiang"},"content":"        tasks.get(index).markAsDone();","lastModifiedDate":"2024-03-09"},{"lineNumber":35,"author":{"gitId":"sbkiang"},"content":"        new FileIO(\"MARK\", \"1\", index);","lastModifiedDate":"2024-03-21"},{"lineNumber":36,"author":{"gitId":"sbkiang"},"content":"        System.out.println(\"Nice! I\u0027ve marked this task as done:\");","lastModifiedDate":"2024-02-15"},{"lineNumber":37,"author":{"gitId":"sbkiang"},"content":"        System.out.println(tasks.get(index).toString());","lastModifiedDate":"2024-03-09"},{"lineNumber":38,"author":{"gitId":"sbkiang"},"content":"    }","lastModifiedDate":"2024-02-15"},{"lineNumber":39,"author":{"gitId":"sbkiang"},"content":"","lastModifiedDate":"2024-02-15"},{"lineNumber":40,"author":{"gitId":"sbkiang"},"content":"    public void unmarkTaskAsDone(int index){","lastModifiedDate":"2024-02-15"},{"lineNumber":41,"author":{"gitId":"sbkiang"},"content":"        tasks.get(index).unmarkAsDone();","lastModifiedDate":"2024-03-09"},{"lineNumber":42,"author":{"gitId":"sbkiang"},"content":"        new FileIO(\"UNMARK\", \"0\", index);","lastModifiedDate":"2024-03-21"},{"lineNumber":43,"author":{"gitId":"sbkiang"},"content":"        System.out.println(\"Nice! I\u0027ve marked this task as done:\");","lastModifiedDate":"2024-02-15"},{"lineNumber":44,"author":{"gitId":"sbkiang"},"content":"        System.out.println(tasks.get(index).toString());","lastModifiedDate":"2024-03-09"},{"lineNumber":45,"author":{"gitId":"sbkiang"},"content":"    }","lastModifiedDate":"2024-03-09"},{"lineNumber":46,"author":{"gitId":"sbkiang"},"content":"","lastModifiedDate":"2024-03-09"},{"lineNumber":47,"author":{"gitId":"sbkiang"},"content":"    public void deleteTask(int index){","lastModifiedDate":"2024-03-09"},{"lineNumber":48,"author":{"gitId":"sbkiang"},"content":"        System.out.println(\"Noted. I\u0027ve removed this task\");","lastModifiedDate":"2024-03-09"},{"lineNumber":49,"author":{"gitId":"sbkiang"},"content":"        System.out.println(tasks.get(index).toString());","lastModifiedDate":"2024-03-09"},{"lineNumber":50,"author":{"gitId":"sbkiang"},"content":"        tasks.remove(index);","lastModifiedDate":"2024-03-09"},{"lineNumber":51,"author":{"gitId":"sbkiang"},"content":"        new FileIO(\"DELETE\", index);","lastModifiedDate":"2024-03-21"},{"lineNumber":52,"author":{"gitId":"sbkiang"},"content":"        size--;","lastModifiedDate":"2024-03-09"},{"lineNumber":53,"author":{"gitId":"sbkiang"},"content":"        System.out.println(\"Now you have \" + size + \" tasks in the list\");","lastModifiedDate":"2024-03-09"},{"lineNumber":54,"author":{"gitId":"sbkiang"},"content":"    }","lastModifiedDate":"2024-02-15"},{"lineNumber":55,"author":{"gitId":"sbkiang"},"content":"","lastModifiedDate":"2024-02-15"},{"lineNumber":56,"author":{"gitId":"sbkiang"},"content":"    public void toDoTask(String task){","lastModifiedDate":"2024-02-15"},{"lineNumber":57,"author":{"gitId":"sbkiang"},"content":"        tasks.add(new ToDo(task));","lastModifiedDate":"2024-03-09"},{"lineNumber":58,"author":{"gitId":"sbkiang"},"content":"        new FileIO(\"T\", task, \"-\", \"-\", \"-\");","lastModifiedDate":"2024-03-21"},{"lineNumber":59,"author":{"gitId":"sbkiang"},"content":"        size++;","lastModifiedDate":"2024-03-09"},{"lineNumber":60,"author":{"gitId":"sbkiang"},"content":"        System.out.println(\"Got it. I\u0027ve added this task:\");","lastModifiedDate":"2024-02-15"},{"lineNumber":61,"author":{"gitId":"sbkiang"},"content":"        System.out.println(tasks.get(size-1).toString());","lastModifiedDate":"2024-03-09"},{"lineNumber":62,"author":{"gitId":"sbkiang"},"content":"        System.out.println(\"Now you have \" + size + \" tasks in the list\");","lastModifiedDate":"2024-02-15"},{"lineNumber":63,"author":{"gitId":"sbkiang"},"content":"    }","lastModifiedDate":"2024-02-15"},{"lineNumber":64,"author":{"gitId":"sbkiang"},"content":"","lastModifiedDate":"2024-02-15"},{"lineNumber":65,"author":{"gitId":"sbkiang"},"content":"    public void deadlineTask(String task, String by){","lastModifiedDate":"2024-02-15"},{"lineNumber":66,"author":{"gitId":"sbkiang"},"content":"        tasks.add(new Deadline(task, by));","lastModifiedDate":"2024-03-09"},{"lineNumber":67,"author":{"gitId":"sbkiang"},"content":"        new FileIO(\"D\", task, by, \"-\", \"-\");","lastModifiedDate":"2024-03-21"},{"lineNumber":68,"author":{"gitId":"sbkiang"},"content":"        size++;","lastModifiedDate":"2024-03-09"},{"lineNumber":69,"author":{"gitId":"sbkiang"},"content":"        System.out.println(\"Got it. I\u0027ve added this task:\");","lastModifiedDate":"2024-02-15"},{"lineNumber":70,"author":{"gitId":"sbkiang"},"content":"        System.out.println(tasks.get(size-1).toString());","lastModifiedDate":"2024-03-09"},{"lineNumber":71,"author":{"gitId":"sbkiang"},"content":"        System.out.println(\"Now you have \" + size + \" tasks in the list\");","lastModifiedDate":"2024-02-15"},{"lineNumber":72,"author":{"gitId":"sbkiang"},"content":"    }","lastModifiedDate":"2024-02-15"},{"lineNumber":73,"author":{"gitId":"sbkiang"},"content":"","lastModifiedDate":"2024-02-15"},{"lineNumber":74,"author":{"gitId":"sbkiang"},"content":"    public void eventTask(String task, String from, String to){","lastModifiedDate":"2024-02-15"},{"lineNumber":75,"author":{"gitId":"sbkiang"},"content":"        tasks.add(new Event(task, from, to));","lastModifiedDate":"2024-03-09"},{"lineNumber":76,"author":{"gitId":"sbkiang"},"content":"        new FileIO(\"E\", task, \"-\", from, to);","lastModifiedDate":"2024-03-21"},{"lineNumber":77,"author":{"gitId":"sbkiang"},"content":"        size++;","lastModifiedDate":"2024-03-09"},{"lineNumber":78,"author":{"gitId":"sbkiang"},"content":"        System.out.println(\"Got it. I\u0027ve added this task:\");","lastModifiedDate":"2024-02-15"},{"lineNumber":79,"author":{"gitId":"sbkiang"},"content":"        System.out.println(tasks.get(size-1).toString());","lastModifiedDate":"2024-03-09"},{"lineNumber":80,"author":{"gitId":"sbkiang"},"content":"        System.out.println(\"Now you have \" + size + \" tasks in the list\");","lastModifiedDate":"2024-02-15"},{"lineNumber":81,"author":{"gitId":"sbkiang"},"content":"    }","lastModifiedDate":"2024-02-15"},{"lineNumber":82,"author":{"gitId":"sbkiang"},"content":"","lastModifiedDate":"2024-02-15"},{"lineNumber":83,"author":{"gitId":"sbkiang"},"content":"    public void endTaskProgram(){","lastModifiedDate":"2024-02-15"},{"lineNumber":84,"author":{"gitId":"sbkiang"},"content":"        System.out.println(\"Bye. Hope to see you again\");","lastModifiedDate":"2024-02-15"},{"lineNumber":85,"author":{"gitId":"sbkiang"},"content":"        System.exit(0);","lastModifiedDate":"2024-02-15"},{"lineNumber":86,"author":{"gitId":"sbkiang"},"content":"    }","lastModifiedDate":"2024-02-15"},{"lineNumber":87,"author":{"gitId":"sbkiang"},"content":"","lastModifiedDate":"2024-02-15"},{"lineNumber":88,"author":{"gitId":"sbkiang"},"content":"","lastModifiedDate":"2024-03-21"},{"lineNumber":89,"author":{"gitId":"sbkiang"},"content":"}","lastModifiedDate":"2024-02-15"}],"authorContributionMap":{"sbkiang":89}},{"path":"src/main/java/nus/trackme/commands/Deadline.java","fileType":"java","lines":[{"lineNumber":1,"author":{"gitId":"sbkiang"},"content":"package nus.trackme.commands;","lastModifiedDate":"2024-03-21"},{"lineNumber":2,"author":{"gitId":"sbkiang"},"content":"","lastModifiedDate":"2024-02-15"},{"lineNumber":3,"author":{"gitId":"sbkiang"},"content":"public class Deadline extends Task {","lastModifiedDate":"2024-02-04"},{"lineNumber":4,"author":{"gitId":"sbkiang"},"content":"","lastModifiedDate":"2024-02-04"},{"lineNumber":5,"author":{"gitId":"sbkiang"},"content":"    protected String by;","lastModifiedDate":"2024-02-04"},{"lineNumber":6,"author":{"gitId":"sbkiang"},"content":"    public Deadline(String description, String by) {","lastModifiedDate":"2024-02-04"},{"lineNumber":7,"author":{"gitId":"sbkiang"},"content":"        super(description);","lastModifiedDate":"2024-02-04"},{"lineNumber":8,"author":{"gitId":"sbkiang"},"content":"        this.by \u003d by;","lastModifiedDate":"2024-02-04"},{"lineNumber":9,"author":{"gitId":"sbkiang"},"content":"    }","lastModifiedDate":"2024-02-04"},{"lineNumber":10,"author":{"gitId":"sbkiang"},"content":"    @Override","lastModifiedDate":"2024-02-04"},{"lineNumber":11,"author":{"gitId":"sbkiang"},"content":"    public String toString() {","lastModifiedDate":"2024-02-04"},{"lineNumber":12,"author":{"gitId":"sbkiang"},"content":"        return \"[D]\" + super.toString() + \" \" + \"(by: \" + by + \")\";","lastModifiedDate":"2024-02-17"},{"lineNumber":13,"author":{"gitId":"sbkiang"},"content":"    }","lastModifiedDate":"2024-02-04"},{"lineNumber":14,"author":{"gitId":"sbkiang"},"content":"}","lastModifiedDate":"2024-02-04"}],"authorContributionMap":{"sbkiang":14}},{"path":"src/main/java/nus/trackme/commands/Event.java","fileType":"java","lines":[{"lineNumber":1,"author":{"gitId":"sbkiang"},"content":"package nus.trackme.commands;","lastModifiedDate":"2024-03-21"},{"lineNumber":2,"author":{"gitId":"sbkiang"},"content":"","lastModifiedDate":"2024-02-15"},{"lineNumber":3,"author":{"gitId":"sbkiang"},"content":"public class Event extends Task {","lastModifiedDate":"2024-02-04"},{"lineNumber":4,"author":{"gitId":"sbkiang"},"content":"","lastModifiedDate":"2024-02-04"},{"lineNumber":5,"author":{"gitId":"sbkiang"},"content":"    protected String from;","lastModifiedDate":"2024-02-04"},{"lineNumber":6,"author":{"gitId":"sbkiang"},"content":"    protected String to;","lastModifiedDate":"2024-02-04"},{"lineNumber":7,"author":{"gitId":"sbkiang"},"content":"    public Event(String description, String from, String to) {","lastModifiedDate":"2024-02-04"},{"lineNumber":8,"author":{"gitId":"sbkiang"},"content":"","lastModifiedDate":"2024-02-04"},{"lineNumber":9,"author":{"gitId":"sbkiang"},"content":"        super(description);","lastModifiedDate":"2024-02-04"},{"lineNumber":10,"author":{"gitId":"sbkiang"},"content":"        this.from \u003d from;","lastModifiedDate":"2024-02-04"},{"lineNumber":11,"author":{"gitId":"sbkiang"},"content":"        this.to \u003d to;","lastModifiedDate":"2024-02-04"},{"lineNumber":12,"author":{"gitId":"sbkiang"},"content":"","lastModifiedDate":"2024-02-04"},{"lineNumber":13,"author":{"gitId":"sbkiang"},"content":"    }","lastModifiedDate":"2024-02-04"},{"lineNumber":14,"author":{"gitId":"sbkiang"},"content":"","lastModifiedDate":"2024-02-04"},{"lineNumber":15,"author":{"gitId":"sbkiang"},"content":"    @Override","lastModifiedDate":"2024-02-04"},{"lineNumber":16,"author":{"gitId":"sbkiang"},"content":"    public String toString() {","lastModifiedDate":"2024-02-04"},{"lineNumber":17,"author":{"gitId":"sbkiang"},"content":"        return \"[E]\" + super.toString() + \" (from: \" + from + \" to: \" + to + \")\";","lastModifiedDate":"2024-02-04"},{"lineNumber":18,"author":{"gitId":"sbkiang"},"content":"    }","lastModifiedDate":"2024-02-04"},{"lineNumber":19,"author":{"gitId":"sbkiang"},"content":"}","lastModifiedDate":"2024-02-04"}],"authorContributionMap":{"sbkiang":19}},{"path":"src/main/java/nus/trackme/commands/Task.java","fileType":"java","lines":[{"lineNumber":1,"author":{"gitId":"sbkiang"},"content":"package nus.trackme.commands;","lastModifiedDate":"2024-03-21"},{"lineNumber":2,"author":{"gitId":"sbkiang"},"content":"","lastModifiedDate":"2024-02-15"},{"lineNumber":3,"author":{"gitId":"sbkiang"},"content":"public class Task {","lastModifiedDate":"2024-01-31"},{"lineNumber":4,"author":{"gitId":"sbkiang"},"content":"    protected String description;","lastModifiedDate":"2024-01-31"},{"lineNumber":5,"author":{"gitId":"sbkiang"},"content":"    protected boolean isDone;","lastModifiedDate":"2024-01-31"},{"lineNumber":6,"author":{"gitId":"sbkiang"},"content":"","lastModifiedDate":"2024-01-31"},{"lineNumber":7,"author":{"gitId":"sbkiang"},"content":"    public Task(String description){","lastModifiedDate":"2024-01-31"},{"lineNumber":8,"author":{"gitId":"sbkiang"},"content":"        this.description \u003d description;","lastModifiedDate":"2024-01-31"},{"lineNumber":9,"author":{"gitId":"sbkiang"},"content":"        this.isDone \u003d false;","lastModifiedDate":"2024-01-31"},{"lineNumber":10,"author":{"gitId":"sbkiang"},"content":"    }","lastModifiedDate":"2024-01-31"},{"lineNumber":11,"author":{"gitId":"sbkiang"},"content":"","lastModifiedDate":"2024-01-31"},{"lineNumber":12,"author":{"gitId":"sbkiang"},"content":"    public String getStatusIcon(){","lastModifiedDate":"2024-01-31"},{"lineNumber":13,"author":{"gitId":"sbkiang"},"content":"        return (isDone ? \"X\" : \" \");","lastModifiedDate":"2024-01-31"},{"lineNumber":14,"author":{"gitId":"sbkiang"},"content":"    }","lastModifiedDate":"2024-01-31"},{"lineNumber":15,"author":{"gitId":"sbkiang"},"content":"","lastModifiedDate":"2024-01-31"},{"lineNumber":16,"author":{"gitId":"sbkiang"},"content":"    public void markAsDone(){","lastModifiedDate":"2024-01-31"},{"lineNumber":17,"author":{"gitId":"sbkiang"},"content":"       this.isDone \u003d true;","lastModifiedDate":"2024-01-31"},{"lineNumber":18,"author":{"gitId":"sbkiang"},"content":"    }","lastModifiedDate":"2024-01-31"},{"lineNumber":19,"author":{"gitId":"sbkiang"},"content":"","lastModifiedDate":"2024-01-31"},{"lineNumber":20,"author":{"gitId":"sbkiang"},"content":"    public void unmarkAsDone(){","lastModifiedDate":"2024-02-04"},{"lineNumber":21,"author":{"gitId":"sbkiang"},"content":"        this.isDone \u003d false;","lastModifiedDate":"2024-02-04"},{"lineNumber":22,"author":{"gitId":"sbkiang"},"content":"    }","lastModifiedDate":"2024-02-04"},{"lineNumber":23,"author":{"gitId":"sbkiang"},"content":"","lastModifiedDate":"2024-02-04"},{"lineNumber":24,"author":{"gitId":"sbkiang"},"content":"    public String toString(){","lastModifiedDate":"2024-02-04"},{"lineNumber":25,"author":{"gitId":"sbkiang"},"content":"        return \"[\" + getStatusIcon() +\"] \" + description;","lastModifiedDate":"2024-02-04"},{"lineNumber":26,"author":{"gitId":"sbkiang"},"content":"    }","lastModifiedDate":"2024-02-04"},{"lineNumber":27,"author":{"gitId":"sbkiang"},"content":"","lastModifiedDate":"2024-02-04"},{"lineNumber":28,"author":{"gitId":"sbkiang"},"content":"}","lastModifiedDate":"2024-01-31"}],"authorContributionMap":{"sbkiang":28}},{"path":"src/main/java/nus/trackme/commands/ToDo.java","fileType":"java","lines":[{"lineNumber":1,"author":{"gitId":"sbkiang"},"content":"package nus.trackme.commands;","lastModifiedDate":"2024-03-21"},{"lineNumber":2,"author":{"gitId":"sbkiang"},"content":"","lastModifiedDate":"2024-02-15"},{"lineNumber":3,"author":{"gitId":"sbkiang"},"content":"public class ToDo extends Task {","lastModifiedDate":"2024-02-04"},{"lineNumber":4,"author":{"gitId":"sbkiang"},"content":"","lastModifiedDate":"2024-02-04"},{"lineNumber":5,"author":{"gitId":"sbkiang"},"content":"    public ToDo(String description) {","lastModifiedDate":"2024-02-04"},{"lineNumber":6,"author":{"gitId":"sbkiang"},"content":"        super(description);","lastModifiedDate":"2024-02-04"},{"lineNumber":7,"author":{"gitId":"sbkiang"},"content":"    }","lastModifiedDate":"2024-02-04"},{"lineNumber":8,"author":{"gitId":"sbkiang"},"content":"","lastModifiedDate":"2024-02-04"},{"lineNumber":9,"author":{"gitId":"sbkiang"},"content":"    @Override","lastModifiedDate":"2024-02-04"},{"lineNumber":10,"author":{"gitId":"sbkiang"},"content":"    public String toString() {","lastModifiedDate":"2024-02-04"},{"lineNumber":11,"author":{"gitId":"sbkiang"},"content":"        return \"[T]\" + super.toString();","lastModifiedDate":"2024-02-04"},{"lineNumber":12,"author":{"gitId":"sbkiang"},"content":"    }","lastModifiedDate":"2024-02-04"},{"lineNumber":13,"author":{"gitId":"sbkiang"},"content":"}","lastModifiedDate":"2024-02-04"}],"authorContributionMap":{"sbkiang":13}},{"path":"src/main/java/nus/trackme/common/EnumList.java","fileType":"java","lines":[{"lineNumber":1,"author":{"gitId":"sbkiang"},"content":"package nus.trackme.common;","lastModifiedDate":"2024-03-21"},{"lineNumber":2,"author":{"gitId":"sbkiang"},"content":"","lastModifiedDate":"2024-03-21"},{"lineNumber":3,"author":{"gitId":"sbkiang"},"content":"public class EnumList {","lastModifiedDate":"2024-03-21"},{"lineNumber":4,"author":{"gitId":"sbkiang"},"content":"    public enum CMD{","lastModifiedDate":"2024-03-21"},{"lineNumber":5,"author":{"gitId":"sbkiang"},"content":"        LIST, TODO, EVENT, DEADLINE, DELETE, MARK, UNMARK, BYE","lastModifiedDate":"2024-03-21"},{"lineNumber":6,"author":{"gitId":"sbkiang"},"content":"    }","lastModifiedDate":"2024-03-21"},{"lineNumber":7,"author":{"gitId":"sbkiang"},"content":"","lastModifiedDate":"2024-03-21"},{"lineNumber":8,"author":{"gitId":"sbkiang"},"content":"    public enum TYPE{","lastModifiedDate":"2024-03-21"},{"lineNumber":9,"author":{"gitId":"sbkiang"},"content":"        D, E, T","lastModifiedDate":"2024-03-21"},{"lineNumber":10,"author":{"gitId":"sbkiang"},"content":"    }","lastModifiedDate":"2024-03-21"},{"lineNumber":11,"author":{"gitId":"sbkiang"},"content":"}","lastModifiedDate":"2024-03-21"}],"authorContributionMap":{"sbkiang":11}},{"path":"src/main/java/nus/trackme/common/Logo.java","fileType":"java","lines":[{"lineNumber":1,"author":{"gitId":"sbkiang"},"content":"package nus.trackme.common;","lastModifiedDate":"2024-03-21"},{"lineNumber":2,"author":{"gitId":"sbkiang"},"content":"","lastModifiedDate":"2024-02-15"},{"lineNumber":3,"author":{"gitId":"sbkiang"},"content":"public class Logo {","lastModifiedDate":"2024-02-15"},{"lineNumber":4,"author":{"gitId":"sbkiang"},"content":"    //Design below adapted from \"https://patorjk.com/software/taag/#p\u003ddisplay\u0026f\u003dBlocks\u0026t\u003dTrackMe\"","lastModifiedDate":"2024-02-15"},{"lineNumber":5,"author":{"gitId":"sbkiang"},"content":"","lastModifiedDate":"2024-02-15"},{"lineNumber":6,"author":{"gitId":"sbkiang"},"content":"    public static final String LOGO \u003d \".----------------.  .----------------.  .----------------.  .----------------.  .----------------.  .----------------.  .----------------. \\n\"","lastModifiedDate":"2024-02-15"},{"lineNumber":7,"author":{"gitId":"sbkiang"},"content":"            + \"| .--------------. || .--------------. || .--------------. || .--------------. || .--------------. || .--------------. || .--------------. |\\n\"","lastModifiedDate":"2024-02-15"},{"lineNumber":8,"author":{"gitId":"sbkiang"},"content":"            + \"| |  _________   | || |  _______     | || |      __      | || |     ______   | || |  ___  ____   | || | ____    ____ | || |  _________   | |\\n\"","lastModifiedDate":"2024-02-15"},{"lineNumber":9,"author":{"gitId":"sbkiang"},"content":"            + \"| | |  _   _  |  | || | |_   __ \\\\    | || |     /  \\\\     | || |   .\u0027 ___  |  | || | |_  ||_  _|  | || ||_   \\\\  /   _|| || | |_   ___  |  | |\\n\"","lastModifiedDate":"2024-02-15"},{"lineNumber":10,"author":{"gitId":"sbkiang"},"content":"            + \"| | |_/ | | \\\\_|  | || |   | |__) |   | || |    / /\\\\ \\\\    | || |  / .\u0027   \\\\_|  | || |   | |_/ /    | || |  |   \\\\/   |  | || |   | |_  \\\\_|  | |\\n\"","lastModifiedDate":"2024-02-15"},{"lineNumber":11,"author":{"gitId":"sbkiang"},"content":"            + \"| |     | |      | || |   |  __ /    | || |   / ____ \\\\   | || |  | |         | || |   |  __\u0027.    | || |  | |\\\\  /| |  | || |   |  _|  _   | |\\n\"","lastModifiedDate":"2024-02-15"},{"lineNumber":12,"author":{"gitId":"sbkiang"},"content":"            + \"| |    _| |_     | || |  _| |  \\\\ \\\\_  | || | _/ /    \\\\ \\\\_ | || |  \\\\ `.___.\u0027\\\\  | || |  _| |  \\\\ \\\\_  | || | _| |_\\\\/_| |_ | || |  _| |___/ |  | |\\n\"","lastModifiedDate":"2024-02-15"},{"lineNumber":13,"author":{"gitId":"sbkiang"},"content":"            + \"| |   |_____|    | || | |____| |___| | || ||____|  |____|| || |   `._____.\u0027  | || | |____||____| | || ||_____||_____|| || | |_________|  | |\\n\"","lastModifiedDate":"2024-02-15"},{"lineNumber":14,"author":{"gitId":"sbkiang"},"content":"            + \"| |              | || |              | || |              | || |              | || |              | || |              | || |              | |\\n\"","lastModifiedDate":"2024-02-15"},{"lineNumber":15,"author":{"gitId":"sbkiang"},"content":"            + \"| \u0027--------------\u0027 || \u0027--------------\u0027 || \u0027--------------\u0027 || \u0027--------------\u0027 || \u0027--------------\u0027 || \u0027--------------\u0027 || \u0027--------------\u0027 |\\n\"","lastModifiedDate":"2024-02-15"},{"lineNumber":16,"author":{"gitId":"sbkiang"},"content":"            + \"\u0027----------------\u0027  \u0027----------------\u0027  \u0027----------------\u0027  \u0027----------------\u0027  \u0027----------------\u0027  \u0027----------------\u0027  \u0027----------------\u0027\\n\";","lastModifiedDate":"2024-02-15"},{"lineNumber":17,"author":{"gitId":"sbkiang"},"content":"","lastModifiedDate":"2024-02-15"},{"lineNumber":18,"author":{"gitId":"sbkiang"},"content":"","lastModifiedDate":"2024-02-15"},{"lineNumber":19,"author":{"gitId":"sbkiang"},"content":"}","lastModifiedDate":"2024-02-15"}],"authorContributionMap":{"sbkiang":19}},{"path":"src/main/java/nus/trackme/data/FileIO.java","fileType":"java","lines":[{"lineNumber":1,"author":{"gitId":"sbkiang"},"content":"package nus.trackme.data;","lastModifiedDate":"2024-03-21"},{"lineNumber":2,"author":{"gitId":"sbkiang"},"content":"","lastModifiedDate":"2024-03-21"},{"lineNumber":3,"author":{"gitId":"sbkiang"},"content":"import java.io.BufferedReader;","lastModifiedDate":"2024-03-21"},{"lineNumber":4,"author":{"gitId":"sbkiang"},"content":"import java.io.BufferedWriter;","lastModifiedDate":"2024-03-21"},{"lineNumber":5,"author":{"gitId":"sbkiang"},"content":"import java.io.File;","lastModifiedDate":"2024-03-21"},{"lineNumber":6,"author":{"gitId":"sbkiang"},"content":"import java.io.FileReader;","lastModifiedDate":"2024-03-21"},{"lineNumber":7,"author":{"gitId":"sbkiang"},"content":"import java.io.FileWriter;","lastModifiedDate":"2024-03-21"},{"lineNumber":8,"author":{"gitId":"sbkiang"},"content":"import java.io.IOException;","lastModifiedDate":"2024-03-21"},{"lineNumber":9,"author":{"gitId":"sbkiang"},"content":"","lastModifiedDate":"2024-03-21"},{"lineNumber":10,"author":{"gitId":"sbkiang"},"content":"public class FileIO {","lastModifiedDate":"2024-03-21"},{"lineNumber":11,"author":{"gitId":"sbkiang"},"content":"","lastModifiedDate":"2024-03-21"},{"lineNumber":12,"author":{"gitId":"sbkiang"},"content":"    private static final String filename \u003d \".\\\\src\\\\main\\\\java\\\\nus\\\\trackme\\\\data\\\\storage.txt\";","lastModifiedDate":"2024-03-21"},{"lineNumber":13,"author":{"gitId":"sbkiang"},"content":"","lastModifiedDate":"2024-03-21"},{"lineNumber":14,"author":{"gitId":"sbkiang"},"content":"    private static final File tempFile \u003d new File(\".\\\\src\\\\main\\\\java\\\\nus\\\\trackme\\\\data\\\\tmp.txt\");","lastModifiedDate":"2024-03-21"},{"lineNumber":15,"author":{"gitId":"sbkiang"},"content":"","lastModifiedDate":"2024-03-21"},{"lineNumber":16,"author":{"gitId":"sbkiang"},"content":"    public FileIO(String cmd, String task, String by, String from, String to) {","lastModifiedDate":"2024-03-21"},{"lineNumber":17,"author":{"gitId":"sbkiang"},"content":"        SaveTask(cmd, task, by, from, to);","lastModifiedDate":"2024-03-21"},{"lineNumber":18,"author":{"gitId":"sbkiang"},"content":"    }","lastModifiedDate":"2024-03-21"},{"lineNumber":19,"author":{"gitId":"sbkiang"},"content":"","lastModifiedDate":"2024-03-21"},{"lineNumber":20,"author":{"gitId":"sbkiang"},"content":"    public FileIO(String cmd, String isDone, int index) {","lastModifiedDate":"2024-03-21"},{"lineNumber":21,"author":{"gitId":"sbkiang"},"content":"        ModifyTask(cmd, isDone, index);","lastModifiedDate":"2024-03-21"},{"lineNumber":22,"author":{"gitId":"sbkiang"},"content":"    }","lastModifiedDate":"2024-03-21"},{"lineNumber":23,"author":{"gitId":"sbkiang"},"content":"","lastModifiedDate":"2024-03-21"},{"lineNumber":24,"author":{"gitId":"sbkiang"},"content":"    public FileIO(String cmd, int index) {","lastModifiedDate":"2024-03-21"},{"lineNumber":25,"author":{"gitId":"sbkiang"},"content":"        DeleteTask(cmd, index);","lastModifiedDate":"2024-03-21"},{"lineNumber":26,"author":{"gitId":"sbkiang"},"content":"    }","lastModifiedDate":"2024-03-21"},{"lineNumber":27,"author":{"gitId":"sbkiang"},"content":"","lastModifiedDate":"2024-03-21"},{"lineNumber":28,"author":{"gitId":"sbkiang"},"content":"    public void SaveTask(String cmd, String task, String by, String from, String to){","lastModifiedDate":"2024-03-21"},{"lineNumber":29,"author":{"gitId":"sbkiang"},"content":"","lastModifiedDate":"2024-03-21"},{"lineNumber":30,"author":{"gitId":"sbkiang"},"content":"        //Reference: \"https://www.youtube.com/watch?v\u003dScUJx4aWRi0\u0026ab_channel\u003dCodingwithJohn\"","lastModifiedDate":"2024-03-21"},{"lineNumber":31,"author":{"gitId":"sbkiang"},"content":"        //File Format: command type, task, isDone, by, from, to","lastModifiedDate":"2024-03-21"},{"lineNumber":32,"author":{"gitId":"sbkiang"},"content":"        try (BufferedWriter writer \u003d new BufferedWriter(new FileWriter(filename, true))){","lastModifiedDate":"2024-03-21"},{"lineNumber":33,"author":{"gitId":"sbkiang"},"content":"            writer.write(cmd + \",\" + task + \",\" + \"0\" + \",\" + by + \",\" + from + \",\" + to);","lastModifiedDate":"2024-03-21"},{"lineNumber":34,"author":{"gitId":"sbkiang"},"content":"            writer.newLine();","lastModifiedDate":"2024-03-21"},{"lineNumber":35,"author":{"gitId":"sbkiang"},"content":"        } catch (IOException e) {","lastModifiedDate":"2024-03-21"},{"lineNumber":36,"author":{"gitId":"sbkiang"},"content":"            e.printStackTrace();","lastModifiedDate":"2024-03-21"},{"lineNumber":37,"author":{"gitId":"sbkiang"},"content":"        }","lastModifiedDate":"2024-03-21"},{"lineNumber":38,"author":{"gitId":"sbkiang"},"content":"","lastModifiedDate":"2024-03-21"},{"lineNumber":39,"author":{"gitId":"sbkiang"},"content":"    }","lastModifiedDate":"2024-03-21"},{"lineNumber":40,"author":{"gitId":"sbkiang"},"content":"","lastModifiedDate":"2024-03-21"},{"lineNumber":41,"author":{"gitId":"sbkiang"},"content":"    public void ModifyTask(String cmd, String isDone, int index){","lastModifiedDate":"2024-03-21"},{"lineNumber":42,"author":{"gitId":"sbkiang"},"content":"","lastModifiedDate":"2024-03-21"},{"lineNumber":43,"author":{"gitId":"sbkiang"},"content":"        try (BufferedWriter writer \u003d new BufferedWriter(new FileWriter(tempFile))) {","lastModifiedDate":"2024-03-21"},{"lineNumber":44,"author":{"gitId":"sbkiang"},"content":"            // Empty the temporary file","lastModifiedDate":"2024-03-21"},{"lineNumber":45,"author":{"gitId":"sbkiang"},"content":"            writer.write(\"\"); // Write an empty string","lastModifiedDate":"2024-03-21"},{"lineNumber":46,"author":{"gitId":"sbkiang"},"content":"        } catch (IOException e) {","lastModifiedDate":"2024-03-21"},{"lineNumber":47,"author":{"gitId":"sbkiang"},"content":"            e.printStackTrace();","lastModifiedDate":"2024-03-21"},{"lineNumber":48,"author":{"gitId":"sbkiang"},"content":"            return;","lastModifiedDate":"2024-03-21"},{"lineNumber":49,"author":{"gitId":"sbkiang"},"content":"        }","lastModifiedDate":"2024-03-21"},{"lineNumber":50,"author":{"gitId":"sbkiang"},"content":"","lastModifiedDate":"2024-03-21"},{"lineNumber":51,"author":{"gitId":"sbkiang"},"content":"        try (BufferedWriter writer \u003d new BufferedWriter(new FileWriter(tempFile, true));","lastModifiedDate":"2024-03-21"},{"lineNumber":52,"author":{"gitId":"sbkiang"},"content":"             BufferedReader reader \u003d new BufferedReader(new FileReader(filename))){","lastModifiedDate":"2024-03-21"},{"lineNumber":53,"author":{"gitId":"sbkiang"},"content":"","lastModifiedDate":"2024-03-21"},{"lineNumber":54,"author":{"gitId":"sbkiang"},"content":"            String line, tmp;","lastModifiedDate":"2024-03-21"},{"lineNumber":55,"author":{"gitId":"sbkiang"},"content":"            int idx \u003d 0;","lastModifiedDate":"2024-03-21"},{"lineNumber":56,"author":{"gitId":"sbkiang"},"content":"","lastModifiedDate":"2024-03-21"},{"lineNumber":57,"author":{"gitId":"sbkiang"},"content":"            while ((line \u003d reader.readLine()) !\u003d null) {","lastModifiedDate":"2024-03-21"},{"lineNumber":58,"author":{"gitId":"sbkiang"},"content":"                if(idx \u003d\u003d index){","lastModifiedDate":"2024-03-21"},{"lineNumber":59,"author":{"gitId":"sbkiang"},"content":"                    tmp \u003d line;","lastModifiedDate":"2024-03-21"},{"lineNumber":60,"author":{"gitId":"sbkiang"},"content":"                    String[] parts \u003d tmp.split(\",\");","lastModifiedDate":"2024-03-21"},{"lineNumber":61,"author":{"gitId":"sbkiang"},"content":"                    parts[2] \u003d isDone;","lastModifiedDate":"2024-03-21"},{"lineNumber":62,"author":{"gitId":"sbkiang"},"content":"                    line \u003d String.join(\",\", parts);","lastModifiedDate":"2024-03-21"},{"lineNumber":63,"author":{"gitId":"sbkiang"},"content":"                }","lastModifiedDate":"2024-03-21"},{"lineNumber":64,"author":{"gitId":"sbkiang"},"content":"                idx++;","lastModifiedDate":"2024-03-21"},{"lineNumber":65,"author":{"gitId":"sbkiang"},"content":"","lastModifiedDate":"2024-03-21"},{"lineNumber":66,"author":{"gitId":"sbkiang"},"content":"                writer.write(line);","lastModifiedDate":"2024-03-21"},{"lineNumber":67,"author":{"gitId":"sbkiang"},"content":"                writer.newLine();","lastModifiedDate":"2024-03-21"},{"lineNumber":68,"author":{"gitId":"sbkiang"},"content":"","lastModifiedDate":"2024-03-21"},{"lineNumber":69,"author":{"gitId":"sbkiang"},"content":"            }","lastModifiedDate":"2024-03-21"},{"lineNumber":70,"author":{"gitId":"sbkiang"},"content":"","lastModifiedDate":"2024-03-21"},{"lineNumber":71,"author":{"gitId":"sbkiang"},"content":"        } catch (IOException e) {","lastModifiedDate":"2024-03-21"},{"lineNumber":72,"author":{"gitId":"sbkiang"},"content":"            e.printStackTrace();","lastModifiedDate":"2024-03-21"},{"lineNumber":73,"author":{"gitId":"sbkiang"},"content":"        }","lastModifiedDate":"2024-03-21"},{"lineNumber":74,"author":{"gitId":"sbkiang"},"content":"","lastModifiedDate":"2024-03-21"},{"lineNumber":75,"author":{"gitId":"sbkiang"},"content":"        File originalFile \u003d new File(filename);","lastModifiedDate":"2024-03-21"},{"lineNumber":76,"author":{"gitId":"sbkiang"},"content":"        if (originalFile.exists()) {","lastModifiedDate":"2024-03-21"},{"lineNumber":77,"author":{"gitId":"sbkiang"},"content":"            originalFile.delete();","lastModifiedDate":"2024-03-21"},{"lineNumber":78,"author":{"gitId":"sbkiang"},"content":"        }","lastModifiedDate":"2024-03-21"},{"lineNumber":79,"author":{"gitId":"sbkiang"},"content":"        tempFile.renameTo(originalFile);","lastModifiedDate":"2024-03-21"},{"lineNumber":80,"author":{"gitId":"sbkiang"},"content":"","lastModifiedDate":"2024-03-21"},{"lineNumber":81,"author":{"gitId":"sbkiang"},"content":"    }","lastModifiedDate":"2024-03-21"},{"lineNumber":82,"author":{"gitId":"sbkiang"},"content":"","lastModifiedDate":"2024-03-21"},{"lineNumber":83,"author":{"gitId":"sbkiang"},"content":"    public void DeleteTask(String cmd, int index){","lastModifiedDate":"2024-03-21"},{"lineNumber":84,"author":{"gitId":"sbkiang"},"content":"","lastModifiedDate":"2024-03-21"},{"lineNumber":85,"author":{"gitId":"sbkiang"},"content":"        try (BufferedWriter writer \u003d new BufferedWriter(new FileWriter(tempFile))) {","lastModifiedDate":"2024-03-21"},{"lineNumber":86,"author":{"gitId":"sbkiang"},"content":"            // Empty the temporary file","lastModifiedDate":"2024-03-21"},{"lineNumber":87,"author":{"gitId":"sbkiang"},"content":"            writer.write(\"\"); // Write an empty string","lastModifiedDate":"2024-03-21"},{"lineNumber":88,"author":{"gitId":"sbkiang"},"content":"        } catch (IOException e) {","lastModifiedDate":"2024-03-21"},{"lineNumber":89,"author":{"gitId":"sbkiang"},"content":"            e.printStackTrace();","lastModifiedDate":"2024-03-21"},{"lineNumber":90,"author":{"gitId":"sbkiang"},"content":"            return;","lastModifiedDate":"2024-03-21"},{"lineNumber":91,"author":{"gitId":"sbkiang"},"content":"        }","lastModifiedDate":"2024-03-21"},{"lineNumber":92,"author":{"gitId":"sbkiang"},"content":"","lastModifiedDate":"2024-03-21"},{"lineNumber":93,"author":{"gitId":"sbkiang"},"content":"        try (BufferedWriter writer \u003d new BufferedWriter(new FileWriter(tempFile, true));","lastModifiedDate":"2024-03-21"},{"lineNumber":94,"author":{"gitId":"sbkiang"},"content":"             BufferedReader reader \u003d new BufferedReader(new FileReader(filename))){","lastModifiedDate":"2024-03-21"},{"lineNumber":95,"author":{"gitId":"sbkiang"},"content":"","lastModifiedDate":"2024-03-21"},{"lineNumber":96,"author":{"gitId":"sbkiang"},"content":"            String line;","lastModifiedDate":"2024-03-21"},{"lineNumber":97,"author":{"gitId":"sbkiang"},"content":"            int idx \u003d 0;","lastModifiedDate":"2024-03-21"},{"lineNumber":98,"author":{"gitId":"sbkiang"},"content":"","lastModifiedDate":"2024-03-21"},{"lineNumber":99,"author":{"gitId":"sbkiang"},"content":"            while ((line \u003d reader.readLine()) !\u003d null) {","lastModifiedDate":"2024-03-21"},{"lineNumber":100,"author":{"gitId":"sbkiang"},"content":"                if(idx !\u003d index){","lastModifiedDate":"2024-03-21"},{"lineNumber":101,"author":{"gitId":"sbkiang"},"content":"                    //skip that task mean delete the task","lastModifiedDate":"2024-03-21"},{"lineNumber":102,"author":{"gitId":"sbkiang"},"content":"                    writer.write(line);","lastModifiedDate":"2024-03-21"},{"lineNumber":103,"author":{"gitId":"sbkiang"},"content":"                    writer.newLine();","lastModifiedDate":"2024-03-21"},{"lineNumber":104,"author":{"gitId":"sbkiang"},"content":"                }","lastModifiedDate":"2024-03-21"},{"lineNumber":105,"author":{"gitId":"sbkiang"},"content":"                idx++;","lastModifiedDate":"2024-03-21"},{"lineNumber":106,"author":{"gitId":"sbkiang"},"content":"","lastModifiedDate":"2024-03-21"},{"lineNumber":107,"author":{"gitId":"sbkiang"},"content":"            }","lastModifiedDate":"2024-03-21"},{"lineNumber":108,"author":{"gitId":"sbkiang"},"content":"","lastModifiedDate":"2024-03-21"},{"lineNumber":109,"author":{"gitId":"sbkiang"},"content":"        } catch (IOException e) {","lastModifiedDate":"2024-03-21"},{"lineNumber":110,"author":{"gitId":"sbkiang"},"content":"            e.printStackTrace();","lastModifiedDate":"2024-03-21"},{"lineNumber":111,"author":{"gitId":"sbkiang"},"content":"        }","lastModifiedDate":"2024-03-21"},{"lineNumber":112,"author":{"gitId":"sbkiang"},"content":"","lastModifiedDate":"2024-03-21"},{"lineNumber":113,"author":{"gitId":"sbkiang"},"content":"        File originalFile \u003d new File(filename);","lastModifiedDate":"2024-03-21"},{"lineNumber":114,"author":{"gitId":"sbkiang"},"content":"        if (originalFile.exists()) {","lastModifiedDate":"2024-03-21"},{"lineNumber":115,"author":{"gitId":"sbkiang"},"content":"            originalFile.delete();","lastModifiedDate":"2024-03-21"},{"lineNumber":116,"author":{"gitId":"sbkiang"},"content":"        }","lastModifiedDate":"2024-03-21"},{"lineNumber":117,"author":{"gitId":"sbkiang"},"content":"        tempFile.renameTo(originalFile);","lastModifiedDate":"2024-03-21"},{"lineNumber":118,"author":{"gitId":"sbkiang"},"content":"    }","lastModifiedDate":"2024-03-21"},{"lineNumber":119,"author":{"gitId":"sbkiang"},"content":"","lastModifiedDate":"2024-03-21"},{"lineNumber":120,"author":{"gitId":"sbkiang"},"content":"}","lastModifiedDate":"2024-03-21"}],"authorContributionMap":{"sbkiang":120}},{"path":"src/main/java/nus/trackme/data/LoadFile.java","fileType":"java","lines":[{"lineNumber":1,"author":{"gitId":"sbkiang"},"content":"package nus.trackme.data;","lastModifiedDate":"2024-03-21"},{"lineNumber":2,"author":{"gitId":"sbkiang"},"content":"","lastModifiedDate":"2024-03-21"},{"lineNumber":3,"author":{"gitId":"sbkiang"},"content":"import nus.trackme.action.ActionTask;","lastModifiedDate":"2024-03-21"},{"lineNumber":4,"author":{"gitId":"sbkiang"},"content":"import nus.trackme.common.EnumList;","lastModifiedDate":"2024-03-21"},{"lineNumber":5,"author":{"gitId":"sbkiang"},"content":"import nus.trackme.parse.ParseCommand;","lastModifiedDate":"2024-03-21"},{"lineNumber":6,"author":{"gitId":"sbkiang"},"content":"","lastModifiedDate":"2024-03-21"},{"lineNumber":7,"author":{"gitId":"sbkiang"},"content":"import java.io.*;","lastModifiedDate":"2024-03-21"},{"lineNumber":8,"author":{"gitId":"sbkiang"},"content":"","lastModifiedDate":"2024-03-21"},{"lineNumber":9,"author":{"gitId":"sbkiang"},"content":"public class LoadFile {","lastModifiedDate":"2024-03-21"},{"lineNumber":10,"author":{"gitId":"sbkiang"},"content":"","lastModifiedDate":"2024-03-21"},{"lineNumber":11,"author":{"gitId":"sbkiang"},"content":"    private static final String filename \u003d \".\\\\src\\\\main\\\\java\\\\nus\\\\trackme\\\\data\\\\storage.txt\";","lastModifiedDate":"2024-03-21"},{"lineNumber":12,"author":{"gitId":"sbkiang"},"content":"    private static final File tempFile \u003d new File(\".\\\\src\\\\main\\\\java\\\\nus\\\\trackme\\\\data\\\\tmp2.txt\");","lastModifiedDate":"2024-03-21"},{"lineNumber":13,"author":{"gitId":"sbkiang"},"content":"","lastModifiedDate":"2024-03-21"},{"lineNumber":14,"author":{"gitId":"sbkiang"},"content":"    public LoadFile(ActionTask task){","lastModifiedDate":"2024-03-21"},{"lineNumber":15,"author":{"gitId":"sbkiang"},"content":"","lastModifiedDate":"2024-03-21"},{"lineNumber":16,"author":{"gitId":"sbkiang"},"content":"        File originalFile \u003d new File(filename);","lastModifiedDate":"2024-03-21"},{"lineNumber":17,"author":{"gitId":"sbkiang"},"content":"","lastModifiedDate":"2024-03-21"},{"lineNumber":18,"author":{"gitId":"sbkiang"},"content":"        if (originalFile.exists()) {","lastModifiedDate":"2024-03-21"},{"lineNumber":19,"author":{"gitId":"sbkiang"},"content":"","lastModifiedDate":"2024-03-21"},{"lineNumber":20,"author":{"gitId":"sbkiang"},"content":"            //Reference: https://stackoverflow.com/questions/54126403/show-stdout-in-file-and-in-console-with-system-setoutnew-printstreamnew-file","lastModifiedDate":"2024-03-21"},{"lineNumber":21,"author":{"gitId":"sbkiang"},"content":"            // Temporarily disable System.out.println","lastModifiedDate":"2024-03-21"},{"lineNumber":22,"author":{"gitId":"sbkiang"},"content":"            PrintStream originalOut \u003d System.out;","lastModifiedDate":"2024-03-21"},{"lineNumber":23,"author":{"gitId":"sbkiang"},"content":"            System.setOut(new PrintStream(new OutputStream() { public void write(int b) {}}));","lastModifiedDate":"2024-03-21"},{"lineNumber":24,"author":{"gitId":"sbkiang"},"content":"","lastModifiedDate":"2024-03-21"},{"lineNumber":25,"author":{"gitId":"sbkiang"},"content":"","lastModifiedDate":"2024-03-21"},{"lineNumber":26,"author":{"gitId":"sbkiang"},"content":"            //Duplicate the data","lastModifiedDate":"2024-03-21"},{"lineNumber":27,"author":{"gitId":"sbkiang"},"content":"            try (BufferedWriter writer \u003d new BufferedWriter(new FileWriter(tempFile, true));","lastModifiedDate":"2024-03-21"},{"lineNumber":28,"author":{"gitId":"sbkiang"},"content":"                 BufferedReader reader \u003d new BufferedReader(new FileReader(filename))){","lastModifiedDate":"2024-03-21"},{"lineNumber":29,"author":{"gitId":"sbkiang"},"content":"","lastModifiedDate":"2024-03-21"},{"lineNumber":30,"author":{"gitId":"sbkiang"},"content":"                String line;","lastModifiedDate":"2024-03-21"},{"lineNumber":31,"author":{"gitId":"sbkiang"},"content":"                while ((line \u003d reader.readLine()) !\u003d null) {","lastModifiedDate":"2024-03-21"},{"lineNumber":32,"author":{"gitId":"sbkiang"},"content":"                    writer.write(line);","lastModifiedDate":"2024-03-21"},{"lineNumber":33,"author":{"gitId":"sbkiang"},"content":"                    writer.newLine();","lastModifiedDate":"2024-03-21"},{"lineNumber":34,"author":{"gitId":"sbkiang"},"content":"                }","lastModifiedDate":"2024-03-21"},{"lineNumber":35,"author":{"gitId":"sbkiang"},"content":"","lastModifiedDate":"2024-03-21"},{"lineNumber":36,"author":{"gitId":"sbkiang"},"content":"            } catch (IOException e) {","lastModifiedDate":"2024-03-21"},{"lineNumber":37,"author":{"gitId":"sbkiang"},"content":"            e.printStackTrace();","lastModifiedDate":"2024-03-21"},{"lineNumber":38,"author":{"gitId":"sbkiang"},"content":"            }","lastModifiedDate":"2024-03-21"},{"lineNumber":39,"author":{"gitId":"sbkiang"},"content":"","lastModifiedDate":"2024-03-21"},{"lineNumber":40,"author":{"gitId":"sbkiang"},"content":"            //Delete original file","lastModifiedDate":"2024-03-21"},{"lineNumber":41,"author":{"gitId":"sbkiang"},"content":"            originalFile.delete();","lastModifiedDate":"2024-03-21"},{"lineNumber":42,"author":{"gitId":"sbkiang"},"content":"","lastModifiedDate":"2024-03-21"},{"lineNumber":43,"author":{"gitId":"sbkiang"},"content":"            //Load data","lastModifiedDate":"2024-03-21"},{"lineNumber":44,"author":{"gitId":"sbkiang"},"content":"            try (BufferedReader reader \u003d new BufferedReader(new FileReader(tempFile))){","lastModifiedDate":"2024-03-21"},{"lineNumber":45,"author":{"gitId":"sbkiang"},"content":"                String line;","lastModifiedDate":"2024-03-21"},{"lineNumber":46,"author":{"gitId":"sbkiang"},"content":"                int index \u003d 0;","lastModifiedDate":"2024-03-21"},{"lineNumber":47,"author":{"gitId":"sbkiang"},"content":"                while ((line \u003d reader.readLine()) !\u003d null) {","lastModifiedDate":"2024-03-21"},{"lineNumber":48,"author":{"gitId":"sbkiang"},"content":"                    String[] parts \u003d line.split(\",\");","lastModifiedDate":"2024-03-21"},{"lineNumber":49,"author":{"gitId":"sbkiang"},"content":"","lastModifiedDate":"2024-03-21"},{"lineNumber":50,"author":{"gitId":"sbkiang"},"content":"                    EnumList.TYPE loadCMD \u003d EnumList.TYPE.valueOf(parts[0]);","lastModifiedDate":"2024-03-21"},{"lineNumber":51,"author":{"gitId":"sbkiang"},"content":"","lastModifiedDate":"2024-03-21"},{"lineNumber":52,"author":{"gitId":"sbkiang"},"content":"                    switch (loadCMD){","lastModifiedDate":"2024-03-21"},{"lineNumber":53,"author":{"gitId":"sbkiang"},"content":"                        case D:","lastModifiedDate":"2024-03-21"},{"lineNumber":54,"author":{"gitId":"sbkiang"},"content":"                            task.deadlineTask(parts[1], parts[3]);","lastModifiedDate":"2024-03-21"},{"lineNumber":55,"author":{"gitId":"sbkiang"},"content":"                            break;","lastModifiedDate":"2024-03-21"},{"lineNumber":56,"author":{"gitId":"sbkiang"},"content":"                        case E:","lastModifiedDate":"2024-03-21"},{"lineNumber":57,"author":{"gitId":"sbkiang"},"content":"                            task.eventTask(parts[1], parts[4], parts[5]);","lastModifiedDate":"2024-03-21"},{"lineNumber":58,"author":{"gitId":"sbkiang"},"content":"                            break;","lastModifiedDate":"2024-03-21"},{"lineNumber":59,"author":{"gitId":"sbkiang"},"content":"                        case T:","lastModifiedDate":"2024-03-21"},{"lineNumber":60,"author":{"gitId":"sbkiang"},"content":"                            task.toDoTask(parts[1]);","lastModifiedDate":"2024-03-21"},{"lineNumber":61,"author":{"gitId":"sbkiang"},"content":"                            break;","lastModifiedDate":"2024-03-21"},{"lineNumber":62,"author":{"gitId":"sbkiang"},"content":"                    }","lastModifiedDate":"2024-03-21"},{"lineNumber":63,"author":{"gitId":"sbkiang"},"content":"","lastModifiedDate":"2024-03-21"},{"lineNumber":64,"author":{"gitId":"sbkiang"},"content":"                    if(parts[2].equals(\"1\")){","lastModifiedDate":"2024-03-21"},{"lineNumber":65,"author":{"gitId":"sbkiang"},"content":"                        task.markTaskAsDone(index);","lastModifiedDate":"2024-03-21"},{"lineNumber":66,"author":{"gitId":"sbkiang"},"content":"                    }","lastModifiedDate":"2024-03-21"},{"lineNumber":67,"author":{"gitId":"sbkiang"},"content":"","lastModifiedDate":"2024-03-21"},{"lineNumber":68,"author":{"gitId":"sbkiang"},"content":"                    index++;","lastModifiedDate":"2024-03-21"},{"lineNumber":69,"author":{"gitId":"sbkiang"},"content":"                }","lastModifiedDate":"2024-03-21"},{"lineNumber":70,"author":{"gitId":"sbkiang"},"content":"","lastModifiedDate":"2024-03-21"},{"lineNumber":71,"author":{"gitId":"sbkiang"},"content":"            }catch (IOException e) {","lastModifiedDate":"2024-03-21"},{"lineNumber":72,"author":{"gitId":"sbkiang"},"content":"                e.printStackTrace();","lastModifiedDate":"2024-03-21"},{"lineNumber":73,"author":{"gitId":"sbkiang"},"content":"            }","lastModifiedDate":"2024-03-21"},{"lineNumber":74,"author":{"gitId":"sbkiang"},"content":"","lastModifiedDate":"2024-03-21"},{"lineNumber":75,"author":{"gitId":"sbkiang"},"content":"            // Restore System.out.println","lastModifiedDate":"2024-03-21"},{"lineNumber":76,"author":{"gitId":"sbkiang"},"content":"            System.setOut(originalOut);","lastModifiedDate":"2024-03-21"},{"lineNumber":77,"author":{"gitId":"sbkiang"},"content":"","lastModifiedDate":"2024-03-21"},{"lineNumber":78,"author":{"gitId":"sbkiang"},"content":"        }","lastModifiedDate":"2024-03-21"},{"lineNumber":79,"author":{"gitId":"sbkiang"},"content":"","lastModifiedDate":"2024-03-21"},{"lineNumber":80,"author":{"gitId":"sbkiang"},"content":"        //Delete old tmp file","lastModifiedDate":"2024-03-21"},{"lineNumber":81,"author":{"gitId":"sbkiang"},"content":"        tempFile.delete();","lastModifiedDate":"2024-03-21"},{"lineNumber":82,"author":{"gitId":"sbkiang"},"content":"","lastModifiedDate":"2024-03-21"},{"lineNumber":83,"author":{"gitId":"sbkiang"},"content":"    }","lastModifiedDate":"2024-03-21"},{"lineNumber":84,"author":{"gitId":"sbkiang"},"content":"","lastModifiedDate":"2024-03-21"},{"lineNumber":85,"author":{"gitId":"sbkiang"},"content":"}","lastModifiedDate":"2024-03-21"}],"authorContributionMap":{"sbkiang":85}},{"path":"src/main/java/nus/trackme/data/storage.txt","fileType":"txt","lines":[{"lineNumber":1,"author":{"gitId":"sbkiang"},"content":"T,this,1,-,-,-","lastModifiedDate":"2024-03-21"},{"lineNumber":2,"author":{"gitId":"sbkiang"},"content":"T,that,0,-,-,-","lastModifiedDate":"2024-03-21"}],"authorContributionMap":{"sbkiang":2}},{"path":"src/main/java/nus/trackme/exception/TrackMeException.java","fileType":"java","lines":[{"lineNumber":1,"author":{"gitId":"sbkiang"},"content":"package nus.trackme.exception;","lastModifiedDate":"2024-03-21"},{"lineNumber":2,"author":{"gitId":"sbkiang"},"content":"","lastModifiedDate":"2024-03-21"},{"lineNumber":3,"author":{"gitId":"sbkiang"},"content":"public class TrackMeException extends Exception {","lastModifiedDate":"2024-03-21"},{"lineNumber":4,"author":{"gitId":"sbkiang"},"content":"    public TrackMeException(String message){","lastModifiedDate":"2024-03-21"},{"lineNumber":5,"author":{"gitId":"sbkiang"},"content":"        super(message);","lastModifiedDate":"2024-03-21"},{"lineNumber":6,"author":{"gitId":"sbkiang"},"content":"    }","lastModifiedDate":"2024-03-21"},{"lineNumber":7,"author":{"gitId":"sbkiang"},"content":"}","lastModifiedDate":"2024-03-21"}],"authorContributionMap":{"sbkiang":7}},{"path":"src/main/java/nus/trackme/parse/ParseCommand.java","fileType":"java","lines":[{"lineNumber":1,"author":{"gitId":"sbkiang"},"content":"package nus.trackme.parse;","lastModifiedDate":"2024-03-21"},{"lineNumber":2,"author":{"gitId":"sbkiang"},"content":"","lastModifiedDate":"2024-02-17"},{"lineNumber":3,"author":{"gitId":"sbkiang"},"content":"import java.util.regex.Matcher;","lastModifiedDate":"2024-02-17"},{"lineNumber":4,"author":{"gitId":"sbkiang"},"content":"import java.util.regex.Pattern;","lastModifiedDate":"2024-02-17"},{"lineNumber":5,"author":{"gitId":"sbkiang"},"content":"","lastModifiedDate":"2024-02-17"},{"lineNumber":6,"author":{"gitId":"sbkiang"},"content":"public class ParseCommand {","lastModifiedDate":"2024-02-17"},{"lineNumber":7,"author":{"gitId":"sbkiang"},"content":"","lastModifiedDate":"2024-02-17"},{"lineNumber":8,"author":{"gitId":"sbkiang"},"content":"    private String inputCommands;","lastModifiedDate":"2024-02-17"},{"lineNumber":9,"author":{"gitId":"sbkiang"},"content":"    private String cmd, arg, by, from, to, idx;","lastModifiedDate":"2024-03-09"},{"lineNumber":10,"author":{"gitId":"sbkiang"},"content":"","lastModifiedDate":"2024-02-17"},{"lineNumber":11,"author":{"gitId":"sbkiang"},"content":"    public ParseCommand(String inputCommands){","lastModifiedDate":"2024-02-17"},{"lineNumber":12,"author":{"gitId":"sbkiang"},"content":"        this.inputCommands \u003d inputCommands ;","lastModifiedDate":"2024-02-17"},{"lineNumber":13,"author":{"gitId":"sbkiang"},"content":"    }","lastModifiedDate":"2024-02-17"},{"lineNumber":14,"author":{"gitId":"sbkiang"},"content":"","lastModifiedDate":"2024-02-17"},{"lineNumber":15,"author":{"gitId":"sbkiang"},"content":"    public String mainCommand(){","lastModifiedDate":"2024-03-09"},{"lineNumber":16,"author":{"gitId":"sbkiang"},"content":"        //return first uppercase word","lastModifiedDate":"2024-03-09"},{"lineNumber":17,"author":{"gitId":"sbkiang"},"content":"        return inputCommands.split(\" \")[0].toUpperCase();","lastModifiedDate":"2024-03-09"},{"lineNumber":18,"author":{"gitId":"sbkiang"},"content":"    }","lastModifiedDate":"2024-03-09"},{"lineNumber":19,"author":{"gitId":"sbkiang"},"content":"","lastModifiedDate":"2024-03-09"},{"lineNumber":20,"author":{"gitId":"sbkiang"},"content":"    public String indexCommand(){","lastModifiedDate":"2024-03-09"},{"lineNumber":21,"author":{"gitId":"sbkiang"},"content":"        return inputCommands.split(\" \")[1];","lastModifiedDate":"2024-03-09"},{"lineNumber":22,"author":{"gitId":"sbkiang"},"content":"    }","lastModifiedDate":"2024-03-09"},{"lineNumber":23,"author":{"gitId":"sbkiang"},"content":"","lastModifiedDate":"2024-03-09"},{"lineNumber":24,"author":{"gitId":"sbkiang"},"content":"    public String TodoCommand(){","lastModifiedDate":"2024-02-17"},{"lineNumber":25,"author":{"gitId":"sbkiang"},"content":"        Pattern pattern \u003d Pattern.compile(\"todo\\\\s(.*?)\"); //argument","lastModifiedDate":"2024-02-17"},{"lineNumber":26,"author":{"gitId":"sbkiang"},"content":"        Matcher matcher \u003d pattern.matcher(inputCommands); //deadline when","lastModifiedDate":"2024-02-17"},{"lineNumber":27,"author":{"gitId":"sbkiang"},"content":"        if(matcher.matches()){","lastModifiedDate":"2024-02-17"},{"lineNumber":28,"author":{"gitId":"sbkiang"},"content":"           arg \u003d matcher.group(1);","lastModifiedDate":"2024-02-17"},{"lineNumber":29,"author":{"gitId":"sbkiang"},"content":"        }","lastModifiedDate":"2024-02-17"},{"lineNumber":30,"author":{"gitId":"sbkiang"},"content":"","lastModifiedDate":"2024-02-17"},{"lineNumber":31,"author":{"gitId":"sbkiang"},"content":"        return arg;","lastModifiedDate":"2024-02-17"},{"lineNumber":32,"author":{"gitId":"sbkiang"},"content":"    }","lastModifiedDate":"2024-02-17"},{"lineNumber":33,"author":{"gitId":"sbkiang"},"content":"","lastModifiedDate":"2024-02-17"},{"lineNumber":34,"author":{"gitId":"sbkiang"},"content":"    public String [] DeadlineCommand(){","lastModifiedDate":"2024-02-17"},{"lineNumber":35,"author":{"gitId":"sbkiang"},"content":"        Pattern pattern \u003d Pattern.compile(\"deadline\\\\s(.*?)\\\\s/by\\\\s(.*?)\");","lastModifiedDate":"2024-02-17"},{"lineNumber":36,"author":{"gitId":"sbkiang"},"content":"        Matcher matcher \u003d pattern.matcher(inputCommands);","lastModifiedDate":"2024-02-17"},{"lineNumber":37,"author":{"gitId":"sbkiang"},"content":"        if(matcher.matches()){","lastModifiedDate":"2024-02-17"},{"lineNumber":38,"author":{"gitId":"sbkiang"},"content":"            arg \u003d matcher.group(1); //argument","lastModifiedDate":"2024-02-17"},{"lineNumber":39,"author":{"gitId":"sbkiang"},"content":"            by \u003d matcher.group(2); //deadline","lastModifiedDate":"2024-02-17"},{"lineNumber":40,"author":{"gitId":"sbkiang"},"content":"        }","lastModifiedDate":"2024-02-17"},{"lineNumber":41,"author":{"gitId":"sbkiang"},"content":"","lastModifiedDate":"2024-02-17"},{"lineNumber":42,"author":{"gitId":"sbkiang"},"content":"        return new String[]{arg, by};","lastModifiedDate":"2024-02-17"},{"lineNumber":43,"author":{"gitId":"sbkiang"},"content":"    }","lastModifiedDate":"2024-02-17"},{"lineNumber":44,"author":{"gitId":"sbkiang"},"content":"","lastModifiedDate":"2024-02-17"},{"lineNumber":45,"author":{"gitId":"sbkiang"},"content":"    public String [] EventCommand(){","lastModifiedDate":"2024-02-17"},{"lineNumber":46,"author":{"gitId":"sbkiang"},"content":"        Pattern pattern \u003d Pattern.compile(\"event\\\\s(.*?)\\\\s/from\\\\s(.*?)\\\\s/to\\\\s(.*?)\");","lastModifiedDate":"2024-02-17"},{"lineNumber":47,"author":{"gitId":"sbkiang"},"content":"        Matcher matcher \u003d pattern.matcher(inputCommands);","lastModifiedDate":"2024-02-17"},{"lineNumber":48,"author":{"gitId":"sbkiang"},"content":"        if(matcher.matches()){","lastModifiedDate":"2024-02-17"},{"lineNumber":49,"author":{"gitId":"sbkiang"},"content":"            arg \u003d matcher.group(1);","lastModifiedDate":"2024-02-17"},{"lineNumber":50,"author":{"gitId":"sbkiang"},"content":"            from \u003d matcher.group(2);","lastModifiedDate":"2024-02-17"},{"lineNumber":51,"author":{"gitId":"sbkiang"},"content":"            to \u003d matcher.group(3);","lastModifiedDate":"2024-02-17"},{"lineNumber":52,"author":{"gitId":"sbkiang"},"content":"        }","lastModifiedDate":"2024-02-17"},{"lineNumber":53,"author":{"gitId":"sbkiang"},"content":"        return new String[]{arg, from, to};","lastModifiedDate":"2024-02-17"},{"lineNumber":54,"author":{"gitId":"sbkiang"},"content":"    }","lastModifiedDate":"2024-02-17"},{"lineNumber":55,"author":{"gitId":"sbkiang"},"content":"","lastModifiedDate":"2024-02-17"},{"lineNumber":56,"author":{"gitId":"sbkiang"},"content":"}","lastModifiedDate":"2024-02-17"}],"authorContributionMap":{"sbkiang":56}},{"path":"text-ui-test/runtest.bat","fileType":"bat","lines":[{"lineNumber":1,"author":{"gitId":"-"},"content":"@ECHO OFF","lastModifiedDate":"2020-05-25"},{"lineNumber":2,"author":{"gitId":"-"},"content":"","lastModifiedDate":"2020-05-25"},{"lineNumber":3,"author":{"gitId":"-"},"content":"REM create bin directory if it doesn\u0027t exist","lastModifiedDate":"2020-05-25"},{"lineNumber":4,"author":{"gitId":"-"},"content":"if not exist ..\\bin mkdir ..\\bin","lastModifiedDate":"2020-05-25"},{"lineNumber":5,"author":{"gitId":"-"},"content":"","lastModifiedDate":"2020-05-25"},{"lineNumber":6,"author":{"gitId":"-"},"content":"REM delete output from previous run","lastModifiedDate":"2020-05-25"},{"lineNumber":7,"author":{"gitId":"-"},"content":"if exist ACTUAL.TXT del ACTUAL.TXT","lastModifiedDate":"2020-08-25"},{"lineNumber":8,"author":{"gitId":"-"},"content":"","lastModifiedDate":"2020-05-25"},{"lineNumber":9,"author":{"gitId":"-"},"content":"REM compile the code into the bin folder","lastModifiedDate":"2020-05-25"},{"lineNumber":10,"author":{"gitId":"-"},"content":"javac  -cp ..\\src\\main\\java -Xlint:none -d ..\\bin ..\\src\\main\\java\\*.java","lastModifiedDate":"2020-08-25"},{"lineNumber":11,"author":{"gitId":"-"},"content":"IF ERRORLEVEL 1 (","lastModifiedDate":"2020-05-25"},{"lineNumber":12,"author":{"gitId":"-"},"content":"    echo ********** BUILD FAILURE **********","lastModifiedDate":"2020-05-25"},{"lineNumber":13,"author":{"gitId":"-"},"content":"    exit /b 1","lastModifiedDate":"2020-05-25"},{"lineNumber":14,"author":{"gitId":"-"},"content":")","lastModifiedDate":"2020-05-25"},{"lineNumber":15,"author":{"gitId":"-"},"content":"REM no error here, errorlevel \u003d\u003d 0","lastModifiedDate":"2020-05-25"},{"lineNumber":16,"author":{"gitId":"-"},"content":"","lastModifiedDate":"2020-05-25"},{"lineNumber":17,"author":{"gitId":"sbkiang"},"content":"REM run the program, feed nus.trackme.commands from input.txt file and redirect the output to the ACTUAL.TXT","lastModifiedDate":"2024-03-21"},{"lineNumber":18,"author":{"gitId":"sbkiang"},"content":"java -classpath ..\\bin nus.trackme.Main \u003c input.txt \u003e ACTUAL.TXT","lastModifiedDate":"2024-03-21"},{"lineNumber":19,"author":{"gitId":"-"},"content":"","lastModifiedDate":"2020-05-25"},{"lineNumber":20,"author":{"gitId":"-"},"content":"REM compare the output to the expected output","lastModifiedDate":"2020-05-25"},{"lineNumber":21,"author":{"gitId":"-"},"content":"FC ACTUAL.TXT EXPECTED.TXT","lastModifiedDate":"2020-05-25"}],"authorContributionMap":{"sbkiang":2,"-":19}},{"path":"text-ui-test/runtest.sh","fileType":"sh","lines":[{"lineNumber":1,"author":{"gitId":"-"},"content":"#!/usr/bin/env bash","lastModifiedDate":"2020-05-25"},{"lineNumber":2,"author":{"gitId":"-"},"content":"","lastModifiedDate":"2020-05-25"},{"lineNumber":3,"author":{"gitId":"-"},"content":"# create bin directory if it doesn\u0027t exist","lastModifiedDate":"2020-05-25"},{"lineNumber":4,"author":{"gitId":"-"},"content":"if [ ! -d \"../bin\" ]","lastModifiedDate":"2020-05-25"},{"lineNumber":5,"author":{"gitId":"-"},"content":"then","lastModifiedDate":"2020-05-25"},{"lineNumber":6,"author":{"gitId":"-"},"content":"    mkdir ../bin","lastModifiedDate":"2020-05-25"},{"lineNumber":7,"author":{"gitId":"-"},"content":"fi","lastModifiedDate":"2020-05-25"},{"lineNumber":8,"author":{"gitId":"-"},"content":"","lastModifiedDate":"2020-05-25"},{"lineNumber":9,"author":{"gitId":"-"},"content":"# delete output from previous run","lastModifiedDate":"2020-05-25"},{"lineNumber":10,"author":{"gitId":"-"},"content":"if [ -e \"./ACTUAL.TXT\" ]","lastModifiedDate":"2020-05-25"},{"lineNumber":11,"author":{"gitId":"-"},"content":"then","lastModifiedDate":"2020-05-25"},{"lineNumber":12,"author":{"gitId":"-"},"content":"    rm ACTUAL.TXT","lastModifiedDate":"2020-05-25"},{"lineNumber":13,"author":{"gitId":"-"},"content":"fi","lastModifiedDate":"2020-05-25"},{"lineNumber":14,"author":{"gitId":"-"},"content":"","lastModifiedDate":"2020-05-25"},{"lineNumber":15,"author":{"gitId":"-"},"content":"# compile the code into the bin folder, terminates if error occurred","lastModifiedDate":"2020-05-25"},{"lineNumber":16,"author":{"gitId":"-"},"content":"if ! javac -cp ../src/main/java -Xlint:none -d ../bin ../src/main/java/*.java","lastModifiedDate":"2020-08-25"},{"lineNumber":17,"author":{"gitId":"-"},"content":"then","lastModifiedDate":"2020-05-25"},{"lineNumber":18,"author":{"gitId":"-"},"content":"    echo \"********** BUILD FAILURE **********\"","lastModifiedDate":"2020-05-25"},{"lineNumber":19,"author":{"gitId":"-"},"content":"    exit 1","lastModifiedDate":"2020-05-25"},{"lineNumber":20,"author":{"gitId":"-"},"content":"fi","lastModifiedDate":"2020-05-25"},{"lineNumber":21,"author":{"gitId":"-"},"content":"","lastModifiedDate":"2020-05-25"},{"lineNumber":22,"author":{"gitId":"sbkiang"},"content":"# run the program, feed nus.trackme.commands from input.txt file and redirect the output to the ACTUAL.TXT","lastModifiedDate":"2024-03-21"},{"lineNumber":23,"author":{"gitId":"-"},"content":"java -classpath ../bin Duke \u003c input.txt \u003e ACTUAL.TXT","lastModifiedDate":"2020-05-25"},{"lineNumber":24,"author":{"gitId":"-"},"content":"","lastModifiedDate":"2020-05-25"},{"lineNumber":25,"author":{"gitId":"-"},"content":"# convert to UNIX format","lastModifiedDate":"2020-05-25"},{"lineNumber":26,"author":{"gitId":"-"},"content":"cp EXPECTED.TXT EXPECTED-UNIX.TXT","lastModifiedDate":"2020-05-25"},{"lineNumber":27,"author":{"gitId":"-"},"content":"dos2unix ACTUAL.TXT EXPECTED-UNIX.TXT","lastModifiedDate":"2020-05-25"},{"lineNumber":28,"author":{"gitId":"-"},"content":"","lastModifiedDate":"2020-05-25"},{"lineNumber":29,"author":{"gitId":"-"},"content":"# compare the output to the expected output","lastModifiedDate":"2020-05-25"},{"lineNumber":30,"author":{"gitId":"-"},"content":"diff ACTUAL.TXT EXPECTED-UNIX.TXT","lastModifiedDate":"2020-05-25"},{"lineNumber":31,"author":{"gitId":"-"},"content":"if [ $? -eq 0 ]","lastModifiedDate":"2020-05-25"},{"lineNumber":32,"author":{"gitId":"-"},"content":"then","lastModifiedDate":"2020-05-25"},{"lineNumber":33,"author":{"gitId":"-"},"content":"    echo \"Test result: PASSED\"","lastModifiedDate":"2020-05-25"},{"lineNumber":34,"author":{"gitId":"-"},"content":"    exit 0","lastModifiedDate":"2020-05-25"},{"lineNumber":35,"author":{"gitId":"-"},"content":"else","lastModifiedDate":"2020-05-25"},{"lineNumber":36,"author":{"gitId":"-"},"content":"    echo \"Test result: FAILED\"","lastModifiedDate":"2020-05-25"},{"lineNumber":37,"author":{"gitId":"-"},"content":"    exit 1","lastModifiedDate":"2020-05-25"},{"lineNumber":38,"author":{"gitId":"-"},"content":"fi","lastModifiedDate":"2020-05-25"}],"authorContributionMap":{"sbkiang":1,"-":37}}]
