{"authorDailyContributionsMap":{"sbkiang":[{"date":"2024-01-30","commitResults":[{"hash":"b6974145b2f8347a16bfb0a23b0bb6ce3af035f1","isMergeCommit":false,"messageTitle":"Level 0 Rename the bot Added greet, exit","messageBody":"","fileTypesAndContributionMap":{"java":{"insertions":24,"deletions":6}}},{"hash":"421f770880180fb7b4d0b0ba21c1883dd2fadf0f","isMergeCommit":false,"messageTitle":"Level 1 Added while loop, input text, echos command and exit","messageBody":"","fileTypesAndContributionMap":{"java":{"insertions":44,"deletions":15}}}]},{"date":"2024-01-31","commitResults":[{"hash":"30572a6ee5d7edd1baad572f060e5b30e3105a91","isMergeCommit":false,"messageTitle":"Level 2 Added add function and list function","messageBody":"","fileTypesAndContributionMap":{"java":{"insertions":39,"deletions":13}}},{"hash":"908620ada14e5923153247d7642beaf11998b4ee","isMergeCommit":false,"messageTitle":"Level 3 Added Task.java, mark function, unmark function and command check function","messageBody":"","fileTypesAndContributionMap":{"java":{"insertions":78,"deletions":8}}}]},{"date":"2024-02-04","commitResults":[{"hash":"39828dfa186587fda1868bbd8f6cfafb7ec77f09","isMergeCommit":false,"messageTitle":"Level 4 Added todo function, event function and deadline.","messageBody":"","fileTypesAndContributionMap":{"java":{"insertions":95,"deletions":31}}}]},{"date":"2024-02-15","commitResults":[{"hash":"a7e84e59f7ab184a7577c06dc33d815dd297f117","isMergeCommit":false,"messageTitle":"Added Tasklist.","messageBody":"","fileTypesAndContributionMap":{"java":{"insertions":123,"deletions":115}}}]},{"date":"2024-02-17","commitResults":[{"hash":"bdc4a1db17a9dc093fef0fb7c5b138213a083501","isMergeCommit":false,"messageTitle":"Updated Level 4 function","messageBody":"","fileTypesAndContributionMap":{"java":{"insertions":78,"deletions":22}}}]},{"date":"2024-03-09","commitResults":[{"hash":"c6b29866d27a1af8dbba30d70de49b13045e0756","isMergeCommit":false,"messageTitle":"Level 5: added handle error (empty input \u0026 incorrect cmds) and Level 6: added delete and enum. modified to arraylist","messageBody":"","fileTypesAndContributionMap":{"java":{"insertions":122,"deletions":58}}}]},{"date":"2024-03-21","commitResults":[{"hash":"f8e4a10b232373ccf3975e5282288991fb6a1cf0","isMergeCommit":false,"messageTitle":"Level 7 - added save \u0026 load function. Also organize the classes into suitable java packages.","messageBody":"","fileTypesAndContributionMap":{"txt":{"insertions":2,"deletions":0},"java":{"insertions":279,"deletions":54},"bat":{"insertions":2,"deletions":2},"sh":{"insertions":1,"deletions":1},"md":{"insertions":4,"deletions":4}}}]},{"date":"2024-03-31","commitResults":[{"hash":"5a3635d6fb93b884940df78c9a4ab843071ccc9a","isMergeCommit":false,"messageTitle":"Level 8 - added date and time, check datetime format, compare timeline","messageBody":"","fileTypesAndContributionMap":{"txt":{"insertions":9,"deletions":2},"java":{"insertions":138,"deletions":28},"md":{"insertions":2,"deletions":2}}}]},{"date":"2024-04-04","commitResults":[{"hash":"f8b565b5e760cde09bfab302daccd527cf1e0aed","isMergeCommit":false,"messageTitle":"add new feature \"reminder\"","messageBody":"","fileTypesAndContributionMap":{"txt":{"insertions":0,"deletions":9}}},{"hash":"38ed8425a02f370a3461d52b4b5cf3836d9a3176","isMergeCommit":false,"messageTitle":"added new feature \"reminder\"","messageBody":"","fileTypesAndContributionMap":{"txt":{"insertions":8,"deletions":0},"java":{"insertions":92,"deletions":23}}}]},{"date":"2024-04-07","commitResults":[{"hash":"9f78b49537a7e4c3afc8acc989cc0a26df6b801e","isMergeCommit":false,"messageTitle":"Level-9: added find feature and refine the code","messageBody":"","fileTypesAndContributionMap":{"txt":{"insertions":2,"deletions":8},"java":{"insertions":94,"deletions":35}}},{"hash":"cc04684162cad5004513415935b1ed0cfd348580","isMergeCommit":false,"messageTitle":"add javadoc","messageBody":"","fileTypesAndContributionMap":{"txt":{"insertions":1,"deletions":0},"java":{"insertions":65,"deletions":1}}}]},{"date":"2024-04-10","commitResults":[{"hash":"0edb47f2d4977e3f41f94b7e782c3f4303fc53fd","isMergeCommit":false,"messageTitle":"add javadoc","messageBody":"","fileTypesAndContributionMap":{"txt":{"insertions":0,"deletions":3},"java":{"insertions":132,"deletions":46}}},{"hash":"ef4d909c4ea43ff9b3a3ec32d78128e6e13663d5","isMergeCommit":false,"messageTitle":"add gradle","messageBody":"","fileTypesAndContributionMap":{"gradle":{"insertions":42,"deletions":0},"txt":{"insertions":1,"deletions":0}}},{"hash":"328508a4dc131ee240bfd0ffab608a175b091ceb","isMergeCommit":false,"messageTitle":"added JUnit Test","messageBody":"","fileTypesAndContributionMap":{"txt":{"insertions":2,"deletions":0},"java":{"insertions":67,"deletions":3}}}]},{"date":"2024-04-11","commitResults":[{"hash":"32ad9bb48a7aa898b6ee1921081a3c818bb44769","isMergeCommit":false,"messageTitle":"added tagging feature","messageBody":"","fileTypesAndContributionMap":{"gradle":{"insertions":1,"deletions":0},"txt":{"insertions":3,"deletions":3},"java":{"insertions":226,"deletions":27}}}]},{"date":"2024-04-13","commitResults":[{"hash":"ad686bc8791145d3152f240dac91ff82cbec916a","isMergeCommit":false,"messageTitle":"added expire task feature and enchance to check date and time on task.","messageBody":"","fileTypesAndContributionMap":{"txt":{"insertions":0,"deletions":2},"java":{"insertions":103,"deletions":51}}}]},{"date":"2024-04-19","commitResults":[{"hash":"833824ed0ca748adb3ee75f2dccf9802d7a270fd","isMergeCommit":false,"messageTitle":"update","messageBody":"","fileTypesAndContributionMap":{"txt":{"insertions":6,"deletions":1},"java":{"insertions":169,"deletions":71},"bat":{"insertions":1,"deletions":1},"md":{"insertions":2,"deletions":2}}},{"hash":"a69ee4c85b8ce0ce49085f107f45a518675b2ecf","isMergeCommit":false,"messageTitle":"fixed bug on reminder feature","messageBody":"","fileTypesAndContributionMap":{"txt":{"insertions":4,"deletions":6},"java":{"insertions":12,"deletions":3}}}]},{"date":"2024-04-20","commitResults":[{"hash":"1048ec1e3852f6e017d84bbfd4e355f29fac9c11","isMergeCommit":false,"messageTitle":"fix small bug on expired task","messageBody":"","fileTypesAndContributionMap":{"txt":{"insertions":2,"deletions":4},"java":{"insertions":19,"deletions":6}}}]}]},"authorFileTypeContributionMap":{"sbkiang":{"java":1391,"md":4,"fxml":0,"sh":1,"bat":2,"gradle":43,"txt":2}},"authorContributionVariance":{"sbkiang":5521.3594},"authorDisplayNameMap":{"sbkiang":"KIAN..BOON"}}
