[{"path":"src/main/java/Deadline.java","fileType":"java","lines":[{"lineNumber":1,"author":{"gitId":"stanleysee12"},"content":"public class Deadline extends Task {","lastModifiedDate":"2024-03-11"},{"lineNumber":2,"author":{"gitId":"stanleysee12"},"content":"","lastModifiedDate":"2024-03-11"},{"lineNumber":3,"author":{"gitId":"stanleysee12"},"content":"    protected String by;","lastModifiedDate":"2024-03-11"},{"lineNumber":4,"author":{"gitId":"stanleysee12"},"content":"","lastModifiedDate":"2024-03-11"},{"lineNumber":5,"author":{"gitId":"stanleysee12"},"content":"    public Deadline(String description, String by) {","lastModifiedDate":"2024-03-11"},{"lineNumber":6,"author":{"gitId":"stanleysee12"},"content":"        super(description);","lastModifiedDate":"2024-03-11"},{"lineNumber":7,"author":{"gitId":"stanleysee12"},"content":"        this.by \u003d by;","lastModifiedDate":"2024-03-11"},{"lineNumber":8,"author":{"gitId":"stanleysee12"},"content":"    }","lastModifiedDate":"2024-03-11"},{"lineNumber":9,"author":{"gitId":"stanleysee12"},"content":"","lastModifiedDate":"2024-03-11"},{"lineNumber":10,"author":{"gitId":"stanleysee12"},"content":"    @Override","lastModifiedDate":"2024-03-11"},{"lineNumber":11,"author":{"gitId":"stanleysee12"},"content":"    public String toString() {","lastModifiedDate":"2024-03-11"},{"lineNumber":12,"author":{"gitId":"stanleysee12"},"content":"        return \"[D]\" + super.toString() + \" (by: \" + by + \")\";","lastModifiedDate":"2024-03-11"},{"lineNumber":13,"author":{"gitId":"stanleysee12"},"content":"    }","lastModifiedDate":"2024-03-11"},{"lineNumber":14,"author":{"gitId":"stanleysee12"},"content":"}","lastModifiedDate":"2024-03-11"}],"authorContributionMap":{"stanleysee12":14}},{"path":"src/main/java/Duke.java","fileType":"java","lines":[{"lineNumber":1,"author":{"gitId":"stanleysee12"},"content":"import java.util.ArrayList;","lastModifiedDate":"2024-02-15"},{"lineNumber":2,"author":{"gitId":"stanleysee12"},"content":"import java.util.Scanner;","lastModifiedDate":"2024-02-02"},{"lineNumber":3,"author":{"gitId":"stanleysee12"},"content":"import java.util.Arrays;","lastModifiedDate":"2024-02-02"},{"lineNumber":4,"author":{"gitId":"stanleysee12"},"content":"","lastModifiedDate":"2024-02-02"},{"lineNumber":5,"author":{"gitId":"stanleysee12"},"content":"","lastModifiedDate":"2024-02-02"},{"lineNumber":6,"author":{"gitId":"stanleysee12"},"content":"","lastModifiedDate":"2024-03-11"},{"lineNumber":7,"author":{"gitId":"stanleysee12"},"content":"","lastModifiedDate":"2024-03-11"},{"lineNumber":8,"author":{"gitId":"stanleysee12"},"content":"","lastModifiedDate":"2024-03-11"},{"lineNumber":9,"author":{"gitId":"-"},"content":"public class Duke {","lastModifiedDate":"2019-07-29"},{"lineNumber":10,"author":{"gitId":"stanleysee12"},"content":"","lastModifiedDate":"2024-02-02"},{"lineNumber":11,"author":{"gitId":"-"},"content":"    public static void main(String[] args) {","lastModifiedDate":"2019-07-29"},{"lineNumber":12,"author":{"gitId":"stanleysee12"},"content":"        //Generated via https://patorjk.com/","lastModifiedDate":"2024-02-02"},{"lineNumber":13,"author":{"gitId":"stanleysee12"},"content":"        String logo \u003d  \"_______          __     _____ __________        __\\n\" +","lastModifiedDate":"2024-02-02"},{"lineNumber":14,"author":{"gitId":"stanleysee12"},"content":"                \"\\\\      \\\\   _____/  |_  /  _  \\\\______   \\\\ _____/  |_ \\n\" +","lastModifiedDate":"2024-02-02"},{"lineNumber":15,"author":{"gitId":"stanleysee12"},"content":"                \"/   |   \\\\ /  _ \\\\   __\\\\/  /_\\\\  \\\\|    |  _//  _ \\\\   __\\\\ \\n\" +","lastModifiedDate":"2024-02-02"},{"lineNumber":16,"author":{"gitId":"stanleysee12"},"content":"                \"/    |    (  \u003c_\u003e )  | /    |    \\\\   |   (  \u003c_\u003e )  |  \\n\" +","lastModifiedDate":"2024-02-02"},{"lineNumber":17,"author":{"gitId":"stanleysee12"},"content":"                \"\\\\____|__  /\\\\____/|__| \\\\____|__  /______  /\\\\____/|__|  \\n\";","lastModifiedDate":"2024-02-02"},{"lineNumber":18,"author":{"gitId":"stanleysee12"},"content":"","lastModifiedDate":"2024-02-02"},{"lineNumber":19,"author":{"gitId":"stanleysee12"},"content":"        String greeting \u003d \"Hello! I\u0027m NotABot \\n\" +","lastModifiedDate":"2024-02-02"},{"lineNumber":20,"author":{"gitId":"stanleysee12"},"content":"                        \"What can I do for you?\";","lastModifiedDate":"2024-02-02"},{"lineNumber":21,"author":{"gitId":"stanleysee12"},"content":"        String ending \u003d \"Bye. Hope to see you again soon\";","lastModifiedDate":"2024-02-02"},{"lineNumber":22,"author":{"gitId":"stanleysee12"},"content":"        String userInput;","lastModifiedDate":"2024-02-02"},{"lineNumber":23,"author":{"gitId":"stanleysee12"},"content":"        String taskNo \u003d null;","lastModifiedDate":"2024-02-15"},{"lineNumber":24,"author":{"gitId":"stanleysee12"},"content":"        //String[] arrayInput \u003d new String[100];","lastModifiedDate":"2024-02-15"},{"lineNumber":25,"author":{"gitId":"stanleysee12"},"content":"        Task[ ] arrayInput \u003d new Task[100];","lastModifiedDate":"2024-02-15"},{"lineNumber":26,"author":{"gitId":"stanleysee12"},"content":"","lastModifiedDate":"2024-02-15"},{"lineNumber":27,"author":{"gitId":"stanleysee12"},"content":"","lastModifiedDate":"2024-02-15"},{"lineNumber":28,"author":{"gitId":"stanleysee12"},"content":"        int arrayIndex \u003d 0 ;","lastModifiedDate":"2024-02-02"},{"lineNumber":29,"author":{"gitId":"stanleysee12"},"content":"","lastModifiedDate":"2024-02-02"},{"lineNumber":30,"author":{"gitId":"stanleysee12"},"content":"        Scanner scGreeting \u003d new Scanner(System.in);","lastModifiedDate":"2024-02-02"},{"lineNumber":31,"author":{"gitId":"stanleysee12"},"content":"","lastModifiedDate":"2024-02-02"},{"lineNumber":32,"author":{"gitId":"-"},"content":"        System.out.println(\"Hello from\\n\" + logo);","lastModifiedDate":"2019-07-29"},{"lineNumber":33,"author":{"gitId":"stanleysee12"},"content":"        System.out.println(greeting);","lastModifiedDate":"2024-02-02"},{"lineNumber":34,"author":{"gitId":"stanleysee12"},"content":"","lastModifiedDate":"2024-02-02"},{"lineNumber":35,"author":{"gitId":"stanleysee12"},"content":"","lastModifiedDate":"2024-02-02"},{"lineNumber":36,"author":{"gitId":"stanleysee12"},"content":"","lastModifiedDate":"2024-02-15"},{"lineNumber":37,"author":{"gitId":"stanleysee12"},"content":"","lastModifiedDate":"2024-02-15"},{"lineNumber":38,"author":{"gitId":"stanleysee12"},"content":"        while(true)","lastModifiedDate":"2024-02-02"},{"lineNumber":39,"author":{"gitId":"stanleysee12"},"content":"        {","lastModifiedDate":"2024-02-02"},{"lineNumber":40,"author":{"gitId":"stanleysee12"},"content":"            userInput \u003d scGreeting.nextLine();","lastModifiedDate":"2024-02-02"},{"lineNumber":41,"author":{"gitId":"stanleysee12"},"content":"            //splits into and descriptions when user input","lastModifiedDate":"2024-03-11"},{"lineNumber":42,"author":{"gitId":"stanleysee12"},"content":"            if(userInput.length() \u003e 2)","lastModifiedDate":"2024-02-15"},{"lineNumber":43,"author":{"gitId":"stanleysee12"},"content":"            {","lastModifiedDate":"2024-02-15"},{"lineNumber":44,"author":{"gitId":"stanleysee12"},"content":"                String[] temp \u003d userInput.split(\" \",2);","lastModifiedDate":"2024-03-11"},{"lineNumber":45,"author":{"gitId":"stanleysee12"},"content":"                switch (temp[0].toLowerCase()){","lastModifiedDate":"2024-03-11"},{"lineNumber":46,"author":{"gitId":"stanleysee12"},"content":"                    case \"mark\":","lastModifiedDate":"2024-03-11"},{"lineNumber":47,"author":{"gitId":"stanleysee12"},"content":"                    case \"unmark\":","lastModifiedDate":"2024-03-11"},{"lineNumber":48,"author":{"gitId":"stanleysee12"},"content":"                    case \"todo\":","lastModifiedDate":"2024-03-11"},{"lineNumber":49,"author":{"gitId":"stanleysee12"},"content":"                    case \"deadline\":","lastModifiedDate":"2024-03-11"},{"lineNumber":50,"author":{"gitId":"stanleysee12"},"content":"                    case \"event\":","lastModifiedDate":"2024-03-11"},{"lineNumber":51,"author":{"gitId":"stanleysee12"},"content":"                        userInput \u003d temp[0];","lastModifiedDate":"2024-02-15"},{"lineNumber":52,"author":{"gitId":"stanleysee12"},"content":"                        taskNo \u003d temp[1];","lastModifiedDate":"2024-02-15"},{"lineNumber":53,"author":{"gitId":"stanleysee12"},"content":"                        break;","lastModifiedDate":"2024-03-11"},{"lineNumber":54,"author":{"gitId":"stanleysee12"},"content":"                    default:","lastModifiedDate":"2024-03-11"},{"lineNumber":55,"author":{"gitId":"stanleysee12"},"content":"                        break;","lastModifiedDate":"2024-03-11"},{"lineNumber":56,"author":{"gitId":"stanleysee12"},"content":"                }","lastModifiedDate":"2024-02-15"},{"lineNumber":57,"author":{"gitId":"stanleysee12"},"content":"            }","lastModifiedDate":"2024-02-15"},{"lineNumber":58,"author":{"gitId":"stanleysee12"},"content":"            ///ends here","lastModifiedDate":"2024-03-11"},{"lineNumber":59,"author":{"gitId":"stanleysee12"},"content":"            if(userInput.equals(\"bye\"))","lastModifiedDate":"2024-03-11"},{"lineNumber":60,"author":{"gitId":"stanleysee12"},"content":"            {","lastModifiedDate":"2024-02-02"},{"lineNumber":61,"author":{"gitId":"stanleysee12"},"content":"                System.out.println(ending);","lastModifiedDate":"2024-02-02"},{"lineNumber":62,"author":{"gitId":"stanleysee12"},"content":"                System.exit(0);","lastModifiedDate":"2024-02-02"},{"lineNumber":63,"author":{"gitId":"stanleysee12"},"content":"            }","lastModifiedDate":"2024-02-02"},{"lineNumber":64,"author":{"gitId":"stanleysee12"},"content":"            else if(userInput.equals(\"list\"))","lastModifiedDate":"2024-03-11"},{"lineNumber":65,"author":{"gitId":"stanleysee12"},"content":"            {","lastModifiedDate":"2024-02-02"},{"lineNumber":66,"author":{"gitId":"stanleysee12"},"content":"                System.out.println(\"Here are the tasks in your list:\");","lastModifiedDate":"2024-02-15"},{"lineNumber":67,"author":{"gitId":"stanleysee12"},"content":"                for (int i \u003d 0; i \u003c arrayInput.length; i++) {","lastModifiedDate":"2024-02-02"},{"lineNumber":68,"author":{"gitId":"stanleysee12"},"content":"                    if (arrayInput[i] \u003d\u003d null)","lastModifiedDate":"2024-02-02"},{"lineNumber":69,"author":{"gitId":"stanleysee12"},"content":"                    {","lastModifiedDate":"2024-02-02"},{"lineNumber":70,"author":{"gitId":"stanleysee12"},"content":"                        break;","lastModifiedDate":"2024-02-02"},{"lineNumber":71,"author":{"gitId":"stanleysee12"},"content":"                    }","lastModifiedDate":"2024-02-02"},{"lineNumber":72,"author":{"gitId":"stanleysee12"},"content":"                    System.out.printf(\"%d. %s%n\", i + 1, arrayInput[i].toString());","lastModifiedDate":"2024-03-11"},{"lineNumber":73,"author":{"gitId":"stanleysee12"},"content":"                }","lastModifiedDate":"2024-02-15"},{"lineNumber":74,"author":{"gitId":"stanleysee12"},"content":"            }","lastModifiedDate":"2024-02-15"},{"lineNumber":75,"author":{"gitId":"stanleysee12"},"content":"            else if((userInput.equals(\"mark\")) || userInput.equals((\"unmark\")))","lastModifiedDate":"2024-03-11"},{"lineNumber":76,"author":{"gitId":"stanleysee12"},"content":"            {","lastModifiedDate":"2024-02-15"},{"lineNumber":77,"author":{"gitId":"stanleysee12"},"content":"                int number \u003d Integer.parseInt(taskNo);","lastModifiedDate":"2024-02-15"},{"lineNumber":78,"author":{"gitId":"stanleysee12"},"content":"                if(userInput.equals(\"mark\"))","lastModifiedDate":"2024-03-11"},{"lineNumber":79,"author":{"gitId":"stanleysee12"},"content":"                {","lastModifiedDate":"2024-02-15"},{"lineNumber":80,"author":{"gitId":"stanleysee12"},"content":"                    arrayInput[number -1].markAsDone();","lastModifiedDate":"2024-02-15"},{"lineNumber":81,"author":{"gitId":"stanleysee12"},"content":"                    System.out.println(\"Nice! I\u0027ve marked this task as done:\");","lastModifiedDate":"2024-02-15"},{"lineNumber":82,"author":{"gitId":"stanleysee12"},"content":"                }","lastModifiedDate":"2024-02-15"},{"lineNumber":83,"author":{"gitId":"stanleysee12"},"content":"                else if(userInput.equals(\"unmark\"))","lastModifiedDate":"2024-03-11"},{"lineNumber":84,"author":{"gitId":"stanleysee12"},"content":"                {","lastModifiedDate":"2024-02-15"},{"lineNumber":85,"author":{"gitId":"stanleysee12"},"content":"                    arrayInput[number -1].markAsNotDone();","lastModifiedDate":"2024-02-15"},{"lineNumber":86,"author":{"gitId":"stanleysee12"},"content":"                    System.out.println(\"OK, I\u0027ve marked this task as not done yet:\");","lastModifiedDate":"2024-02-15"},{"lineNumber":87,"author":{"gitId":"stanleysee12"},"content":"                }","lastModifiedDate":"2024-02-02"},{"lineNumber":88,"author":{"gitId":"stanleysee12"},"content":"                System.out.println(arrayInput[number-1].toString());","lastModifiedDate":"2024-03-11"},{"lineNumber":89,"author":{"gitId":"stanleysee12"},"content":"            }","lastModifiedDate":"2024-03-11"},{"lineNumber":90,"author":{"gitId":"stanleysee12"},"content":"            else if (userInput.equals(\"todo\"))","lastModifiedDate":"2024-03-11"},{"lineNumber":91,"author":{"gitId":"stanleysee12"},"content":"            {","lastModifiedDate":"2024-03-11"},{"lineNumber":92,"author":{"gitId":"stanleysee12"},"content":"                System.out.println(\"Got it. I\u0027ve added this task: \" );","lastModifiedDate":"2024-03-11"},{"lineNumber":93,"author":{"gitId":"stanleysee12"},"content":"                arrayInput[arrayIndex] \u003d new ToDo (taskNo);","lastModifiedDate":"2024-03-11"},{"lineNumber":94,"author":{"gitId":"stanleysee12"},"content":"                System.out.println(arrayInput[arrayIndex]);","lastModifiedDate":"2024-03-11"},{"lineNumber":95,"author":{"gitId":"stanleysee12"},"content":"                arrayIndex++;","lastModifiedDate":"2024-03-11"},{"lineNumber":96,"author":{"gitId":"stanleysee12"},"content":"                System.out.println(\"Now you have \" + arrayIndex + \" tasks in the list\");","lastModifiedDate":"2024-03-11"},{"lineNumber":97,"author":{"gitId":"stanleysee12"},"content":"            }","lastModifiedDate":"2024-03-11"},{"lineNumber":98,"author":{"gitId":"stanleysee12"},"content":"            else if (userInput.equals(\"deadline\"))","lastModifiedDate":"2024-03-11"},{"lineNumber":99,"author":{"gitId":"stanleysee12"},"content":"            {","lastModifiedDate":"2024-03-11"},{"lineNumber":100,"author":{"gitId":"stanleysee12"},"content":"                String [] splitBy \u003d taskNo.split(\" /by \" , 2);","lastModifiedDate":"2024-03-11"},{"lineNumber":101,"author":{"gitId":"stanleysee12"},"content":"                System.out.println(\"Got it. I\u0027ve added this task: \" );","lastModifiedDate":"2024-03-11"},{"lineNumber":102,"author":{"gitId":"stanleysee12"},"content":"                arrayInput[arrayIndex] \u003d new Deadline(splitBy[0],splitBy[1]);","lastModifiedDate":"2024-03-11"},{"lineNumber":103,"author":{"gitId":"stanleysee12"},"content":"                System.out.println(arrayInput[arrayIndex]);","lastModifiedDate":"2024-03-11"},{"lineNumber":104,"author":{"gitId":"stanleysee12"},"content":"                arrayIndex++;","lastModifiedDate":"2024-03-11"},{"lineNumber":105,"author":{"gitId":"stanleysee12"},"content":"                System.out.println(\"Now you have \" + arrayIndex + \" tasks in the list\");","lastModifiedDate":"2024-03-11"},{"lineNumber":106,"author":{"gitId":"stanleysee12"},"content":"","lastModifiedDate":"2024-02-15"},{"lineNumber":107,"author":{"gitId":"stanleysee12"},"content":"            }","lastModifiedDate":"2024-02-02"},{"lineNumber":108,"author":{"gitId":"stanleysee12"},"content":"            else if(userInput.equals(\"event\"))","lastModifiedDate":"2024-03-11"},{"lineNumber":109,"author":{"gitId":"stanleysee12"},"content":"            {","lastModifiedDate":"2024-03-11"},{"lineNumber":110,"author":{"gitId":"stanleysee12"},"content":"                String start;","lastModifiedDate":"2024-03-11"},{"lineNumber":111,"author":{"gitId":"stanleysee12"},"content":"                String end;","lastModifiedDate":"2024-03-11"},{"lineNumber":112,"author":{"gitId":"stanleysee12"},"content":"                System.out.println(\"Got it. I\u0027ve added this task: \" );","lastModifiedDate":"2024-03-11"},{"lineNumber":113,"author":{"gitId":"stanleysee12"},"content":"                //description of event split from date/time","lastModifiedDate":"2024-03-11"},{"lineNumber":114,"author":{"gitId":"stanleysee12"},"content":"                String [] splitEvent \u003d taskNo.split(\" /from \" , 2);","lastModifiedDate":"2024-03-11"},{"lineNumber":115,"author":{"gitId":"stanleysee12"},"content":"                //checks if there is start\u0026end date/time","lastModifiedDate":"2024-03-11"},{"lineNumber":116,"author":{"gitId":"stanleysee12"},"content":"                String [] splitStartEnd \u003d splitEvent[1].split(\" /to \", 2);","lastModifiedDate":"2024-03-11"},{"lineNumber":117,"author":{"gitId":"stanleysee12"},"content":"                if(splitStartEnd.length \u003e 1){","lastModifiedDate":"2024-03-11"},{"lineNumber":118,"author":{"gitId":"stanleysee12"},"content":"                    start \u003d splitStartEnd[0];","lastModifiedDate":"2024-03-11"},{"lineNumber":119,"author":{"gitId":"stanleysee12"},"content":"                    end \u003d splitStartEnd[1];","lastModifiedDate":"2024-03-11"},{"lineNumber":120,"author":{"gitId":"stanleysee12"},"content":"                }","lastModifiedDate":"2024-03-11"},{"lineNumber":121,"author":{"gitId":"stanleysee12"},"content":"                else","lastModifiedDate":"2024-03-11"},{"lineNumber":122,"author":{"gitId":"stanleysee12"},"content":"                {","lastModifiedDate":"2024-03-11"},{"lineNumber":123,"author":{"gitId":"stanleysee12"},"content":"                    start \u003d splitStartEnd[0];","lastModifiedDate":"2024-03-11"},{"lineNumber":124,"author":{"gitId":"stanleysee12"},"content":"                    end \u003d \" \";","lastModifiedDate":"2024-03-11"},{"lineNumber":125,"author":{"gitId":"stanleysee12"},"content":"                }","lastModifiedDate":"2024-03-11"},{"lineNumber":126,"author":{"gitId":"stanleysee12"},"content":"                arrayInput[arrayIndex] \u003d new Event (splitEvent[0],start,end);","lastModifiedDate":"2024-03-11"},{"lineNumber":127,"author":{"gitId":"stanleysee12"},"content":"                System.out.println(arrayInput[arrayIndex]);","lastModifiedDate":"2024-03-11"},{"lineNumber":128,"author":{"gitId":"stanleysee12"},"content":"                arrayIndex++;","lastModifiedDate":"2024-03-11"},{"lineNumber":129,"author":{"gitId":"stanleysee12"},"content":"                System.out.println(\"Now you have \" + arrayIndex + \" tasks in the list\");","lastModifiedDate":"2024-03-11"},{"lineNumber":130,"author":{"gitId":"stanleysee12"},"content":"            }","lastModifiedDate":"2024-03-11"},{"lineNumber":131,"author":{"gitId":"stanleysee12"},"content":"            else {","lastModifiedDate":"2024-02-15"},{"lineNumber":132,"author":{"gitId":"stanleysee12"},"content":"                arrayInput[arrayIndex] \u003d new Task(userInput);","lastModifiedDate":"2024-02-15"},{"lineNumber":133,"author":{"gitId":"stanleysee12"},"content":"                arrayIndex++;","lastModifiedDate":"2024-02-02"},{"lineNumber":134,"author":{"gitId":"stanleysee12"},"content":"                //arrayInput[arrayIndex] \u003d userInput;","lastModifiedDate":"2024-02-15"},{"lineNumber":135,"author":{"gitId":"stanleysee12"},"content":"                System.out.println(\"~~~~~~~~~~~~~~~~~~~~~~~\\n\" + \"added: \" + userInput);","lastModifiedDate":"2024-02-02"},{"lineNumber":136,"author":{"gitId":"stanleysee12"},"content":"            }","lastModifiedDate":"2024-02-02"},{"lineNumber":137,"author":{"gitId":"stanleysee12"},"content":"","lastModifiedDate":"2024-02-02"},{"lineNumber":138,"author":{"gitId":"stanleysee12"},"content":"            System.out.println(\"~~~~~~~~~~~~~~~~~~~~~~~\\n\");","lastModifiedDate":"2024-02-15"},{"lineNumber":139,"author":{"gitId":"stanleysee12"},"content":"        }","lastModifiedDate":"2024-02-15"},{"lineNumber":140,"author":{"gitId":"stanleysee12"},"content":"","lastModifiedDate":"2024-02-15"},{"lineNumber":141,"author":{"gitId":"-"},"content":"    }","lastModifiedDate":"2019-07-29"},{"lineNumber":142,"author":{"gitId":"-"},"content":"}","lastModifiedDate":"2019-07-29"},{"lineNumber":143,"author":{"gitId":"stanleysee12"},"content":"","lastModifiedDate":"2024-03-11"}],"authorContributionMap":{"-":5,"stanleysee12":138}},{"path":"src/main/java/Event.java","fileType":"java","lines":[{"lineNumber":1,"author":{"gitId":"stanleysee12"},"content":"public class Event extends Task {","lastModifiedDate":"2024-03-11"},{"lineNumber":2,"author":{"gitId":"stanleysee12"},"content":"    protected String start;","lastModifiedDate":"2024-03-11"},{"lineNumber":3,"author":{"gitId":"stanleysee12"},"content":"    protected String end;","lastModifiedDate":"2024-03-11"},{"lineNumber":4,"author":{"gitId":"stanleysee12"},"content":"","lastModifiedDate":"2024-03-11"},{"lineNumber":5,"author":{"gitId":"stanleysee12"},"content":"    public Event(String description, String start, String end) {","lastModifiedDate":"2024-03-11"},{"lineNumber":6,"author":{"gitId":"stanleysee12"},"content":"        super(description);","lastModifiedDate":"2024-03-11"},{"lineNumber":7,"author":{"gitId":"stanleysee12"},"content":"        this.start \u003d start;","lastModifiedDate":"2024-03-11"},{"lineNumber":8,"author":{"gitId":"stanleysee12"},"content":"        this.end \u003d end;","lastModifiedDate":"2024-03-11"},{"lineNumber":9,"author":{"gitId":"stanleysee12"},"content":"    }","lastModifiedDate":"2024-03-11"},{"lineNumber":10,"author":{"gitId":"stanleysee12"},"content":"","lastModifiedDate":"2024-03-11"},{"lineNumber":11,"author":{"gitId":"stanleysee12"},"content":"    @Override","lastModifiedDate":"2024-03-11"},{"lineNumber":12,"author":{"gitId":"stanleysee12"},"content":"    public String toString() {","lastModifiedDate":"2024-03-11"},{"lineNumber":13,"author":{"gitId":"stanleysee12"},"content":"        return \"[E]\" + super.toString() + \" (from: \" + start + \" to: \" + end + \")\";","lastModifiedDate":"2024-03-11"},{"lineNumber":14,"author":{"gitId":"stanleysee12"},"content":"    }","lastModifiedDate":"2024-03-11"},{"lineNumber":15,"author":{"gitId":"stanleysee12"},"content":"}","lastModifiedDate":"2024-03-11"}],"authorContributionMap":{"stanleysee12":15}},{"path":"src/main/java/Task.java","fileType":"java","lines":[{"lineNumber":1,"author":{"gitId":"stanleysee12"},"content":"public class Task {","lastModifiedDate":"2024-02-15"},{"lineNumber":2,"author":{"gitId":"stanleysee12"},"content":"    protected String description;","lastModifiedDate":"2024-02-15"},{"lineNumber":3,"author":{"gitId":"stanleysee12"},"content":"    protected boolean isDone;","lastModifiedDate":"2024-02-15"},{"lineNumber":4,"author":{"gitId":"stanleysee12"},"content":"","lastModifiedDate":"2024-02-15"},{"lineNumber":5,"author":{"gitId":"stanleysee12"},"content":"    public Task(String description) {","lastModifiedDate":"2024-02-15"},{"lineNumber":6,"author":{"gitId":"stanleysee12"},"content":"        this.description \u003d description;","lastModifiedDate":"2024-02-15"},{"lineNumber":7,"author":{"gitId":"stanleysee12"},"content":"        this.isDone \u003d false;","lastModifiedDate":"2024-02-15"},{"lineNumber":8,"author":{"gitId":"stanleysee12"},"content":"    }","lastModifiedDate":"2024-02-15"},{"lineNumber":9,"author":{"gitId":"stanleysee12"},"content":"","lastModifiedDate":"2024-02-15"},{"lineNumber":10,"author":{"gitId":"stanleysee12"},"content":"    public String getStatusIcon() {","lastModifiedDate":"2024-02-15"},{"lineNumber":11,"author":{"gitId":"stanleysee12"},"content":"        return (isDone ? \"X\" : \" \"); // mark done task with X","lastModifiedDate":"2024-02-15"},{"lineNumber":12,"author":{"gitId":"stanleysee12"},"content":"    }","lastModifiedDate":"2024-02-15"},{"lineNumber":13,"author":{"gitId":"stanleysee12"},"content":"","lastModifiedDate":"2024-02-15"},{"lineNumber":14,"author":{"gitId":"stanleysee12"},"content":"    public void markAsDone(){","lastModifiedDate":"2024-02-15"},{"lineNumber":15,"author":{"gitId":"stanleysee12"},"content":"        this.isDone \u003d true;","lastModifiedDate":"2024-02-15"},{"lineNumber":16,"author":{"gitId":"stanleysee12"},"content":"    }","lastModifiedDate":"2024-02-15"},{"lineNumber":17,"author":{"gitId":"stanleysee12"},"content":"","lastModifiedDate":"2024-02-15"},{"lineNumber":18,"author":{"gitId":"stanleysee12"},"content":"    public void markAsNotDone(){","lastModifiedDate":"2024-02-15"},{"lineNumber":19,"author":{"gitId":"stanleysee12"},"content":"        this.isDone \u003d false;","lastModifiedDate":"2024-02-15"},{"lineNumber":20,"author":{"gitId":"stanleysee12"},"content":"    }","lastModifiedDate":"2024-02-15"},{"lineNumber":21,"author":{"gitId":"stanleysee12"},"content":"","lastModifiedDate":"2024-02-15"},{"lineNumber":22,"author":{"gitId":"stanleysee12"},"content":"    public String getDescription (){","lastModifiedDate":"2024-03-11"},{"lineNumber":23,"author":{"gitId":"stanleysee12"},"content":"        return description;","lastModifiedDate":"2024-03-11"},{"lineNumber":24,"author":{"gitId":"stanleysee12"},"content":"    }","lastModifiedDate":"2024-03-11"},{"lineNumber":25,"author":{"gitId":"stanleysee12"},"content":"    @Override","lastModifiedDate":"2024-03-11"},{"lineNumber":26,"author":{"gitId":"stanleysee12"},"content":"    public String toString(){","lastModifiedDate":"2024-03-11"},{"lineNumber":27,"author":{"gitId":"stanleysee12"},"content":"        return \"[\" + getStatusIcon() + \"]\" + \" \" + getDescription();","lastModifiedDate":"2024-03-11"},{"lineNumber":28,"author":{"gitId":"stanleysee12"},"content":"    }","lastModifiedDate":"2024-03-11"},{"lineNumber":29,"author":{"gitId":"stanleysee12"},"content":"    //...","lastModifiedDate":"2024-02-15"},{"lineNumber":30,"author":{"gitId":"stanleysee12"},"content":"}","lastModifiedDate":"2024-02-15"}],"authorContributionMap":{"stanleysee12":30}},{"path":"src/main/java/ToDo.java","fileType":"java","lines":[{"lineNumber":1,"author":{"gitId":"stanleysee12"},"content":"public class ToDo extends Task {","lastModifiedDate":"2024-03-11"},{"lineNumber":2,"author":{"gitId":"stanleysee12"},"content":"","lastModifiedDate":"2024-03-11"},{"lineNumber":3,"author":{"gitId":"stanleysee12"},"content":"    public ToDo (String description) {","lastModifiedDate":"2024-03-11"},{"lineNumber":4,"author":{"gitId":"stanleysee12"},"content":"        super(description);","lastModifiedDate":"2024-03-11"},{"lineNumber":5,"author":{"gitId":"stanleysee12"},"content":"    }","lastModifiedDate":"2024-03-11"},{"lineNumber":6,"author":{"gitId":"stanleysee12"},"content":"","lastModifiedDate":"2024-03-11"},{"lineNumber":7,"author":{"gitId":"stanleysee12"},"content":"    @Override","lastModifiedDate":"2024-03-11"},{"lineNumber":8,"author":{"gitId":"stanleysee12"},"content":"    public String toString() {","lastModifiedDate":"2024-03-11"},{"lineNumber":9,"author":{"gitId":"stanleysee12"},"content":"        return \"[T]\" + super.toString();","lastModifiedDate":"2024-03-11"},{"lineNumber":10,"author":{"gitId":"stanleysee12"},"content":"    }","lastModifiedDate":"2024-03-11"},{"lineNumber":11,"author":{"gitId":"stanleysee12"},"content":"}","lastModifiedDate":"2024-03-11"}],"authorContributionMap":{"stanleysee12":11}},{"path":"src/main/java/fruits.txt","fileType":"txt","lines":[{"lineNumber":1,"author":{"gitId":"stanleysee12"},"content":"test","lastModifiedDate":"2024-02-02"},{"lineNumber":2,"author":{"gitId":"stanleysee12"},"content":"a","lastModifiedDate":"2024-02-02"},{"lineNumber":3,"author":{"gitId":"stanleysee12"},"content":"b","lastModifiedDate":"2024-02-02"},{"lineNumber":4,"author":{"gitId":"stanleysee12"},"content":"c","lastModifiedDate":"2024-02-02"},{"lineNumber":5,"author":{"gitId":"stanleysee12"},"content":"d","lastModifiedDate":"2024-02-02"},{"lineNumber":6,"author":{"gitId":"stanleysee12"},"content":"e","lastModifiedDate":"2024-02-02"}],"authorContributionMap":{"stanleysee12":6}}]
