{"authorDailyContributionsMap":{"stanleysee12":[{"date":"2024-02-02","commitResults":[{"hash":"a4f7f3a7a9f20944905dd1ba534c9838cf20ec27","isMergeCommit":false,"messageTitle":"testing commit","messageBody":"Signed-off-by: LUCIA\\stanley \u003citsalllies12@gmail.com\u003e\n","fileTypesAndContributionMap":{"txt":{"insertions":3,"deletions":0}}},{"hash":"b1dbb44c3a6d6d39ce9786c3cd99605cc5fa7eb3","isMergeCommit":false,"messageTitle":"testing 2nd edit","messageBody":"Signed-off-by: LUCIA\\stanley \u003citsalllies12@gmail.com\u003e\n","fileTypesAndContributionMap":{"txt":{"insertions":4,"deletions":1}}},{"hash":"fe37269709c1cb0a818cc18d0df3891f29d040b0","isMergeCommit":false,"messageTitle":"test","messageBody":"Signed-off-by: Stanley \u003cE0895818@U.NUS.EDU\u003e\n","tags":["v1.0"],"fileTypesAndContributionMap":{"txt":{"insertions":0,"deletions":0}}},{"hash":"031b088deeedf9bf0ff015c6d34fe1fcdae8ea8b","isMergeCommit":false,"messageTitle":"Duke level 0 finished","messageBody":"Signed-off-by: Stanley \u003cE0895818@U.NUS.EDU\u003e\n","fileTypesAndContributionMap":{"java":{"insertions":13,"deletions":6}}},{"hash":"7e2c37f8a97c0bc11a65ada28721e88b201451df","isMergeCommit":false,"messageTitle":"Level 1 Echo","messageBody":"Signed-off-by: Stanley \u003cE0895818@U.NUS.EDU\u003e\n","fileTypesAndContributionMap":{"java":{"insertions":22,"deletions":3}}},{"hash":"8a7a2e51377b5da3b7255808a59c8505ceb752aa","isMergeCommit":false,"messageTitle":"end of week 3 progress","messageBody":"Signed-off-by: Stanley \u003cE0895818@U.NUS.EDU\u003e\n","fileTypesAndContributionMap":{"java":{"insertions":19,"deletions":2}}}]},{"date":"2024-02-15","commitResults":[{"hash":"838486d7ffd6236ae7066288221a36a6a9f59289","isMergeCommit":false,"messageTitle":"Level 3 done","messageBody":"","fileTypesAndContributionMap":{"java":{"insertions":75,"deletions":6}}}]},{"date":"2024-03-11","commitResults":[{"hash":"4ea93a3ec28135dd2b5d2ad72b727cfd577b6959","isMergeCommit":false,"messageTitle":"Level 4 (week 5 done)","messageBody":"","tags":["Level-4"],"fileTypesAndContributionMap":{"java":{"insertions":112,"deletions":21}}}]},{"date":"2024-03-17","commitResults":[{"hash":"e8bacd46fcd0c636bb1d2e770d2936b8ceebbd49","isMergeCommit":false,"messageTitle":"Level 6 Delete not checked for error yet Enums not done for days/time","messageBody":"","tags":["Level6"],"fileTypesAndContributionMap":{"java":{"insertions":177,"deletions":75}}}]}]},"authorFileTypeContributionMap":{"stanleysee12":{"java":310,"md":0,"fxml":0,"sh":0,"bat":0,"gradle":0,"txt":6}},"authorContributionVariance":{"stanleysee12":1404.3103},"authorDisplayNameMap":{"stanleysee12":"STAN.. HUA"}}
