[{"path":"src/main/java/DeadlineTask.java","fileType":"java","lines":[{"lineNumber":1,"author":{"gitId":"anythingwhatever192940958"},"content":"// Deadline inherit Task","lastModifiedDate":"2024-03-03"},{"lineNumber":2,"author":{"gitId":"anythingwhatever192940958"},"content":"public class DeadlineTask extends Task {","lastModifiedDate":"2024-03-03"},{"lineNumber":3,"author":{"gitId":"anythingwhatever192940958"},"content":"    public DeadlineTask(String description, String by) {","lastModifiedDate":"2024-03-03"},{"lineNumber":4,"author":{"gitId":"anythingwhatever192940958"},"content":"        super(\"D\", description + \" (by: \" + by + \")\");","lastModifiedDate":"2024-03-03"},{"lineNumber":5,"author":{"gitId":"anythingwhatever192940958"},"content":"    }","lastModifiedDate":"2024-03-03"},{"lineNumber":6,"author":{"gitId":"anythingwhatever192940958"},"content":"}","lastModifiedDate":"2024-03-03"}],"authorContributionMap":{"anythingwhatever192940958":6}},{"path":"src/main/java/Duke.java","fileType":"java","lines":[{"lineNumber":1,"author":{"gitId":"anythingwhatever192940958"},"content":"import java.util.ArrayList;","lastModifiedDate":"2024-02-02"},{"lineNumber":2,"author":{"gitId":"anythingwhatever192940958"},"content":"import java.util.List;","lastModifiedDate":"2024-02-02"},{"lineNumber":3,"author":{"gitId":"anythingwhatever192940958"},"content":"import java.util.Scanner;","lastModifiedDate":"2024-02-02"},{"lineNumber":4,"author":{"gitId":"anythingwhatever192940958"},"content":"","lastModifiedDate":"2024-02-02"},{"lineNumber":5,"author":{"gitId":"-"},"content":"public class Duke {","lastModifiedDate":"2019-07-29"},{"lineNumber":6,"author":{"gitId":"-"},"content":"    public static void main(String[] args) {","lastModifiedDate":"2019-07-29"},{"lineNumber":7,"author":{"gitId":"anythingwhatever192940958"},"content":"        Scanner scanner \u003d new Scanner(System.in);","lastModifiedDate":"2024-02-02"},{"lineNumber":8,"author":{"gitId":"anythingwhatever192940958"},"content":"        List\u003cTask\u003e taskList \u003d new ArrayList\u003c\u003e();","lastModifiedDate":"2024-02-17"},{"lineNumber":9,"author":{"gitId":"-"},"content":"        String logo \u003d \" ____        _        \\n\"","lastModifiedDate":"2019-07-29"},{"lineNumber":10,"author":{"gitId":"-"},"content":"                + \"|  _ \\\\ _   _| | _____ \\n\"","lastModifiedDate":"2019-07-29"},{"lineNumber":11,"author":{"gitId":"-"},"content":"                + \"| | | | | | | |/ / _ \\\\\\n\"","lastModifiedDate":"2019-07-29"},{"lineNumber":12,"author":{"gitId":"-"},"content":"                + \"| |_| | |_| |   \u003c  __/\\n\"","lastModifiedDate":"2019-07-29"},{"lineNumber":13,"author":{"gitId":"-"},"content":"                + \"|____/ \\\\__,_|_|\\\\_\\\\___|\\n\";","lastModifiedDate":"2019-07-29"},{"lineNumber":14,"author":{"gitId":"anythingwhatever192940958"},"content":"        System.out.println(logo + \"\\n\");","lastModifiedDate":"2024-02-02"},{"lineNumber":15,"author":{"gitId":"anythingwhatever192940958"},"content":"        System.out.println(\"____________________________________________________________\");","lastModifiedDate":"2024-02-02"},{"lineNumber":16,"author":{"gitId":"anythingwhatever192940958"},"content":"        System.out.println(\"Hello! I\u0027m Firefly!\");","lastModifiedDate":"2024-02-14"},{"lineNumber":17,"author":{"gitId":"anythingwhatever192940958"},"content":"        System.out.println(\"Type help to view all commands!\");","lastModifiedDate":"2024-03-03"},{"lineNumber":18,"author":{"gitId":"anythingwhatever192940958"},"content":"        System.out.println(\"____________________________________________________________\");","lastModifiedDate":"2024-02-02"},{"lineNumber":19,"author":{"gitId":"anythingwhatever192940958"},"content":"","lastModifiedDate":"2024-02-02"},{"lineNumber":20,"author":{"gitId":"anythingwhatever192940958"},"content":"        while (true) {","lastModifiedDate":"2024-02-02"},{"lineNumber":21,"author":{"gitId":"anythingwhatever192940958"},"content":"            String userInput \u003d scanner.nextLine().trim();","lastModifiedDate":"2024-02-14"},{"lineNumber":22,"author":{"gitId":"anythingwhatever192940958"},"content":"            try {","lastModifiedDate":"2024-03-03"},{"lineNumber":23,"author":{"gitId":"anythingwhatever192940958"},"content":"                DukeExceptionHandler.handleExceptions(userInput, taskList);","lastModifiedDate":"2024-03-03"},{"lineNumber":24,"author":{"gitId":"anythingwhatever192940958"},"content":"            } catch (DukeException e) {","lastModifiedDate":"2024-03-23"},{"lineNumber":25,"author":{"gitId":"anythingwhatever192940958"},"content":"                System.out.println(\"____________________________________________________________\");","lastModifiedDate":"2024-03-03"},{"lineNumber":26,"author":{"gitId":"anythingwhatever192940958"},"content":"                System.out.println(e.getMessage());","lastModifiedDate":"2024-03-03"},{"lineNumber":27,"author":{"gitId":"anythingwhatever192940958"},"content":"                System.out.println(\"____________________________________________________________\");","lastModifiedDate":"2024-03-03"},{"lineNumber":28,"author":{"gitId":"anythingwhatever192940958"},"content":"                continue;","lastModifiedDate":"2024-03-03"},{"lineNumber":29,"author":{"gitId":"anythingwhatever192940958"},"content":"            }","lastModifiedDate":"2024-03-03"},{"lineNumber":30,"author":{"gitId":"anythingwhatever192940958"},"content":"","lastModifiedDate":"2024-03-03"},{"lineNumber":31,"author":{"gitId":"anythingwhatever192940958"},"content":"            String[] tokenized \u003d userInput.split(\"\\\\s+\", 2);","lastModifiedDate":"2024-02-14"},{"lineNumber":32,"author":{"gitId":"anythingwhatever192940958"},"content":"","lastModifiedDate":"2024-02-02"},{"lineNumber":33,"author":{"gitId":"anythingwhatever192940958"},"content":"            // list","lastModifiedDate":"2024-02-17"},{"lineNumber":34,"author":{"gitId":"anythingwhatever192940958"},"content":"            if (userInput.equals(\"list\")) {","lastModifiedDate":"2024-02-02"},{"lineNumber":35,"author":{"gitId":"anythingwhatever192940958"},"content":"                System.out.println(\"____________________________________________________________\");","lastModifiedDate":"2024-02-02"},{"lineNumber":36,"author":{"gitId":"anythingwhatever192940958"},"content":"                System.out.println(\"Here are the tasks in your list:\");","lastModifiedDate":"2024-02-14"},{"lineNumber":37,"author":{"gitId":"anythingwhatever192940958"},"content":"                int i \u003d 1;","lastModifiedDate":"2024-02-02"},{"lineNumber":38,"author":{"gitId":"anythingwhatever192940958"},"content":"                for (Task task : taskList) {","lastModifiedDate":"2024-02-17"},{"lineNumber":39,"author":{"gitId":"anythingwhatever192940958"},"content":"                    System.out.println(i + \".[\" + task.getType() + \"][\" + task.getStatusIcon() + \"] \" + task.getDescription());","lastModifiedDate":"2024-02-17"},{"lineNumber":40,"author":{"gitId":"anythingwhatever192940958"},"content":"                    i++;","lastModifiedDate":"2024-02-02"},{"lineNumber":41,"author":{"gitId":"anythingwhatever192940958"},"content":"                }","lastModifiedDate":"2024-02-02"},{"lineNumber":42,"author":{"gitId":"anythingwhatever192940958"},"content":"                System.out.println(\"____________________________________________________________\");","lastModifiedDate":"2024-02-02"},{"lineNumber":43,"author":{"gitId":"anythingwhatever192940958"},"content":"            }","lastModifiedDate":"2024-02-02"},{"lineNumber":44,"author":{"gitId":"anythingwhatever192940958"},"content":"","lastModifiedDate":"2024-02-02"},{"lineNumber":45,"author":{"gitId":"anythingwhatever192940958"},"content":"            // todo \u003cstring\u003e","lastModifiedDate":"2024-02-17"},{"lineNumber":46,"author":{"gitId":"anythingwhatever192940958"},"content":"            else if (tokenized[0].equals(\"todo\") \u0026\u0026 tokenized.length \u003e 1) {","lastModifiedDate":"2024-02-17"},{"lineNumber":47,"author":{"gitId":"anythingwhatever192940958"},"content":"                taskList.add(new TodoTask(tokenized[1]));","lastModifiedDate":"2024-02-17"},{"lineNumber":48,"author":{"gitId":"anythingwhatever192940958"},"content":"                taskList.get(taskList.size() - 1).printTaskInfo(taskList);","lastModifiedDate":"2024-02-17"},{"lineNumber":49,"author":{"gitId":"anythingwhatever192940958"},"content":"            }","lastModifiedDate":"2024-02-17"},{"lineNumber":50,"author":{"gitId":"anythingwhatever192940958"},"content":"","lastModifiedDate":"2024-02-17"},{"lineNumber":51,"author":{"gitId":"anythingwhatever192940958"},"content":"            // deadline \u003cstring\u003e /by \u003cstring\u003e","lastModifiedDate":"2024-02-17"},{"lineNumber":52,"author":{"gitId":"anythingwhatever192940958"},"content":"            else if (tokenized[0].equals(\"deadline\") \u0026\u0026 tokenized.length \u003e 1 \u0026\u0026 userInput.contains(\"/by\")) {","lastModifiedDate":"2024-02-17"},{"lineNumber":53,"author":{"gitId":"anythingwhatever192940958"},"content":"                String[] deadlineInfo \u003d tokenized[1].split(\"\\\\s*/by\\\\s*\", 2);","lastModifiedDate":"2024-02-17"},{"lineNumber":54,"author":{"gitId":"anythingwhatever192940958"},"content":"                taskList.add(new DeadlineTask(deadlineInfo[0], deadlineInfo[1].trim()));","lastModifiedDate":"2024-02-17"},{"lineNumber":55,"author":{"gitId":"anythingwhatever192940958"},"content":"                taskList.get(taskList.size() - 1).printTaskInfo(taskList);","lastModifiedDate":"2024-02-17"},{"lineNumber":56,"author":{"gitId":"anythingwhatever192940958"},"content":"            }","lastModifiedDate":"2024-02-17"},{"lineNumber":57,"author":{"gitId":"anythingwhatever192940958"},"content":"","lastModifiedDate":"2024-02-17"},{"lineNumber":58,"author":{"gitId":"anythingwhatever192940958"},"content":"            // event \u003cstring\u003e /from \u003cstring\u003e /to \u003cstring\u003e","lastModifiedDate":"2024-02-17"},{"lineNumber":59,"author":{"gitId":"anythingwhatever192940958"},"content":"            else if (tokenized[0].equals(\"event\") \u0026\u0026 tokenized.length \u003e 1 \u0026\u0026 userInput.contains(\"/from\") \u0026\u0026 userInput.contains(\"/to\")) {","lastModifiedDate":"2024-02-17"},{"lineNumber":60,"author":{"gitId":"anythingwhatever192940958"},"content":"                String[] eventInfo \u003d tokenized[1].split(\"\\\\s*/from\\\\s*\", 2);","lastModifiedDate":"2024-02-17"},{"lineNumber":61,"author":{"gitId":"anythingwhatever192940958"},"content":"                String[] timeInfo \u003d eventInfo[1].split(\"\\\\s*/to\\\\s*\", 2);","lastModifiedDate":"2024-02-17"},{"lineNumber":62,"author":{"gitId":"anythingwhatever192940958"},"content":"                taskList.add(new EventTask(eventInfo[0], timeInfo[0].trim(), timeInfo[1].trim()));","lastModifiedDate":"2024-02-17"},{"lineNumber":63,"author":{"gitId":"anythingwhatever192940958"},"content":"                taskList.get(taskList.size() - 1).printTaskInfo(taskList);","lastModifiedDate":"2024-02-17"},{"lineNumber":64,"author":{"gitId":"anythingwhatever192940958"},"content":"            }","lastModifiedDate":"2024-02-17"},{"lineNumber":65,"author":{"gitId":"anythingwhatever192940958"},"content":"","lastModifiedDate":"2024-02-17"},{"lineNumber":66,"author":{"gitId":"anythingwhatever192940958"},"content":"            // mark \u003cint\u003e","lastModifiedDate":"2024-02-17"},{"lineNumber":67,"author":{"gitId":"anythingwhatever192940958"},"content":"            else if (tokenized[0].equals(\"mark\") \u0026\u0026 tokenized.length \u003e 1) {","lastModifiedDate":"2024-02-14"},{"lineNumber":68,"author":{"gitId":"anythingwhatever192940958"},"content":"                int markDone \u003d Integer.parseInt(tokenized[1]) - 1;","lastModifiedDate":"2024-02-14"},{"lineNumber":69,"author":{"gitId":"anythingwhatever192940958"},"content":"                String taskType \u003d taskList.get(markDone).getType();","lastModifiedDate":"2024-02-17"},{"lineNumber":70,"author":{"gitId":"anythingwhatever192940958"},"content":"                taskList.get(markDone).markAsDone();","lastModifiedDate":"2024-02-17"},{"lineNumber":71,"author":{"gitId":"anythingwhatever192940958"},"content":"                System.out.println(\"____________________________________________________________\");","lastModifiedDate":"2024-02-14"},{"lineNumber":72,"author":{"gitId":"anythingwhatever192940958"},"content":"                System.out.println(\"Nice! I\u0027ve marked this task as done:\");","lastModifiedDate":"2024-02-14"},{"lineNumber":73,"author":{"gitId":"anythingwhatever192940958"},"content":"                System.out.println(\"[\" + taskType + \"][X] \" + taskList.get(markDone).getDescription());","lastModifiedDate":"2024-02-17"},{"lineNumber":74,"author":{"gitId":"anythingwhatever192940958"},"content":"                System.out.println(\"____________________________________________________________\");","lastModifiedDate":"2024-02-14"},{"lineNumber":75,"author":{"gitId":"anythingwhatever192940958"},"content":"            }","lastModifiedDate":"2024-02-14"},{"lineNumber":76,"author":{"gitId":"anythingwhatever192940958"},"content":"","lastModifiedDate":"2024-02-14"},{"lineNumber":77,"author":{"gitId":"anythingwhatever192940958"},"content":"            // unmark \u003cint\u003e","lastModifiedDate":"2024-02-17"},{"lineNumber":78,"author":{"gitId":"anythingwhatever192940958"},"content":"            else if (tokenized[0].equals(\"unmark\") \u0026\u0026 tokenized.length \u003e 1) {","lastModifiedDate":"2024-02-14"},{"lineNumber":79,"author":{"gitId":"anythingwhatever192940958"},"content":"                int markUndone \u003d Integer.parseInt(tokenized[1]) - 1;","lastModifiedDate":"2024-02-14"},{"lineNumber":80,"author":{"gitId":"anythingwhatever192940958"},"content":"                String taskType \u003d taskList.get(markUndone).getType();","lastModifiedDate":"2024-02-17"},{"lineNumber":81,"author":{"gitId":"anythingwhatever192940958"},"content":"                taskList.get(markUndone).markAsUndone();","lastModifiedDate":"2024-02-17"},{"lineNumber":82,"author":{"gitId":"anythingwhatever192940958"},"content":"                System.out.println(\"____________________________________________________________\");","lastModifiedDate":"2024-02-14"},{"lineNumber":83,"author":{"gitId":"anythingwhatever192940958"},"content":"                System.out.println(\"OK, I\u0027ve marked this task as not done yet:\");","lastModifiedDate":"2024-02-14"},{"lineNumber":84,"author":{"gitId":"anythingwhatever192940958"},"content":"                System.out.println(\"[\" + taskType + \"][ ] \" + taskList.get(markUndone).getDescription());","lastModifiedDate":"2024-02-17"},{"lineNumber":85,"author":{"gitId":"anythingwhatever192940958"},"content":"                System.out.println(\"____________________________________________________________\");","lastModifiedDate":"2024-02-14"},{"lineNumber":86,"author":{"gitId":"anythingwhatever192940958"},"content":"            }","lastModifiedDate":"2024-02-14"},{"lineNumber":87,"author":{"gitId":"anythingwhatever192940958"},"content":"","lastModifiedDate":"2024-02-14"},{"lineNumber":88,"author":{"gitId":"anythingwhatever192940958"},"content":"            // delete \u003cint\u003e","lastModifiedDate":"2024-03-23"},{"lineNumber":89,"author":{"gitId":"anythingwhatever192940958"},"content":"            else if (tokenized[0].equals(\"delete\") \u0026\u0026 tokenized.length \u003e 1) {","lastModifiedDate":"2024-03-23"},{"lineNumber":90,"author":{"gitId":"anythingwhatever192940958"},"content":"                int taskIndexToDelete \u003d Integer.parseInt(tokenized[1]) - 1;","lastModifiedDate":"2024-03-23"},{"lineNumber":91,"author":{"gitId":"anythingwhatever192940958"},"content":"                Task removedTask \u003d taskList.remove(taskIndexToDelete);","lastModifiedDate":"2024-03-23"},{"lineNumber":92,"author":{"gitId":"anythingwhatever192940958"},"content":"                System.out.println(\"____________________________________________________________\");","lastModifiedDate":"2024-03-23"},{"lineNumber":93,"author":{"gitId":"anythingwhatever192940958"},"content":"                System.out.println(\"Noted. I\u0027ve removed this task:\");","lastModifiedDate":"2024-03-23"},{"lineNumber":94,"author":{"gitId":"anythingwhatever192940958"},"content":"                System.out.println(\"[\" + removedTask.getType() + \"][\" + removedTask.getStatusIcon() + \"] \" + removedTask.getDescription());","lastModifiedDate":"2024-03-23"},{"lineNumber":95,"author":{"gitId":"anythingwhatever192940958"},"content":"                System.out.println(\"Now you have \" + taskList.size() + \" tasks in the list.\");","lastModifiedDate":"2024-03-23"},{"lineNumber":96,"author":{"gitId":"anythingwhatever192940958"},"content":"                System.out.println(\"____________________________________________________________\");","lastModifiedDate":"2024-03-23"},{"lineNumber":97,"author":{"gitId":"anythingwhatever192940958"},"content":"            }","lastModifiedDate":"2024-03-23"},{"lineNumber":98,"author":{"gitId":"anythingwhatever192940958"},"content":"","lastModifiedDate":"2024-03-23"},{"lineNumber":99,"author":{"gitId":"anythingwhatever192940958"},"content":"            else if (tokenized[0].equals(\"help\")) {","lastModifiedDate":"2024-03-03"},{"lineNumber":100,"author":{"gitId":"anythingwhatever192940958"},"content":"                System.out.println(\"____________________________________________________________\");","lastModifiedDate":"2024-02-02"},{"lineNumber":101,"author":{"gitId":"anythingwhatever192940958"},"content":"                System.out.println(\"Here is a list of valid commands:\");","lastModifiedDate":"2024-03-03"},{"lineNumber":102,"author":{"gitId":"anythingwhatever192940958"},"content":"                System.out.println(\"help     - Displays this page\");","lastModifiedDate":"2024-03-03"},{"lineNumber":103,"author":{"gitId":"anythingwhatever192940958"},"content":"                System.out.println(\"list     - Lists all tasks\");","lastModifiedDate":"2024-03-03"},{"lineNumber":104,"author":{"gitId":"anythingwhatever192940958"},"content":"                System.out.println(\"todo     - Creates a todo task\");","lastModifiedDate":"2024-03-03"},{"lineNumber":105,"author":{"gitId":"anythingwhatever192940958"},"content":"                System.out.println(\"deadline - Creates a deadline task\");","lastModifiedDate":"2024-03-03"},{"lineNumber":106,"author":{"gitId":"anythingwhatever192940958"},"content":"                System.out.println(\"event    - Creates an event task\");","lastModifiedDate":"2024-03-03"},{"lineNumber":107,"author":{"gitId":"anythingwhatever192940958"},"content":"                System.out.println(\"mark     - Marks a task as completed\");","lastModifiedDate":"2024-03-03"},{"lineNumber":108,"author":{"gitId":"anythingwhatever192940958"},"content":"                System.out.println(\"unmark   - Removes a mark from a task\");","lastModifiedDate":"2024-03-03"},{"lineNumber":109,"author":{"gitId":"anythingwhatever192940958"},"content":"                System.out.println(\"delete   - Deletes a task\");","lastModifiedDate":"2024-03-23"},{"lineNumber":110,"author":{"gitId":"anythingwhatever192940958"},"content":"                System.out.println(\"bye      - Ends the session\");","lastModifiedDate":"2024-03-03"},{"lineNumber":111,"author":{"gitId":"anythingwhatever192940958"},"content":"                System.out.println(\"____________________________________________________________\");","lastModifiedDate":"2024-02-02"},{"lineNumber":112,"author":{"gitId":"anythingwhatever192940958"},"content":"            }","lastModifiedDate":"2024-02-02"},{"lineNumber":113,"author":{"gitId":"anythingwhatever192940958"},"content":"","lastModifiedDate":"2024-02-02"},{"lineNumber":114,"author":{"gitId":"anythingwhatever192940958"},"content":"            // bye","lastModifiedDate":"2024-03-03"},{"lineNumber":115,"author":{"gitId":"anythingwhatever192940958"},"content":"            else if (userInput.equals(\"bye\")) {","lastModifiedDate":"2024-03-03"},{"lineNumber":116,"author":{"gitId":"anythingwhatever192940958"},"content":"                System.out.println(\"____________________________________________________________\");","lastModifiedDate":"2024-02-02"},{"lineNumber":117,"author":{"gitId":"anythingwhatever192940958"},"content":"                System.out.println(\"Bye. Hope to see you again soon!\");","lastModifiedDate":"2024-03-03"},{"lineNumber":118,"author":{"gitId":"anythingwhatever192940958"},"content":"                System.out.println(\"____________________________________________________________\");","lastModifiedDate":"2024-02-02"},{"lineNumber":119,"author":{"gitId":"anythingwhatever192940958"},"content":"                break;","lastModifiedDate":"2024-03-03"},{"lineNumber":120,"author":{"gitId":"anythingwhatever192940958"},"content":"            }","lastModifiedDate":"2024-02-02"},{"lineNumber":121,"author":{"gitId":"anythingwhatever192940958"},"content":"        }","lastModifiedDate":"2024-02-02"},{"lineNumber":122,"author":{"gitId":"anythingwhatever192940958"},"content":"        scanner.close();","lastModifiedDate":"2024-02-02"},{"lineNumber":123,"author":{"gitId":"-"},"content":"    }","lastModifiedDate":"2019-07-29"},{"lineNumber":124,"author":{"gitId":"-"},"content":"}","lastModifiedDate":"2019-07-29"}],"authorContributionMap":{"anythingwhatever192940958":115,"-":9}},{"path":"src/main/java/DukeException.java","fileType":"java","lines":[{"lineNumber":1,"author":{"gitId":"anythingwhatever192940958"},"content":"import java.util.List;","lastModifiedDate":"2024-03-03"},{"lineNumber":2,"author":{"gitId":"anythingwhatever192940958"},"content":"","lastModifiedDate":"2024-03-03"},{"lineNumber":3,"author":{"gitId":"anythingwhatever192940958"},"content":"class DukeException extends Exception {","lastModifiedDate":"2024-03-03"},{"lineNumber":4,"author":{"gitId":"anythingwhatever192940958"},"content":"    public DukeException(String message) {","lastModifiedDate":"2024-03-03"},{"lineNumber":5,"author":{"gitId":"anythingwhatever192940958"},"content":"        super(message);","lastModifiedDate":"2024-03-03"},{"lineNumber":6,"author":{"gitId":"anythingwhatever192940958"},"content":"    }","lastModifiedDate":"2024-03-03"},{"lineNumber":7,"author":{"gitId":"anythingwhatever192940958"},"content":"}","lastModifiedDate":"2024-03-03"},{"lineNumber":8,"author":{"gitId":"anythingwhatever192940958"},"content":"","lastModifiedDate":"2024-03-03"},{"lineNumber":9,"author":{"gitId":"anythingwhatever192940958"},"content":"class DukeExceptionHandler {","lastModifiedDate":"2024-03-03"},{"lineNumber":10,"author":{"gitId":"anythingwhatever192940958"},"content":"    public static void handleExceptions(String userInput, List\u003cTask\u003e taskList) throws DukeException {","lastModifiedDate":"2024-03-03"},{"lineNumber":11,"author":{"gitId":"anythingwhatever192940958"},"content":"        String[] tokenized \u003d userInput.split(\"\\\\s+\", 2);","lastModifiedDate":"2024-03-03"},{"lineNumber":12,"author":{"gitId":"anythingwhatever192940958"},"content":"","lastModifiedDate":"2024-03-03"},{"lineNumber":13,"author":{"gitId":"anythingwhatever192940958"},"content":"        if (tokenized[0].equals(\"todo\")) {","lastModifiedDate":"2024-03-03"},{"lineNumber":14,"author":{"gitId":"anythingwhatever192940958"},"content":"            if (tokenized.length \u003c\u003d 1) {","lastModifiedDate":"2024-03-03"},{"lineNumber":15,"author":{"gitId":"anythingwhatever192940958"},"content":"                throw new DukeException(\"Please follow the following format: todo \u003cdescription\u003e\");","lastModifiedDate":"2024-03-03"},{"lineNumber":16,"author":{"gitId":"anythingwhatever192940958"},"content":"            }","lastModifiedDate":"2024-03-03"},{"lineNumber":17,"author":{"gitId":"anythingwhatever192940958"},"content":"        }","lastModifiedDate":"2024-03-03"},{"lineNumber":18,"author":{"gitId":"anythingwhatever192940958"},"content":"","lastModifiedDate":"2024-03-03"},{"lineNumber":19,"author":{"gitId":"anythingwhatever192940958"},"content":"        else if (tokenized[0].equals(\"deadline\")) {","lastModifiedDate":"2024-03-03"},{"lineNumber":20,"author":{"gitId":"anythingwhatever192940958"},"content":"            if (!userInput.matches(\"^deadline .+ /by .+$\")) {","lastModifiedDate":"2024-03-03"},{"lineNumber":21,"author":{"gitId":"anythingwhatever192940958"},"content":"                throw new DukeException(\"Please follow the following format: deadline \u003cdescription\u003e /by \u003cdate\u003e\");","lastModifiedDate":"2024-03-03"},{"lineNumber":22,"author":{"gitId":"anythingwhatever192940958"},"content":"            }","lastModifiedDate":"2024-03-03"},{"lineNumber":23,"author":{"gitId":"anythingwhatever192940958"},"content":"","lastModifiedDate":"2024-03-03"},{"lineNumber":24,"author":{"gitId":"anythingwhatever192940958"},"content":"            String[] deadlineTokens \u003d userInput.split(\"/by\", 2);","lastModifiedDate":"2024-03-03"},{"lineNumber":25,"author":{"gitId":"anythingwhatever192940958"},"content":"            if (deadlineTokens.length \u003c\u003d 1 || deadlineTokens[0].trim().isEmpty()) {","lastModifiedDate":"2024-03-03"},{"lineNumber":26,"author":{"gitId":"anythingwhatever192940958"},"content":"                throw new DukeException(\"Deadline description cannot be empty. Please follow the format: deadline \u003cdescription\u003e /by \u003cdate\u003e\");","lastModifiedDate":"2024-03-03"},{"lineNumber":27,"author":{"gitId":"anythingwhatever192940958"},"content":"            }","lastModifiedDate":"2024-03-03"},{"lineNumber":28,"author":{"gitId":"anythingwhatever192940958"},"content":"        }","lastModifiedDate":"2024-03-03"},{"lineNumber":29,"author":{"gitId":"anythingwhatever192940958"},"content":"","lastModifiedDate":"2024-03-03"},{"lineNumber":30,"author":{"gitId":"anythingwhatever192940958"},"content":"        else if (tokenized[0].equals(\"event\")) {","lastModifiedDate":"2024-03-03"},{"lineNumber":31,"author":{"gitId":"anythingwhatever192940958"},"content":"            if (!userInput.matches(\"^event .+ /from .+ /to .+$\")) {","lastModifiedDate":"2024-03-03"},{"lineNumber":32,"author":{"gitId":"anythingwhatever192940958"},"content":"                throw new DukeException(\"Please follow the following format: event \u003cdescription\u003e /from \u003cstart date\u003e /to \u003cend date\u003e\");","lastModifiedDate":"2024-03-03"},{"lineNumber":33,"author":{"gitId":"anythingwhatever192940958"},"content":"            }","lastModifiedDate":"2024-03-03"},{"lineNumber":34,"author":{"gitId":"anythingwhatever192940958"},"content":"","lastModifiedDate":"2024-03-03"},{"lineNumber":35,"author":{"gitId":"anythingwhatever192940958"},"content":"            String[] eventTokens \u003d userInput.split(\"/from\", 2);","lastModifiedDate":"2024-03-03"},{"lineNumber":36,"author":{"gitId":"anythingwhatever192940958"},"content":"            String[] fromTokens \u003d eventTokens[1].split(\"/to\", 2);","lastModifiedDate":"2024-03-03"},{"lineNumber":37,"author":{"gitId":"anythingwhatever192940958"},"content":"","lastModifiedDate":"2024-03-03"},{"lineNumber":38,"author":{"gitId":"anythingwhatever192940958"},"content":"            if (eventTokens.length \u003c\u003d 1 || eventTokens[0].trim().isEmpty() || fromTokens.length \u003c\u003d 1 || fromTokens[0].trim().isEmpty() || fromTokens[1].trim().isEmpty()) {","lastModifiedDate":"2024-03-03"},{"lineNumber":39,"author":{"gitId":"anythingwhatever192940958"},"content":"                throw new DukeException(\"Event description, start date, and end date cannot be empty. Please follow the format: event \u003cdescription\u003e /from \u003cstart date\u003e /to \u003cend date\u003e\");","lastModifiedDate":"2024-03-03"},{"lineNumber":40,"author":{"gitId":"anythingwhatever192940958"},"content":"            }","lastModifiedDate":"2024-03-03"},{"lineNumber":41,"author":{"gitId":"anythingwhatever192940958"},"content":"        }","lastModifiedDate":"2024-03-03"},{"lineNumber":42,"author":{"gitId":"anythingwhatever192940958"},"content":"","lastModifiedDate":"2024-03-03"},{"lineNumber":43,"author":{"gitId":"anythingwhatever192940958"},"content":"        else if (tokenized[0].equals(\"mark\")) {","lastModifiedDate":"2024-03-03"},{"lineNumber":44,"author":{"gitId":"anythingwhatever192940958"},"content":"            if (tokenized.length \u003c\u003d 1) {","lastModifiedDate":"2024-03-03"},{"lineNumber":45,"author":{"gitId":"anythingwhatever192940958"},"content":"                throw new DukeException(\"Please follow the following format: mark \u003ctask number\u003e\");","lastModifiedDate":"2024-03-03"},{"lineNumber":46,"author":{"gitId":"anythingwhatever192940958"},"content":"            }","lastModifiedDate":"2024-03-03"},{"lineNumber":47,"author":{"gitId":"anythingwhatever192940958"},"content":"","lastModifiedDate":"2024-03-03"},{"lineNumber":48,"author":{"gitId":"anythingwhatever192940958"},"content":"            try {","lastModifiedDate":"2024-03-03"},{"lineNumber":49,"author":{"gitId":"anythingwhatever192940958"},"content":"                int taskNumber \u003d Integer.parseInt(tokenized[1]);","lastModifiedDate":"2024-03-03"},{"lineNumber":50,"author":{"gitId":"anythingwhatever192940958"},"content":"                if (taskNumber \u003c 1 || taskNumber \u003e taskList.size()) {","lastModifiedDate":"2024-03-03"},{"lineNumber":51,"author":{"gitId":"anythingwhatever192940958"},"content":"                    throw new DukeException(\"Task number is out of range.\");","lastModifiedDate":"2024-03-03"},{"lineNumber":52,"author":{"gitId":"anythingwhatever192940958"},"content":"                }","lastModifiedDate":"2024-03-03"},{"lineNumber":53,"author":{"gitId":"anythingwhatever192940958"},"content":"            }","lastModifiedDate":"2024-03-03"},{"lineNumber":54,"author":{"gitId":"anythingwhatever192940958"},"content":"","lastModifiedDate":"2024-03-03"},{"lineNumber":55,"author":{"gitId":"anythingwhatever192940958"},"content":"            catch (NumberFormatException e) {","lastModifiedDate":"2024-03-03"},{"lineNumber":56,"author":{"gitId":"anythingwhatever192940958"},"content":"                throw new DukeException(\"Please enter a number value.\");","lastModifiedDate":"2024-03-03"},{"lineNumber":57,"author":{"gitId":"anythingwhatever192940958"},"content":"            }","lastModifiedDate":"2024-03-03"},{"lineNumber":58,"author":{"gitId":"anythingwhatever192940958"},"content":"        }","lastModifiedDate":"2024-03-03"},{"lineNumber":59,"author":{"gitId":"anythingwhatever192940958"},"content":"","lastModifiedDate":"2024-03-03"},{"lineNumber":60,"author":{"gitId":"anythingwhatever192940958"},"content":"        else if (tokenized[0].equals(\"unmark\")) {","lastModifiedDate":"2024-03-03"},{"lineNumber":61,"author":{"gitId":"anythingwhatever192940958"},"content":"            if (tokenized.length \u003c\u003d 1) {","lastModifiedDate":"2024-03-03"},{"lineNumber":62,"author":{"gitId":"anythingwhatever192940958"},"content":"                throw new DukeException(\"Please follow the following format: unmark \u003ctask number\u003e\");","lastModifiedDate":"2024-03-03"},{"lineNumber":63,"author":{"gitId":"anythingwhatever192940958"},"content":"            }","lastModifiedDate":"2024-03-03"},{"lineNumber":64,"author":{"gitId":"anythingwhatever192940958"},"content":"","lastModifiedDate":"2024-03-03"},{"lineNumber":65,"author":{"gitId":"anythingwhatever192940958"},"content":"            try {","lastModifiedDate":"2024-03-03"},{"lineNumber":66,"author":{"gitId":"anythingwhatever192940958"},"content":"                int taskNumber \u003d Integer.parseInt(tokenized[1]);","lastModifiedDate":"2024-03-03"},{"lineNumber":67,"author":{"gitId":"anythingwhatever192940958"},"content":"                if (taskNumber \u003c 1 || taskNumber \u003e taskList.size()) {","lastModifiedDate":"2024-03-03"},{"lineNumber":68,"author":{"gitId":"anythingwhatever192940958"},"content":"                    throw new DukeException(\"Task number is out of range.\");","lastModifiedDate":"2024-03-03"},{"lineNumber":69,"author":{"gitId":"anythingwhatever192940958"},"content":"                }","lastModifiedDate":"2024-03-03"},{"lineNumber":70,"author":{"gitId":"anythingwhatever192940958"},"content":"            }","lastModifiedDate":"2024-03-03"},{"lineNumber":71,"author":{"gitId":"anythingwhatever192940958"},"content":"","lastModifiedDate":"2024-03-03"},{"lineNumber":72,"author":{"gitId":"anythingwhatever192940958"},"content":"            catch (NumberFormatException e) {","lastModifiedDate":"2024-03-03"},{"lineNumber":73,"author":{"gitId":"anythingwhatever192940958"},"content":"                throw new DukeException(\"Please enter a number value.\");","lastModifiedDate":"2024-03-03"},{"lineNumber":74,"author":{"gitId":"anythingwhatever192940958"},"content":"            }","lastModifiedDate":"2024-03-03"},{"lineNumber":75,"author":{"gitId":"anythingwhatever192940958"},"content":"        }","lastModifiedDate":"2024-03-03"},{"lineNumber":76,"author":{"gitId":"anythingwhatever192940958"},"content":"","lastModifiedDate":"2024-03-03"},{"lineNumber":77,"author":{"gitId":"anythingwhatever192940958"},"content":"        else if (tokenized[0].equals(\"delete\")) {","lastModifiedDate":"2024-03-23"},{"lineNumber":78,"author":{"gitId":"anythingwhatever192940958"},"content":"            if (tokenized.length \u003c\u003d 1) {","lastModifiedDate":"2024-03-23"},{"lineNumber":79,"author":{"gitId":"anythingwhatever192940958"},"content":"                throw new DukeException(\"Please follow the following format: delete \u003ctask number\u003e\");","lastModifiedDate":"2024-03-23"},{"lineNumber":80,"author":{"gitId":"anythingwhatever192940958"},"content":"            }","lastModifiedDate":"2024-03-23"},{"lineNumber":81,"author":{"gitId":"anythingwhatever192940958"},"content":"","lastModifiedDate":"2024-03-23"},{"lineNumber":82,"author":{"gitId":"anythingwhatever192940958"},"content":"            try {","lastModifiedDate":"2024-03-23"},{"lineNumber":83,"author":{"gitId":"anythingwhatever192940958"},"content":"                int taskNumber \u003d Integer.parseInt(tokenized[1]);","lastModifiedDate":"2024-03-23"},{"lineNumber":84,"author":{"gitId":"anythingwhatever192940958"},"content":"                if (taskNumber \u003c 1 || taskNumber \u003e taskList.size()) {","lastModifiedDate":"2024-03-23"},{"lineNumber":85,"author":{"gitId":"anythingwhatever192940958"},"content":"                    throw new DukeException(\"Task number is out of range.\");","lastModifiedDate":"2024-03-23"},{"lineNumber":86,"author":{"gitId":"anythingwhatever192940958"},"content":"                }","lastModifiedDate":"2024-03-23"},{"lineNumber":87,"author":{"gitId":"anythingwhatever192940958"},"content":"            }","lastModifiedDate":"2024-03-23"},{"lineNumber":88,"author":{"gitId":"anythingwhatever192940958"},"content":"","lastModifiedDate":"2024-03-23"},{"lineNumber":89,"author":{"gitId":"anythingwhatever192940958"},"content":"            catch (NumberFormatException e) {","lastModifiedDate":"2024-03-23"},{"lineNumber":90,"author":{"gitId":"anythingwhatever192940958"},"content":"                throw new DukeException(\"Please enter a number value.\");","lastModifiedDate":"2024-03-23"},{"lineNumber":91,"author":{"gitId":"anythingwhatever192940958"},"content":"            }","lastModifiedDate":"2024-03-23"},{"lineNumber":92,"author":{"gitId":"anythingwhatever192940958"},"content":"        }","lastModifiedDate":"2024-03-23"},{"lineNumber":93,"author":{"gitId":"anythingwhatever192940958"},"content":"","lastModifiedDate":"2024-03-23"},{"lineNumber":94,"author":{"gitId":"anythingwhatever192940958"},"content":"        else if (!tokenized[0].equals(\"list\") \u0026\u0026 !tokenized[0].equals(\"help\") \u0026\u0026 !userInput.equals(\"bye\")) {","lastModifiedDate":"2024-03-03"},{"lineNumber":95,"author":{"gitId":"anythingwhatever192940958"},"content":"            throw new DukeException(\"Please enter a valid command.\");","lastModifiedDate":"2024-03-03"},{"lineNumber":96,"author":{"gitId":"anythingwhatever192940958"},"content":"        }","lastModifiedDate":"2024-03-03"},{"lineNumber":97,"author":{"gitId":"anythingwhatever192940958"},"content":"    }","lastModifiedDate":"2024-03-03"},{"lineNumber":98,"author":{"gitId":"anythingwhatever192940958"},"content":"}","lastModifiedDate":"2024-03-03"}],"authorContributionMap":{"anythingwhatever192940958":98}},{"path":"src/main/java/EventTask.java","fileType":"java","lines":[{"lineNumber":1,"author":{"gitId":"anythingwhatever192940958"},"content":"// Event inherit Task","lastModifiedDate":"2024-03-03"},{"lineNumber":2,"author":{"gitId":"anythingwhatever192940958"},"content":"public class EventTask extends Task {","lastModifiedDate":"2024-03-03"},{"lineNumber":3,"author":{"gitId":"anythingwhatever192940958"},"content":"    public EventTask(String description, String from, String to) {","lastModifiedDate":"2024-03-03"},{"lineNumber":4,"author":{"gitId":"anythingwhatever192940958"},"content":"        super(\"E\", description + \" (from: \" + from + \" to: \" + to + \")\");","lastModifiedDate":"2024-03-03"},{"lineNumber":5,"author":{"gitId":"anythingwhatever192940958"},"content":"    }","lastModifiedDate":"2024-03-03"},{"lineNumber":6,"author":{"gitId":"anythingwhatever192940958"},"content":"}","lastModifiedDate":"2024-03-03"}],"authorContributionMap":{"anythingwhatever192940958":6}},{"path":"src/main/java/Task.java","fileType":"java","lines":[{"lineNumber":1,"author":{"gitId":"anythingwhatever192940958"},"content":"import java.util.List;","lastModifiedDate":"2024-03-03"},{"lineNumber":2,"author":{"gitId":"anythingwhatever192940958"},"content":"","lastModifiedDate":"2024-03-03"},{"lineNumber":3,"author":{"gitId":"anythingwhatever192940958"},"content":"public class Task {","lastModifiedDate":"2024-03-03"},{"lineNumber":4,"author":{"gitId":"anythingwhatever192940958"},"content":"    protected String type; // Added task type","lastModifiedDate":"2024-03-03"},{"lineNumber":5,"author":{"gitId":"anythingwhatever192940958"},"content":"    protected String description;","lastModifiedDate":"2024-03-03"},{"lineNumber":6,"author":{"gitId":"anythingwhatever192940958"},"content":"    protected boolean isDone;","lastModifiedDate":"2024-03-03"},{"lineNumber":7,"author":{"gitId":"anythingwhatever192940958"},"content":"","lastModifiedDate":"2024-03-03"},{"lineNumber":8,"author":{"gitId":"anythingwhatever192940958"},"content":"    public Task(String type, String description) {","lastModifiedDate":"2024-03-03"},{"lineNumber":9,"author":{"gitId":"anythingwhatever192940958"},"content":"        this.type \u003d type;","lastModifiedDate":"2024-03-03"},{"lineNumber":10,"author":{"gitId":"anythingwhatever192940958"},"content":"        this.description \u003d description;","lastModifiedDate":"2024-03-03"},{"lineNumber":11,"author":{"gitId":"anythingwhatever192940958"},"content":"        this.isDone \u003d false;","lastModifiedDate":"2024-03-03"},{"lineNumber":12,"author":{"gitId":"anythingwhatever192940958"},"content":"    }","lastModifiedDate":"2024-03-03"},{"lineNumber":13,"author":{"gitId":"anythingwhatever192940958"},"content":"","lastModifiedDate":"2024-03-03"},{"lineNumber":14,"author":{"gitId":"anythingwhatever192940958"},"content":"    public String getStatusIcon() {","lastModifiedDate":"2024-03-03"},{"lineNumber":15,"author":{"gitId":"anythingwhatever192940958"},"content":"        return isDone ? \"X\" : \" \";","lastModifiedDate":"2024-03-03"},{"lineNumber":16,"author":{"gitId":"anythingwhatever192940958"},"content":"    }","lastModifiedDate":"2024-03-03"},{"lineNumber":17,"author":{"gitId":"anythingwhatever192940958"},"content":"","lastModifiedDate":"2024-03-03"},{"lineNumber":18,"author":{"gitId":"anythingwhatever192940958"},"content":"    public void markAsDone() {","lastModifiedDate":"2024-03-03"},{"lineNumber":19,"author":{"gitId":"anythingwhatever192940958"},"content":"        isDone \u003d true;","lastModifiedDate":"2024-03-03"},{"lineNumber":20,"author":{"gitId":"anythingwhatever192940958"},"content":"    }","lastModifiedDate":"2024-03-03"},{"lineNumber":21,"author":{"gitId":"anythingwhatever192940958"},"content":"","lastModifiedDate":"2024-03-03"},{"lineNumber":22,"author":{"gitId":"anythingwhatever192940958"},"content":"    public void markAsUndone() {","lastModifiedDate":"2024-03-03"},{"lineNumber":23,"author":{"gitId":"anythingwhatever192940958"},"content":"        isDone \u003d false;","lastModifiedDate":"2024-03-03"},{"lineNumber":24,"author":{"gitId":"anythingwhatever192940958"},"content":"    }","lastModifiedDate":"2024-03-03"},{"lineNumber":25,"author":{"gitId":"anythingwhatever192940958"},"content":"","lastModifiedDate":"2024-03-03"},{"lineNumber":26,"author":{"gitId":"anythingwhatever192940958"},"content":"    public String getType() {","lastModifiedDate":"2024-03-03"},{"lineNumber":27,"author":{"gitId":"anythingwhatever192940958"},"content":"        return type;","lastModifiedDate":"2024-03-03"},{"lineNumber":28,"author":{"gitId":"anythingwhatever192940958"},"content":"    }","lastModifiedDate":"2024-03-03"},{"lineNumber":29,"author":{"gitId":"anythingwhatever192940958"},"content":"","lastModifiedDate":"2024-03-03"},{"lineNumber":30,"author":{"gitId":"anythingwhatever192940958"},"content":"    public String getDescription() {","lastModifiedDate":"2024-03-03"},{"lineNumber":31,"author":{"gitId":"anythingwhatever192940958"},"content":"        return description;","lastModifiedDate":"2024-03-03"},{"lineNumber":32,"author":{"gitId":"anythingwhatever192940958"},"content":"    }","lastModifiedDate":"2024-03-03"},{"lineNumber":33,"author":{"gitId":"anythingwhatever192940958"},"content":"","lastModifiedDate":"2024-03-03"},{"lineNumber":34,"author":{"gitId":"anythingwhatever192940958"},"content":"    public void printTaskInfo(List\u003cTask\u003e taskList) {","lastModifiedDate":"2024-03-03"},{"lineNumber":35,"author":{"gitId":"anythingwhatever192940958"},"content":"        System.out.println(\"____________________________________________________________\");","lastModifiedDate":"2024-03-03"},{"lineNumber":36,"author":{"gitId":"anythingwhatever192940958"},"content":"        System.out.println(\"Got it. I\u0027ve added this task:\");","lastModifiedDate":"2024-03-03"},{"lineNumber":37,"author":{"gitId":"anythingwhatever192940958"},"content":"        System.out.println(\"[\" + this.getType() + \"][\" + this.getStatusIcon() + \"] \" + this.getDescription());","lastModifiedDate":"2024-03-03"},{"lineNumber":38,"author":{"gitId":"anythingwhatever192940958"},"content":"        System.out.println(\"Now you have \" + taskList.size() + (taskList.size() \u003d\u003d 1 ? \" task\" : \" tasks\") + \" in the list.\");","lastModifiedDate":"2024-03-03"},{"lineNumber":39,"author":{"gitId":"anythingwhatever192940958"},"content":"        System.out.println(\"____________________________________________________________\");","lastModifiedDate":"2024-03-03"},{"lineNumber":40,"author":{"gitId":"anythingwhatever192940958"},"content":"    }","lastModifiedDate":"2024-03-03"},{"lineNumber":41,"author":{"gitId":"anythingwhatever192940958"},"content":"}","lastModifiedDate":"2024-03-03"}],"authorContributionMap":{"anythingwhatever192940958":41}},{"path":"src/main/java/TodoTask.java","fileType":"java","lines":[{"lineNumber":1,"author":{"gitId":"anythingwhatever192940958"},"content":"// Todo inherit Task","lastModifiedDate":"2024-03-03"},{"lineNumber":2,"author":{"gitId":"anythingwhatever192940958"},"content":"public class TodoTask extends Task {","lastModifiedDate":"2024-03-03"},{"lineNumber":3,"author":{"gitId":"anythingwhatever192940958"},"content":"    public TodoTask(String description) {","lastModifiedDate":"2024-03-03"},{"lineNumber":4,"author":{"gitId":"anythingwhatever192940958"},"content":"        super(\"T\", description);","lastModifiedDate":"2024-03-03"},{"lineNumber":5,"author":{"gitId":"anythingwhatever192940958"},"content":"    }","lastModifiedDate":"2024-03-03"},{"lineNumber":6,"author":{"gitId":"anythingwhatever192940958"},"content":"}","lastModifiedDate":"2024-03-03"}],"authorContributionMap":{"anythingwhatever192940958":6}}]
