{"authorDailyContributionsMap":{"anythingwhatever192940958":[{"date":"2024-02-02","commitResults":[{"hash":"b658855c323a0dd5fe87d2889dc02f5b5ca2cb0c","isMergeCommit":false,"messageTitle":"Level-0","messageBody":"","tags":["v1.0"],"fileTypesAndContributionMap":{"java":{"insertions":8,"deletions":1}}},{"hash":"4dcd66df8da51a359aa7af74a7f7a7f3949886a4","isMergeCommit":false,"messageTitle":"Level-1","messageBody":"","tags":["v1.1"],"fileTypesAndContributionMap":{"java":{"insertions":24,"deletions":4}}},{"hash":"64097efcb226d589dfe5f29186bc84afe56f3602","isMergeCommit":false,"messageTitle":"Level-2","messageBody":"","tags":["v1.2"],"fileTypesAndContributionMap":{"java":{"insertions":23,"deletions":6}}}]},{"date":"2024-02-14","commitResults":[{"hash":"68ca454b7d490cc048b9a7dce25ab8244d95f453","isMergeCommit":false,"messageTitle":"Level-3","messageBody":"","tags":["v1.3"],"fileTypesAndContributionMap":{"java":{"insertions":49,"deletions":6}}}]},{"date":"2024-02-17","commitResults":[{"hash":"a0688c240c48ff019536d7245f430c7a5c5bbb07","isMergeCommit":false,"messageTitle":"Level-4","messageBody":"","tags":["v1.4"],"fileTypesAndContributionMap":{"java":{"insertions":76,"deletions":15}}}]}]},"authorFileTypeContributionMap":{"anythingwhatever192940958":{"java":149,"md":0,"fxml":0,"sh":0,"bat":0,"gradle":0,"txt":0}},"authorContributionVariance":{"anythingwhatever192940958":421.7682},"authorDisplayNameMap":{"anythingwhatever192940958":"ETHA.. YIH"}}
