{"authorDailyContributionsMap":{"anythingwhatever192940958":[{"date":"2024-02-02","commitResults":[{"hash":"b658855c323a0dd5fe87d2889dc02f5b5ca2cb0c","isMergeCommit":false,"messageTitle":"Level-0","messageBody":"","tags":["v1.0"],"fileTypesAndContributionMap":{"java":{"insertions":8,"deletions":1}}},{"hash":"4dcd66df8da51a359aa7af74a7f7a7f3949886a4","isMergeCommit":false,"messageTitle":"Level-1","messageBody":"","tags":["v1.1"],"fileTypesAndContributionMap":{"java":{"insertions":24,"deletions":4}}},{"hash":"64097efcb226d589dfe5f29186bc84afe56f3602","isMergeCommit":false,"messageTitle":"Level-2","messageBody":"","tags":["v1.2"],"fileTypesAndContributionMap":{"java":{"insertions":23,"deletions":6}}}]},{"date":"2024-02-14","commitResults":[{"hash":"68ca454b7d490cc048b9a7dce25ab8244d95f453","isMergeCommit":false,"messageTitle":"Level-3","messageBody":"","tags":["v1.3"],"fileTypesAndContributionMap":{"java":{"insertions":49,"deletions":6}}}]},{"date":"2024-02-17","commitResults":[{"hash":"a0688c240c48ff019536d7245f430c7a5c5bbb07","isMergeCommit":false,"messageTitle":"Level-4","messageBody":"","tags":["v1.4"],"fileTypesAndContributionMap":{"java":{"insertions":76,"deletions":15}}}]},{"date":"2024-03-03","commitResults":[{"hash":"d76f95bcbd7fbaa9d1642a7c1ba0dc549c5efdfd","isMergeCommit":false,"messageTitle":"Level-5","messageBody":"","tags":["v1.5"],"fileTypesAndContributionMap":{"java":{"insertions":166,"deletions":69}}},{"hash":"6f0b1879978fffb0459132b7e27b14c30fffb4c6","isMergeCommit":false,"messageTitle":"small change to error messages","messageBody":"","tags":["v1.5.1"],"fileTypesAndContributionMap":{"java":{"insertions":4,"deletions":4}}}]},{"date":"2024-03-23","commitResults":[{"hash":"522f7e36f5a433ac80742c9b2d4b53f78d98dfdc","isMergeCommit":false,"messageTitle":"Level-6","messageBody":"","tags":["1.6"],"fileTypesAndContributionMap":{"java":{"insertions":30,"deletions":4}}}]},{"date":"2024-03-29","commitResults":[{"hash":"39beaa0974c048064ec2bf2ff98c193752f0154b","isMergeCommit":false,"messageTitle":"Level-7","messageBody":"","tags":["v1.7"],"fileTypesAndContributionMap":{"java":{"insertions":167,"deletions":4}}}]},{"date":"2024-03-30","commitResults":[{"hash":"befa8106b81b496aa6d0024ca92a01a7ea32975b","isMergeCommit":false,"messageTitle":"Level-8","messageBody":"","tags":["v1.8"],"fileTypesAndContributionMap":{"java":{"insertions":100,"deletions":74}}}]},{"date":"2024-04-07","commitResults":[{"hash":"9db5b816f5865e2613d59c97a8e818347a6cd517","isMergeCommit":false,"messageTitle":"Level-9","messageBody":"","tags":["v1.9"],"fileTypesAndContributionMap":{"java":{"insertions":56,"deletions":18}}},{"hash":"e7dbc7243a796f78f3801148846930136617868b","isMergeCommit":true,"messageTitle":"Merge branch \u0027add-gradle-support\u0027","messageBody":"","fileTypesAndContributionMap":{}}]},{"date":"2024-04-15","commitResults":[{"hash":"90b9a95d0f85499771a2dfa341c738fb417ac501","isMergeCommit":false,"messageTitle":"added JavaDoc comments and changed logo","messageBody":"","fileTypesAndContributionMap":{"java":{"insertions":162,"deletions":9}}}]}]},"authorFileTypeContributionMap":{"anythingwhatever192940958":{"java":657,"md":0,"fxml":0,"sh":0,"bat":0,"gradle":0,"txt":0}},"authorContributionVariance":{"anythingwhatever192940958":1711.3724},"authorDisplayNameMap":{"anythingwhatever192940958":"ETHA.. YIH"}}
