[{"path":"data/duke.txt","fileType":"txt","lines":[{"lineNumber":1,"author":{"gitId":"orngcoffees"},"content":"[T][X] read book","lastModifiedDate":"2024-04-14"},{"lineNumber":2,"author":{"gitId":"orngcoffees"},"content":"[D][ ] return book  (by: June 6th)","lastModifiedDate":"2024-04-14"},{"lineNumber":3,"author":{"gitId":"orngcoffees"},"content":"[E][ ] project meeting  (from: Aug 6th 2pm  to: 4pm)","lastModifiedDate":"2024-04-14"},{"lineNumber":4,"author":{"gitId":"orngcoffees"},"content":"[T][X] join sports club","lastModifiedDate":"2024-04-14"}],"authorContributionMap":{"orngcoffees":4}},{"path":"src/main/java/Deadline.java","fileType":"java","lines":[{"lineNumber":1,"author":{"gitId":"orngcoffees"},"content":"public class Deadline extends Task {","lastModifiedDate":"2024-02-19"},{"lineNumber":2,"author":{"gitId":"orngcoffees"},"content":"","lastModifiedDate":"2024-02-19"},{"lineNumber":3,"author":{"gitId":"orngcoffees"},"content":"    protected String by;","lastModifiedDate":"2024-02-19"},{"lineNumber":4,"author":{"gitId":"orngcoffees"},"content":"","lastModifiedDate":"2024-02-19"},{"lineNumber":5,"author":{"gitId":"orngcoffees"},"content":"    public Deadline(String description, String by) {","lastModifiedDate":"2024-02-19"},{"lineNumber":6,"author":{"gitId":"orngcoffees"},"content":"        super(description);","lastModifiedDate":"2024-02-19"},{"lineNumber":7,"author":{"gitId":"orngcoffees"},"content":"        this.by \u003d by;","lastModifiedDate":"2024-02-19"},{"lineNumber":8,"author":{"gitId":"orngcoffees"},"content":"    }","lastModifiedDate":"2024-02-19"},{"lineNumber":9,"author":{"gitId":"orngcoffees"},"content":"","lastModifiedDate":"2024-02-19"},{"lineNumber":10,"author":{"gitId":"orngcoffees"},"content":"    @Override","lastModifiedDate":"2024-02-19"},{"lineNumber":11,"author":{"gitId":"orngcoffees"},"content":"    public String toString() {","lastModifiedDate":"2024-02-19"},{"lineNumber":12,"author":{"gitId":"orngcoffees"},"content":"        return \"[D]\" + super.toString() + \" (by: \" + by + \")\";","lastModifiedDate":"2024-02-19"},{"lineNumber":13,"author":{"gitId":"orngcoffees"},"content":"    }","lastModifiedDate":"2024-02-19"},{"lineNumber":14,"author":{"gitId":"orngcoffees"},"content":"}","lastModifiedDate":"2024-02-19"}],"authorContributionMap":{"orngcoffees":14}},{"path":"src/main/java/Duke.java","fileType":"java","lines":[{"lineNumber":1,"author":{"gitId":"orngcoffees"},"content":"import java.util.ArrayList;","lastModifiedDate":"2024-04-14"},{"lineNumber":2,"author":{"gitId":"orngcoffees"},"content":"import java.util.List;","lastModifiedDate":"2024-04-14"},{"lineNumber":3,"author":{"gitId":"orngcoffees"},"content":"import java.util.Scanner;","lastModifiedDate":"2024-02-14"},{"lineNumber":4,"author":{"gitId":"orngcoffees"},"content":"","lastModifiedDate":"2024-02-14"},{"lineNumber":5,"author":{"gitId":"orngcoffees"},"content":"","lastModifiedDate":"2024-04-14"},{"lineNumber":6,"author":{"gitId":"-"},"content":"public class Duke {","lastModifiedDate":"2019-07-29"},{"lineNumber":7,"author":{"gitId":"orngcoffees"},"content":"    public static List\u003cTask\u003e taskList \u003d new ArrayList\u003c\u003e();","lastModifiedDate":"2024-04-14"},{"lineNumber":8,"author":{"gitId":"-"},"content":"    public static void main(String[] args) {","lastModifiedDate":"2019-07-29"},{"lineNumber":9,"author":{"gitId":"orngcoffees"},"content":"        ","lastModifiedDate":"2024-04-14"},{"lineNumber":10,"author":{"gitId":"-"},"content":"        String logo \u003d \" ____        _        \\n\"","lastModifiedDate":"2019-07-29"},{"lineNumber":11,"author":{"gitId":"-"},"content":"                + \"|  _ \\\\ _   _| | _____ \\n\"","lastModifiedDate":"2019-07-29"},{"lineNumber":12,"author":{"gitId":"-"},"content":"                + \"| | | | | | | |/ / _ \\\\\\n\"","lastModifiedDate":"2019-07-29"},{"lineNumber":13,"author":{"gitId":"-"},"content":"                + \"| |_| | |_| |   \u003c  __/\\n\"","lastModifiedDate":"2019-07-29"},{"lineNumber":14,"author":{"gitId":"-"},"content":"                + \"|____/ \\\\__,_|_|\\\\_\\\\___|\\n\";","lastModifiedDate":"2019-07-29"},{"lineNumber":15,"author":{"gitId":"orngcoffees"},"content":"        ","lastModifiedDate":"2024-02-14"},{"lineNumber":16,"author":{"gitId":"orngcoffees"},"content":"        String response;","lastModifiedDate":"2024-02-14"},{"lineNumber":17,"author":{"gitId":"orngcoffees"},"content":"        Task tasks[] \u003d new Task[100];","lastModifiedDate":"2024-02-16"},{"lineNumber":18,"author":{"gitId":"orngcoffees"},"content":"        int taskCount \u003d 0;","lastModifiedDate":"2024-02-19"},{"lineNumber":19,"author":{"gitId":"orngcoffees"},"content":"","lastModifiedDate":"2024-02-14"},{"lineNumber":20,"author":{"gitId":"orngcoffees"},"content":"        int c\u003d0;","lastModifiedDate":"2024-04-14"},{"lineNumber":21,"author":{"gitId":"orngcoffees"},"content":"            while (c\u003ctaskCount){","lastModifiedDate":"2024-04-14"},{"lineNumber":22,"author":{"gitId":"orngcoffees"},"content":"                taskList.add(tasks[taskCount]);","lastModifiedDate":"2024-04-14"},{"lineNumber":23,"author":{"gitId":"orngcoffees"},"content":"                c++;","lastModifiedDate":"2024-04-14"},{"lineNumber":24,"author":{"gitId":"orngcoffees"},"content":"            }","lastModifiedDate":"2024-04-14"},{"lineNumber":25,"author":{"gitId":"orngcoffees"},"content":"","lastModifiedDate":"2024-04-14"},{"lineNumber":26,"author":{"gitId":"orngcoffees"},"content":"        Scanner in \u003d new Scanner(System.in);","lastModifiedDate":"2024-02-14"},{"lineNumber":27,"author":{"gitId":"orngcoffees"},"content":"","lastModifiedDate":"2024-02-14"},{"lineNumber":28,"author":{"gitId":"-"},"content":"        System.out.println(\"Hello from\\n\" + logo);","lastModifiedDate":"2019-07-29"},{"lineNumber":29,"author":{"gitId":"orngcoffees"},"content":"","lastModifiedDate":"2024-02-14"},{"lineNumber":30,"author":{"gitId":"orngcoffees"},"content":"        System.out.println(\"Hello! I\u0027m Bob\\nWhat can I do for you?\");","lastModifiedDate":"2024-02-14"},{"lineNumber":31,"author":{"gitId":"orngcoffees"},"content":"        while (true){","lastModifiedDate":"2024-02-14"},{"lineNumber":32,"author":{"gitId":"orngcoffees"},"content":"            response \u003d in.nextLine();","lastModifiedDate":"2024-02-14"},{"lineNumber":33,"author":{"gitId":"orngcoffees"},"content":"","lastModifiedDate":"2024-02-14"},{"lineNumber":34,"author":{"gitId":"orngcoffees"},"content":"            if (response.equals(\"bye\")){ //bye","lastModifiedDate":"2024-02-16"},{"lineNumber":35,"author":{"gitId":"orngcoffees"},"content":"                System.out.println(\"Bye. Hope to see you again soon!\");","lastModifiedDate":"2024-02-14"},{"lineNumber":36,"author":{"gitId":"orngcoffees"},"content":"                break;","lastModifiedDate":"2024-02-14"},{"lineNumber":37,"author":{"gitId":"orngcoffees"},"content":"            }","lastModifiedDate":"2024-02-14"},{"lineNumber":38,"author":{"gitId":"orngcoffees"},"content":"","lastModifiedDate":"2024-02-14"},{"lineNumber":39,"author":{"gitId":"orngcoffees"},"content":"            else if (response.equals(\"list\")){ //list","lastModifiedDate":"2024-02-16"},{"lineNumber":40,"author":{"gitId":"orngcoffees"},"content":"                int i\u003d0;","lastModifiedDate":"2024-02-19"},{"lineNumber":41,"author":{"gitId":"orngcoffees"},"content":"                System.out.println(\"Here are the tasks in your list: \");","lastModifiedDate":"2024-02-19"},{"lineNumber":42,"author":{"gitId":"orngcoffees"},"content":"                while (i\u003ctaskCount){","lastModifiedDate":"2024-02-16"},{"lineNumber":43,"author":{"gitId":"orngcoffees"},"content":"                    System.out.println(i+1 + \". \" + tasks[i].toString());","lastModifiedDate":"2024-02-19"},{"lineNumber":44,"author":{"gitId":"orngcoffees"},"content":"                    i++;","lastModifiedDate":"2024-02-14"},{"lineNumber":45,"author":{"gitId":"orngcoffees"},"content":"                }","lastModifiedDate":"2024-02-14"},{"lineNumber":46,"author":{"gitId":"orngcoffees"},"content":"            }","lastModifiedDate":"2024-02-14"},{"lineNumber":47,"author":{"gitId":"orngcoffees"},"content":"","lastModifiedDate":"2024-02-16"},{"lineNumber":48,"author":{"gitId":"orngcoffees"},"content":"            else if (response.startsWith(\"mark\")){ //mark","lastModifiedDate":"2024-02-16"},{"lineNumber":49,"author":{"gitId":"orngcoffees"},"content":"                int taskIndex\u003dInteger.parseInt(response.split(\" \")[1]);","lastModifiedDate":"2024-02-16"},{"lineNumber":50,"author":{"gitId":"orngcoffees"},"content":"                if (taskIndex \u003c\u003d taskCount \u0026\u0026 taskIndex \u003e 0) {","lastModifiedDate":"2024-02-16"},{"lineNumber":51,"author":{"gitId":"orngcoffees"},"content":"                    tasks[taskIndex-1].markDone();","lastModifiedDate":"2024-02-19"},{"lineNumber":52,"author":{"gitId":"orngcoffees"},"content":"                    System.out.println(\"Nice! I\u0027ve marked this task as done: \");","lastModifiedDate":"2024-02-16"},{"lineNumber":53,"author":{"gitId":"orngcoffees"},"content":"                    System.out.println(tasks[taskIndex-1].toString());","lastModifiedDate":"2024-02-19"},{"lineNumber":54,"author":{"gitId":"orngcoffees"},"content":"                }          ","lastModifiedDate":"2024-02-16"},{"lineNumber":55,"author":{"gitId":"orngcoffees"},"content":"            }","lastModifiedDate":"2024-02-16"},{"lineNumber":56,"author":{"gitId":"orngcoffees"},"content":"","lastModifiedDate":"2024-02-16"},{"lineNumber":57,"author":{"gitId":"orngcoffees"},"content":"            else if (response.startsWith(\"unmark\")){ //unmark","lastModifiedDate":"2024-02-16"},{"lineNumber":58,"author":{"gitId":"orngcoffees"},"content":"                int taskIndex\u003dInteger.parseInt(response.split(\" \")[1]);","lastModifiedDate":"2024-02-16"},{"lineNumber":59,"author":{"gitId":"orngcoffees"},"content":"                if (taskIndex \u003c\u003d taskCount \u0026\u0026 taskIndex \u003e 0) {","lastModifiedDate":"2024-02-16"},{"lineNumber":60,"author":{"gitId":"orngcoffees"},"content":"                    tasks[taskIndex-1].unmarkDone();","lastModifiedDate":"2024-02-19"},{"lineNumber":61,"author":{"gitId":"orngcoffees"},"content":"                    System.out.println(\"OK, I\u0027ve marked this task as not done yet: \");","lastModifiedDate":"2024-02-16"},{"lineNumber":62,"author":{"gitId":"orngcoffees"},"content":"                    System.out.println(tasks[taskIndex-1].toString());","lastModifiedDate":"2024-02-19"},{"lineNumber":63,"author":{"gitId":"orngcoffees"},"content":"                }","lastModifiedDate":"2024-02-14"},{"lineNumber":64,"author":{"gitId":"orngcoffees"},"content":"            }","lastModifiedDate":"2024-02-14"},{"lineNumber":65,"author":{"gitId":"orngcoffees"},"content":"","lastModifiedDate":"2024-02-14"},{"lineNumber":66,"author":{"gitId":"orngcoffees"},"content":"            else if (response.startsWith(\"todo\")){ //todo","lastModifiedDate":"2024-02-19"},{"lineNumber":67,"author":{"gitId":"orngcoffees"},"content":"                String tline \u003d response.substring(4);","lastModifiedDate":"2024-03-18"},{"lineNumber":68,"author":{"gitId":"orngcoffees"},"content":"                if (tline.length()\u003d\u003d0){","lastModifiedDate":"2024-03-18"},{"lineNumber":69,"author":{"gitId":"orngcoffees"},"content":"                    throw new IndexOutOfBoundsException(\"! The description of a todo cannot be empty.\");","lastModifiedDate":"2024-03-18"},{"lineNumber":70,"author":{"gitId":"orngcoffees"},"content":"                }","lastModifiedDate":"2024-03-18"},{"lineNumber":71,"author":{"gitId":"orngcoffees"},"content":"                Todo t \u003d new Todo(response.substring(4));","lastModifiedDate":"2024-02-19"},{"lineNumber":72,"author":{"gitId":"orngcoffees"},"content":"                tasks[taskCount] \u003d t;","lastModifiedDate":"2024-02-19"},{"lineNumber":73,"author":{"gitId":"orngcoffees"},"content":"                taskCount++;","lastModifiedDate":"2024-02-16"},{"lineNumber":74,"author":{"gitId":"orngcoffees"},"content":"                taskList.add(t);","lastModifiedDate":"2024-04-14"},{"lineNumber":75,"author":{"gitId":"orngcoffees"},"content":"                System.out.println(\"Got it. I\u0027ve added this task:\\n\" + t.toString()); ","lastModifiedDate":"2024-02-19"},{"lineNumber":76,"author":{"gitId":"orngcoffees"},"content":"                System.out.println(\"Now you have \" + taskCount + \" tasks in the list.\"); ","lastModifiedDate":"2024-02-19"},{"lineNumber":77,"author":{"gitId":"orngcoffees"},"content":"            }","lastModifiedDate":"2024-02-19"},{"lineNumber":78,"author":{"gitId":"orngcoffees"},"content":"","lastModifiedDate":"2024-02-19"},{"lineNumber":79,"author":{"gitId":"orngcoffees"},"content":"            else if (response.startsWith(\"event\")){ //event","lastModifiedDate":"2024-02-19"},{"lineNumber":80,"author":{"gitId":"orngcoffees"},"content":"                ","lastModifiedDate":"2024-02-19"},{"lineNumber":81,"author":{"gitId":"orngcoffees"},"content":"                int firstSlashIndex \u003d response.indexOf(\"/\");","lastModifiedDate":"2024-02-19"},{"lineNumber":82,"author":{"gitId":"orngcoffees"},"content":"                String description \u003d response.substring(5,firstSlashIndex);","lastModifiedDate":"2024-02-19"},{"lineNumber":83,"author":{"gitId":"orngcoffees"},"content":"","lastModifiedDate":"2024-02-19"},{"lineNumber":84,"author":{"gitId":"orngcoffees"},"content":"                String[] atTimes \u003d response.split(\"/\");","lastModifiedDate":"2024-02-19"},{"lineNumber":85,"author":{"gitId":"orngcoffees"},"content":"                String startsAt \u003d atTimes[1].replace(\"from \", \"\"); ","lastModifiedDate":"2024-02-19"},{"lineNumber":86,"author":{"gitId":"orngcoffees"},"content":"                String endsAt \u003d atTimes[2].replace(\"to \", \"\"); ; ","lastModifiedDate":"2024-02-19"},{"lineNumber":87,"author":{"gitId":"orngcoffees"},"content":"                Event e \u003d new Event(description, startsAt, endsAt);","lastModifiedDate":"2024-02-19"},{"lineNumber":88,"author":{"gitId":"orngcoffees"},"content":"","lastModifiedDate":"2024-02-19"},{"lineNumber":89,"author":{"gitId":"orngcoffees"},"content":"                tasks[taskCount] \u003d e;","lastModifiedDate":"2024-02-19"},{"lineNumber":90,"author":{"gitId":"orngcoffees"},"content":"                taskList.add(e);","lastModifiedDate":"2024-04-14"},{"lineNumber":91,"author":{"gitId":"orngcoffees"},"content":"                taskCount++;","lastModifiedDate":"2024-02-19"},{"lineNumber":92,"author":{"gitId":"orngcoffees"},"content":"                System.out.println(\"Got it. I\u0027ve added this task:\\n\" + e.toString()); ","lastModifiedDate":"2024-02-19"},{"lineNumber":93,"author":{"gitId":"orngcoffees"},"content":"                System.out.println(\"Now you have \" + taskCount + \" tasks in the list.\");","lastModifiedDate":"2024-02-19"},{"lineNumber":94,"author":{"gitId":"orngcoffees"},"content":"            }","lastModifiedDate":"2024-02-19"},{"lineNumber":95,"author":{"gitId":"orngcoffees"},"content":"","lastModifiedDate":"2024-02-19"},{"lineNumber":96,"author":{"gitId":"orngcoffees"},"content":"            else if (response.startsWith(\"deadline\")){ //deadline","lastModifiedDate":"2024-02-19"},{"lineNumber":97,"author":{"gitId":"orngcoffees"},"content":"                int firstSlashIndex \u003d response.indexOf(\"/\");","lastModifiedDate":"2024-02-19"},{"lineNumber":98,"author":{"gitId":"orngcoffees"},"content":"                String description \u003d response.substring(8,firstSlashIndex);","lastModifiedDate":"2024-02-19"},{"lineNumber":99,"author":{"gitId":"orngcoffees"},"content":"                String by \u003d response.substring(firstSlashIndex+4);","lastModifiedDate":"2024-02-19"},{"lineNumber":100,"author":{"gitId":"orngcoffees"},"content":"","lastModifiedDate":"2024-02-19"},{"lineNumber":101,"author":{"gitId":"orngcoffees"},"content":"                Deadline d \u003d new Deadline(description, by);","lastModifiedDate":"2024-02-19"},{"lineNumber":102,"author":{"gitId":"orngcoffees"},"content":"","lastModifiedDate":"2024-02-19"},{"lineNumber":103,"author":{"gitId":"orngcoffees"},"content":"                tasks[taskCount] \u003d d;","lastModifiedDate":"2024-02-19"},{"lineNumber":104,"author":{"gitId":"orngcoffees"},"content":"                taskList.add(d);","lastModifiedDate":"2024-04-14"},{"lineNumber":105,"author":{"gitId":"orngcoffees"},"content":"                taskCount++;","lastModifiedDate":"2024-02-19"},{"lineNumber":106,"author":{"gitId":"orngcoffees"},"content":"                System.out.println(\"Got it. I\u0027ve added this task:\\n\" + d.toString()); ","lastModifiedDate":"2024-02-19"},{"lineNumber":107,"author":{"gitId":"orngcoffees"},"content":"                System.out.println(\"Now you have \" + taskCount + \" tasks in the list.\");","lastModifiedDate":"2024-02-19"},{"lineNumber":108,"author":{"gitId":"orngcoffees"},"content":"            }","lastModifiedDate":"2024-02-19"},{"lineNumber":109,"author":{"gitId":"orngcoffees"},"content":"            else if (response.startsWith(\"delete\")){","lastModifiedDate":"2024-04-14"},{"lineNumber":110,"author":{"gitId":"orngcoffees"},"content":"                int delIndex \u003d Integer.parseInt(response.split(\" \")[1]);","lastModifiedDate":"2024-04-14"},{"lineNumber":111,"author":{"gitId":"orngcoffees"},"content":"                Task deletedTask \u003d tasks[delIndex-1];","lastModifiedDate":"2024-04-14"},{"lineNumber":112,"author":{"gitId":"orngcoffees"},"content":"                if (delIndex \u003c\u003d taskCount \u0026\u0026 delIndex \u003e 0) {","lastModifiedDate":"2024-04-14"},{"lineNumber":113,"author":{"gitId":"orngcoffees"},"content":"                    for (int i \u003d delIndex - 1; i \u003c taskCount - 1; i++) {","lastModifiedDate":"2024-04-14"},{"lineNumber":114,"author":{"gitId":"orngcoffees"},"content":"                        tasks[i] \u003d tasks[i + 1];","lastModifiedDate":"2024-04-14"},{"lineNumber":115,"author":{"gitId":"orngcoffees"},"content":"                    }","lastModifiedDate":"2024-04-14"},{"lineNumber":116,"author":{"gitId":"orngcoffees"},"content":"                    taskCount--;","lastModifiedDate":"2024-04-14"},{"lineNumber":117,"author":{"gitId":"orngcoffees"},"content":"                    System.out.println(\"Noted. I\u0027ve removed this task:\\n\" + deletedTask.toString()); ","lastModifiedDate":"2024-04-14"},{"lineNumber":118,"author":{"gitId":"orngcoffees"},"content":"                    System.out.println(\"Now you have \" + taskCount + \" tasks in the list.\");","lastModifiedDate":"2024-04-14"},{"lineNumber":119,"author":{"gitId":"orngcoffees"},"content":"                }","lastModifiedDate":"2024-04-14"},{"lineNumber":120,"author":{"gitId":"orngcoffees"},"content":"                taskList.remove(delIndex-1);","lastModifiedDate":"2024-04-14"},{"lineNumber":121,"author":{"gitId":"orngcoffees"},"content":"            }","lastModifiedDate":"2024-04-14"},{"lineNumber":122,"author":{"gitId":"orngcoffees"},"content":"","lastModifiedDate":"2024-02-19"},{"lineNumber":123,"author":{"gitId":"orngcoffees"},"content":"            else{ // don\u0027t add task","lastModifiedDate":"2024-02-19"},{"lineNumber":124,"author":{"gitId":"orngcoffees"},"content":"                // System.out.println(\"added: \" + response); ","lastModifiedDate":"2024-02-19"},{"lineNumber":125,"author":{"gitId":"orngcoffees"},"content":"                // tasks[taskCount]\u003dnew Task(response);","lastModifiedDate":"2024-02-19"},{"lineNumber":126,"author":{"gitId":"orngcoffees"},"content":"                // taskCount++;","lastModifiedDate":"2024-02-19"},{"lineNumber":127,"author":{"gitId":"orngcoffees"},"content":"                throw new IndexOutOfBoundsException(\"? I\u0027m sorry, but I don\u0027t know what that means :^(\");","lastModifiedDate":"2024-03-18"},{"lineNumber":128,"author":{"gitId":"orngcoffees"},"content":"                ","lastModifiedDate":"2024-02-19"},{"lineNumber":129,"author":{"gitId":"-"},"content":"            }","lastModifiedDate":"2019-07-29"},{"lineNumber":130,"author":{"gitId":"-"},"content":"        }","lastModifiedDate":"2019-07-29"},{"lineNumber":131,"author":{"gitId":"orngcoffees"},"content":"        Storage.main();","lastModifiedDate":"2024-04-14"},{"lineNumber":132,"author":{"gitId":"-"},"content":"    }","lastModifiedDate":"2024-02-16"},{"lineNumber":133,"author":{"gitId":"-"},"content":"}","lastModifiedDate":"2024-02-16"},{"lineNumber":134,"author":{"gitId":"orngcoffees"},"content":"","lastModifiedDate":"2024-02-16"}],"authorContributionMap":{"orngcoffees":122,"-":12}},{"path":"src/main/java/Event.java","fileType":"java","lines":[{"lineNumber":1,"author":{"gitId":"orngcoffees"},"content":"public class Event extends Task {","lastModifiedDate":"2024-02-19"},{"lineNumber":2,"author":{"gitId":"orngcoffees"},"content":"","lastModifiedDate":"2024-02-19"},{"lineNumber":3,"author":{"gitId":"orngcoffees"},"content":"    protected String startsAt;","lastModifiedDate":"2024-02-19"},{"lineNumber":4,"author":{"gitId":"orngcoffees"},"content":"    protected String endsAt;","lastModifiedDate":"2024-02-19"},{"lineNumber":5,"author":{"gitId":"orngcoffees"},"content":"","lastModifiedDate":"2024-02-19"},{"lineNumber":6,"author":{"gitId":"orngcoffees"},"content":"    public Event(String description, String startsAt, String endsAt) {","lastModifiedDate":"2024-02-19"},{"lineNumber":7,"author":{"gitId":"orngcoffees"},"content":"        super(description);","lastModifiedDate":"2024-02-19"},{"lineNumber":8,"author":{"gitId":"orngcoffees"},"content":"        this.startsAt\u003dstartsAt;","lastModifiedDate":"2024-02-19"},{"lineNumber":9,"author":{"gitId":"orngcoffees"},"content":"        this.endsAt\u003dendsAt;","lastModifiedDate":"2024-02-19"},{"lineNumber":10,"author":{"gitId":"orngcoffees"},"content":"    }","lastModifiedDate":"2024-02-19"},{"lineNumber":11,"author":{"gitId":"orngcoffees"},"content":"","lastModifiedDate":"2024-02-19"},{"lineNumber":12,"author":{"gitId":"orngcoffees"},"content":"    @Override","lastModifiedDate":"2024-02-19"},{"lineNumber":13,"author":{"gitId":"orngcoffees"},"content":"    public String toString() {","lastModifiedDate":"2024-02-19"},{"lineNumber":14,"author":{"gitId":"orngcoffees"},"content":"        return \"[E]\" + super.toString() + \" (from: \" + startsAt + \" to: \" + endsAt + \")\";","lastModifiedDate":"2024-02-19"},{"lineNumber":15,"author":{"gitId":"orngcoffees"},"content":"    }","lastModifiedDate":"2024-02-19"},{"lineNumber":16,"author":{"gitId":"orngcoffees"},"content":"}","lastModifiedDate":"2024-02-19"}],"authorContributionMap":{"orngcoffees":16}},{"path":"src/main/java/Storage.java","fileType":"java","lines":[{"lineNumber":1,"author":{"gitId":"orngcoffees"},"content":"import java.io.File;","lastModifiedDate":"2024-04-14"},{"lineNumber":2,"author":{"gitId":"orngcoffees"},"content":"import java.io.FileNotFoundException;","lastModifiedDate":"2024-04-14"},{"lineNumber":3,"author":{"gitId":"orngcoffees"},"content":"import java.io.FileWriter;","lastModifiedDate":"2024-04-14"},{"lineNumber":4,"author":{"gitId":"orngcoffees"},"content":"import java.io.IOException;","lastModifiedDate":"2024-04-14"},{"lineNumber":5,"author":{"gitId":"orngcoffees"},"content":"import java.util.Scanner;","lastModifiedDate":"2024-04-14"},{"lineNumber":6,"author":{"gitId":"orngcoffees"},"content":"import java.util.List;","lastModifiedDate":"2024-04-14"},{"lineNumber":7,"author":{"gitId":"orngcoffees"},"content":"","lastModifiedDate":"2024-04-14"},{"lineNumber":8,"author":{"gitId":"orngcoffees"},"content":"public class Storage {","lastModifiedDate":"2024-04-14"},{"lineNumber":9,"author":{"gitId":"orngcoffees"},"content":"","lastModifiedDate":"2024-04-14"},{"lineNumber":10,"author":{"gitId":"orngcoffees"},"content":"    private static void printFileContents(String filePath) throws FileNotFoundException {","lastModifiedDate":"2024-04-14"},{"lineNumber":11,"author":{"gitId":"orngcoffees"},"content":"        File f \u003d new File(filePath); // create a File for the given file path","lastModifiedDate":"2024-04-14"},{"lineNumber":12,"author":{"gitId":"orngcoffees"},"content":"        Scanner s \u003d new Scanner(f); // create a Scanner using the File as the source","lastModifiedDate":"2024-04-14"},{"lineNumber":13,"author":{"gitId":"orngcoffees"},"content":"        while (s.hasNext()) {","lastModifiedDate":"2024-04-14"},{"lineNumber":14,"author":{"gitId":"orngcoffees"},"content":"            System.out.println(s.nextLine());","lastModifiedDate":"2024-04-14"},{"lineNumber":15,"author":{"gitId":"orngcoffees"},"content":"        }","lastModifiedDate":"2024-04-14"},{"lineNumber":16,"author":{"gitId":"orngcoffees"},"content":"    }","lastModifiedDate":"2024-04-14"},{"lineNumber":17,"author":{"gitId":"orngcoffees"},"content":"    ","lastModifiedDate":"2024-04-14"},{"lineNumber":18,"author":{"gitId":"orngcoffees"},"content":"    private static void writeToFile(String filePath, List\u003cTask\u003e taskList) throws IOException {","lastModifiedDate":"2024-04-14"},{"lineNumber":19,"author":{"gitId":"orngcoffees"},"content":"        System.out.println(Duke.taskList);","lastModifiedDate":"2024-04-14"},{"lineNumber":20,"author":{"gitId":"orngcoffees"},"content":"        FileWriter fw \u003d new FileWriter(filePath);","lastModifiedDate":"2024-04-14"},{"lineNumber":21,"author":{"gitId":"orngcoffees"},"content":"        for (Task arr : taskList) {","lastModifiedDate":"2024-04-14"},{"lineNumber":22,"author":{"gitId":"orngcoffees"},"content":"            fw.write(arr.toString() + System.lineSeparator());","lastModifiedDate":"2024-04-14"},{"lineNumber":23,"author":{"gitId":"orngcoffees"},"content":"        }","lastModifiedDate":"2024-04-14"},{"lineNumber":24,"author":{"gitId":"orngcoffees"},"content":"        fw.close();","lastModifiedDate":"2024-04-14"},{"lineNumber":25,"author":{"gitId":"orngcoffees"},"content":"    }","lastModifiedDate":"2024-04-14"},{"lineNumber":26,"author":{"gitId":"orngcoffees"},"content":"","lastModifiedDate":"2024-04-14"},{"lineNumber":27,"author":{"gitId":"orngcoffees"},"content":"    public static void main(String[] args) {","lastModifiedDate":"2024-04-14"},{"lineNumber":28,"author":{"gitId":"orngcoffees"},"content":"        String homeDir \u003d System.getProperty(\"user.home\");","lastModifiedDate":"2024-04-14"},{"lineNumber":29,"author":{"gitId":"orngcoffees"},"content":"        File targetDir \u003d new File(homeDir, \"/Documents/Duke/data/\");","lastModifiedDate":"2024-04-14"},{"lineNumber":30,"author":{"gitId":"orngcoffees"},"content":"        File storageFile \u003d new File(targetDir, \"duke.txt\");","lastModifiedDate":"2024-04-14"},{"lineNumber":31,"author":{"gitId":"orngcoffees"},"content":"","lastModifiedDate":"2024-04-14"},{"lineNumber":32,"author":{"gitId":"orngcoffees"},"content":"        if (!targetDir.exists()) {","lastModifiedDate":"2024-04-14"},{"lineNumber":33,"author":{"gitId":"orngcoffees"},"content":"            targetDir.mkdirs(); // creates directory and any missing parent directories","lastModifiedDate":"2024-04-14"},{"lineNumber":34,"author":{"gitId":"orngcoffees"},"content":"        }","lastModifiedDate":"2024-04-14"},{"lineNumber":35,"author":{"gitId":"orngcoffees"},"content":"","lastModifiedDate":"2024-04-14"},{"lineNumber":36,"author":{"gitId":"orngcoffees"},"content":"        try {","lastModifiedDate":"2024-04-14"},{"lineNumber":37,"author":{"gitId":"orngcoffees"},"content":"            writeToFile(String.valueOf(storageFile), Duke.taskList);","lastModifiedDate":"2024-04-14"},{"lineNumber":38,"author":{"gitId":"orngcoffees"},"content":"        } catch (IOException e) {","lastModifiedDate":"2024-04-14"},{"lineNumber":39,"author":{"gitId":"orngcoffees"},"content":"            System.out.println(\"Something went wrong: \" + e.getMessage());","lastModifiedDate":"2024-04-14"},{"lineNumber":40,"author":{"gitId":"orngcoffees"},"content":"        }","lastModifiedDate":"2024-04-14"},{"lineNumber":41,"author":{"gitId":"orngcoffees"},"content":"    }","lastModifiedDate":"2024-04-14"},{"lineNumber":42,"author":{"gitId":"orngcoffees"},"content":"","lastModifiedDate":"2024-04-14"},{"lineNumber":43,"author":{"gitId":"orngcoffees"},"content":"    static void main() {","lastModifiedDate":"2024-04-14"},{"lineNumber":44,"author":{"gitId":"orngcoffees"},"content":"        Storage.main(null);","lastModifiedDate":"2024-04-14"},{"lineNumber":45,"author":{"gitId":"orngcoffees"},"content":"    }","lastModifiedDate":"2024-04-14"},{"lineNumber":46,"author":{"gitId":"orngcoffees"},"content":"    ","lastModifiedDate":"2024-04-14"},{"lineNumber":47,"author":{"gitId":"orngcoffees"},"content":"}","lastModifiedDate":"2024-04-14"}],"authorContributionMap":{"orngcoffees":47}},{"path":"src/main/java/Task.java","fileType":"java","lines":[{"lineNumber":1,"author":{"gitId":"orngcoffees"},"content":"public class Task {","lastModifiedDate":"2024-02-16"},{"lineNumber":2,"author":{"gitId":"orngcoffees"},"content":"    protected String description;","lastModifiedDate":"2024-02-16"},{"lineNumber":3,"author":{"gitId":"orngcoffees"},"content":"    protected boolean isDone;","lastModifiedDate":"2024-02-16"},{"lineNumber":4,"author":{"gitId":"orngcoffees"},"content":"","lastModifiedDate":"2024-02-16"},{"lineNumber":5,"author":{"gitId":"orngcoffees"},"content":"    public Task(String description) {","lastModifiedDate":"2024-02-16"},{"lineNumber":6,"author":{"gitId":"orngcoffees"},"content":"        this.description \u003d description;","lastModifiedDate":"2024-02-16"},{"lineNumber":7,"author":{"gitId":"orngcoffees"},"content":"        this.isDone \u003d false;","lastModifiedDate":"2024-02-16"},{"lineNumber":8,"author":{"gitId":"orngcoffees"},"content":"    }","lastModifiedDate":"2024-02-16"},{"lineNumber":9,"author":{"gitId":"orngcoffees"},"content":"","lastModifiedDate":"2024-02-16"},{"lineNumber":10,"author":{"gitId":"orngcoffees"},"content":"    public String getStatusIcon() {","lastModifiedDate":"2024-02-16"},{"lineNumber":11,"author":{"gitId":"orngcoffees"},"content":"        return (isDone ? \"X\" : \" \"); // mark done task with X","lastModifiedDate":"2024-02-16"},{"lineNumber":12,"author":{"gitId":"orngcoffees"},"content":"    }","lastModifiedDate":"2024-02-16"},{"lineNumber":13,"author":{"gitId":"orngcoffees"},"content":"","lastModifiedDate":"2024-02-16"},{"lineNumber":14,"author":{"gitId":"orngcoffees"},"content":"    public void markDone(){","lastModifiedDate":"2024-02-16"},{"lineNumber":15,"author":{"gitId":"orngcoffees"},"content":"        this.isDone\u003dtrue;","lastModifiedDate":"2024-02-16"},{"lineNumber":16,"author":{"gitId":"orngcoffees"},"content":"    }","lastModifiedDate":"2024-02-16"},{"lineNumber":17,"author":{"gitId":"orngcoffees"},"content":"","lastModifiedDate":"2024-02-16"},{"lineNumber":18,"author":{"gitId":"orngcoffees"},"content":"    public void unmarkDone(){","lastModifiedDate":"2024-02-16"},{"lineNumber":19,"author":{"gitId":"orngcoffees"},"content":"        this.isDone\u003dfalse;","lastModifiedDate":"2024-02-16"},{"lineNumber":20,"author":{"gitId":"orngcoffees"},"content":"    }","lastModifiedDate":"2024-02-16"},{"lineNumber":21,"author":{"gitId":"orngcoffees"},"content":"    ","lastModifiedDate":"2024-02-19"},{"lineNumber":22,"author":{"gitId":"orngcoffees"},"content":"    public String toString() {","lastModifiedDate":"2024-02-19"},{"lineNumber":23,"author":{"gitId":"orngcoffees"},"content":"        return (\"[\"+ getStatusIcon() +\"]\" + description);","lastModifiedDate":"2024-02-19"},{"lineNumber":24,"author":{"gitId":"orngcoffees"},"content":"    }","lastModifiedDate":"2024-02-19"},{"lineNumber":25,"author":{"gitId":"orngcoffees"},"content":"}","lastModifiedDate":"2024-02-16"}],"authorContributionMap":{"orngcoffees":25}},{"path":"src/main/java/Todo.java","fileType":"java","lines":[{"lineNumber":1,"author":{"gitId":"orngcoffees"},"content":"public class Todo extends Task {","lastModifiedDate":"2024-02-19"},{"lineNumber":2,"author":{"gitId":"orngcoffees"},"content":"","lastModifiedDate":"2024-02-19"},{"lineNumber":3,"author":{"gitId":"orngcoffees"},"content":"    protected String by;","lastModifiedDate":"2024-02-19"},{"lineNumber":4,"author":{"gitId":"orngcoffees"},"content":"","lastModifiedDate":"2024-02-19"},{"lineNumber":5,"author":{"gitId":"orngcoffees"},"content":"    public Todo(String description) {","lastModifiedDate":"2024-02-19"},{"lineNumber":6,"author":{"gitId":"orngcoffees"},"content":"        super(description);","lastModifiedDate":"2024-02-19"},{"lineNumber":7,"author":{"gitId":"orngcoffees"},"content":"    }","lastModifiedDate":"2024-02-19"},{"lineNumber":8,"author":{"gitId":"orngcoffees"},"content":"","lastModifiedDate":"2024-02-19"},{"lineNumber":9,"author":{"gitId":"orngcoffees"},"content":"    @Override","lastModifiedDate":"2024-02-19"},{"lineNumber":10,"author":{"gitId":"orngcoffees"},"content":"    public String toString() {","lastModifiedDate":"2024-02-19"},{"lineNumber":11,"author":{"gitId":"orngcoffees"},"content":"        return \"[T]\" + super.toString();","lastModifiedDate":"2024-02-19"},{"lineNumber":12,"author":{"gitId":"orngcoffees"},"content":"    }","lastModifiedDate":"2024-02-19"},{"lineNumber":13,"author":{"gitId":"orngcoffees"},"content":"}","lastModifiedDate":"2024-02-19"}],"authorContributionMap":{"orngcoffees":13}}]
