{"authorDailyContributionsMap":{"orngcoffees":[{"date":"2024-02-14","commitResults":[{"hash":"0f67dd604ced2a78b95457ce64bd77f9e76abf5e","isMergeCommit":false,"messageTitle":"Level-0, Level-1, Level-2","messageBody":"","tags":["v1.0"],"fileTypesAndContributionMap":{"java":{"insertions":33,"deletions":0}}}]},{"date":"2024-02-16","commitResults":[{"hash":"7908779cbd03e71548c504a2d0fe051a94fcc693","isMergeCommit":false,"messageTitle":"Implemented Level-3","messageBody":"","tags":["v1.1"],"fileTypesAndContributionMap":{"java":{"insertions":51,"deletions":10}}}]},{"date":"2024-02-19","commitResults":[{"hash":"5d6f5a3f0e349113ed1cc2a9350841e4cc0d2f74","isMergeCommit":false,"messageTitle":"Implemented Level-4","messageBody":"","tags":["v1.2"],"fileTypesAndContributionMap":{"java":{"insertions":98,"deletions":12}}}]}]},"authorFileTypeContributionMap":{"orngcoffees":{"java":158,"md":0,"fxml":0,"sh":0,"bat":0,"gradle":0,"txt":0}},"authorContributionVariance":{"orngcoffees":437.61115},"authorDisplayNameMap":{"orngcoffees":"YAP ..M YI"}}
