{"authorDailyContributionsMap":{"orngcoffees":[{"date":"2024-02-14","commitResults":[{"hash":"0f67dd604ced2a78b95457ce64bd77f9e76abf5e","isMergeCommit":false,"messageTitle":"Level-0, Level-1, Level-2","messageBody":"","tags":["v1.0","Level-2"],"fileTypesAndContributionMap":{"java":{"insertions":33,"deletions":0}}}]},{"date":"2024-02-16","commitResults":[{"hash":"7908779cbd03e71548c504a2d0fe051a94fcc693","isMergeCommit":false,"messageTitle":"Implemented Level-3","messageBody":"","tags":["v1.1","Level-3"],"fileTypesAndContributionMap":{"java":{"insertions":51,"deletions":10}}}]},{"date":"2024-02-19","commitResults":[{"hash":"5d6f5a3f0e349113ed1cc2a9350841e4cc0d2f74","isMergeCommit":false,"messageTitle":"Implemented Level-4","messageBody":"","tags":["v1.2","Level-4"],"fileTypesAndContributionMap":{"java":{"insertions":98,"deletions":12}}}]},{"date":"2024-03-18","commitResults":[{"hash":"e1faae4ab589b7ade64e52430f6f93f2a8bc2995","isMergeCommit":false,"messageTitle":"Implemented Level-5 - Minimal error handling","messageBody":"","tags":["v1.3","Level-5"],"fileTypesAndContributionMap":{"java":{"insertions":6,"deletions":1}}}]},{"date":"2024-04-14","commitResults":[{"hash":"12d8aad2a5f58b58aac543391fe0f167b722fb17","isMergeCommit":false,"messageTitle":"Implemented Level-6 - Delete","messageBody":"","tags":["v1.4","Level-6"],"fileTypesAndContributionMap":{"java":{"insertions":12,"deletions":0}}},{"hash":"aa479ea3cb6f1fa49e314c59db966134a7b4e951","isMergeCommit":false,"messageTitle":"Implemented Level-7","messageBody":"","tags":["v1.5","Level-7"],"fileTypesAndContributionMap":{"txt":{"insertions":4,"deletions":0},"java":{"insertions":64,"deletions":2}}}]},{"date":"2024-04-16","commitResults":[{"hash":"e0c6123f29f87e858707fa23e3a85808e07e8498","isMergeCommit":false,"messageTitle":"Implemented A-MoreOOB and A-Packages","messageBody":"","tags":["v2.0"],"fileTypesAndContributionMap":{"txt":{"insertions":4,"deletions":0},"java":{"insertions":700,"deletions":125}}}]}]},"authorFileTypeContributionMap":{"orngcoffees":{"java":820,"md":0,"fxml":0,"sh":0,"bat":0,"gradle":0,"txt":8}},"authorContributionVariance":{"orngcoffees":7498.7915},"authorDisplayNameMap":{"orngcoffees":"YAP ..M YI"}}
